marka,model,raw_real_count,train_real_count,unique_year_count,min_year,max_year,min_km,median_km,max_km,min_price,median_price,max_price,price_cv,price_age_corr,current_hp_support,current_hp_source,current_hp_method,source_distribution,arabam_count,kaggle_count,in_ui_catalog,synthetic_candidate,priority,recommended_synthetic_count,reason,synthetic_safe,safety_reason,interpolation_year_range,interpolation_km_range,interpolation_price_range,exclude,second_wave_score,risk_notes,proposed_synthetic_count,current_scrape_ratio
Dodge,Ram,5,4,3,2004.0,2025.0,0.0,23250.5,225000.0,2850000.0,6375000.0,7850000.0,0.3312,-0.9876,4,brand_model,theil_sen,arabam=5,5,0,True,True,CRITICAL,8,"train support 4 (3-7 bandi, +20); synthetic_safe=true (+15); 3 farkli yil (+10); 5 guncel arabam- kayit (+15); premium/high-value (medyan 6,375,000 >= 2,393,000) (+10); dusuk hp_support/zayif fallback (4, brand_model) (+10); interpolasyon araligi (yil+km) yeterli genislikte (+10); fiyat davranisi tutarli (yasla aciklanan varyans veya dusuk cv) (+10)",True,,2004-2025,"0-225,000","2,850,000-7,850,000",False,100,yok,6,1.0
Rolls-Royce,Wraith,6,6,3,2014.0,2016.0,15000.0,48000.0,87600.0,26400000.0,27750000.0,31900000.0,0.0757,-0.0275,6,brand_model,theil_sen,"arabam=2, kaggle=4",2,4,True,True,CRITICAL,9,"train support 6 (3-7 bandi, +20); synthetic_safe=true (+15); 3 farkli yil (+10); 2 guncel arabam- kayit (+15); premium/high-value (medyan 27,750,000 >= 2,393,000) (+10); dusuk hp_support/zayif fallback (6, brand_model) (+10); interpolasyon araligi (yil+km) yeterli genislikte (+10); fiyat davranisi tutarli (yasla aciklanan varyans veya dusuk cv) (+10)",True,,2014-2016,"15,000-87,600","26,400,000-31,900,000",False,100,yok,6,0.3333333333333333
Lexus,LS,5,5,4,2015.0,2022.0,23665.0,75000.0,184000.0,5675000.0,8450000.0,9950000.0,0.2263,-0.907,5,brand_model,theil_sen,"arabam=2, kaggle=3",2,3,True,True,CRITICAL,10,"train support 5 (3-7 bandi, +20); synthetic_safe=true (+15); 4 farkli yil (+10); 2 guncel arabam- kayit (+15); premium/high-value (medyan 8,450,000 >= 2,393,000) (+10); dusuk hp_support/zayif fallback (5, brand_model) (+10); interpolasyon araligi (yil+km) yeterli genislikte (+10); fiyat davranisi tutarli (yasla aciklanan varyans veya dusuk cv) (+10)",True,,2015-2022,"23,665-184,000","5,675,000-9,950,000",False,100,yok,6,0.4
Aston Martin,Vantage,7,6,4,2007.0,2015.0,22000.0,41050.0,108000.0,4650000.0,5770000.0,8450000.0,0.2275,-0.6539,6,brand_model,theil_sen,"arabam=2, kaggle=5",2,5,True,True,CRITICAL,9,"train support 6 (3-7 bandi, +20); synthetic_safe=true (+15); 4 farkli yil (+10); 2 guncel arabam- kayit (+15); premium/high-value (medyan 5,770,000 >= 2,393,000) (+10); dusuk hp_support/zayif fallback (6, brand_model) (+10); interpolasyon araligi (yil+km) yeterli genislikte (+10); fiyat davranisi tutarli (yasla aciklanan varyans veya dusuk cv) (+10)",True,,2007-2015,"22,000-108,000","4,650,000-8,450,000",False,100,yok,6,0.2857142857142857
Bentley,Flying Spur,7,7,4,2013.0,2022.0,37692.0,74350.0,125000.0,10500000.0,14500000.0,35000000.0,0.4846,-0.966,7,brand_model,theil_sen,"arabam=4, kaggle=3",4,3,True,True,CRITICAL,10,"train support 7 (3-7 bandi, +20); synthetic_safe=true (+15); 4 farkli yil (+10); 4 guncel arabam- kayit (+15); premium/high-value (medyan 14,500,000 >= 2,393,000) (+10); dusuk hp_support/zayif fallback (7, brand_model) (+10); interpolasyon araligi (yil+km) yeterli genislikte (+10); fiyat davranisi tutarli (yasla aciklanan varyans veya dusuk cv) (+10)",True,,2013-2022,"37,692-125,000","10,500,000-35,000,000",False,100,yok,6,0.5714285714285714
Lexus,ES,7,7,3,2019.0,2023.0,24000.0,83337.0,162000.0,2450000.0,3925000.0,5250000.0,0.2385,-0.7933,7,brand_model,theil_sen,"arabam=2, kaggle=5",2,5,True,True,CRITICAL,10,"train support 7 (3-7 bandi, +20); synthetic_safe=true (+15); 3 farkli yil (+10); 2 guncel arabam- kayit (+15); premium/high-value (medyan 3,925,000 >= 2,393,000) (+10); dusuk hp_support/zayif fallback (7, brand_model) (+10); interpolasyon araligi (yil+km) yeterli genislikte (+10); fiyat davranisi tutarli (yasla aciklanan varyans veya dusuk cv) (+10)",True,,2019-2023,"24,000-162,000","2,450,000-5,250,000",False,100,yok,6,0.2857142857142857
Mercedes - Benz,Maybach S,25,6,4,2015.0,2019.0,102000.0,131500.0,240869.0,7950000.0,10600000.0,11900000.0,0.1413,-0.9062,6,brand_model,theil_sen,"arabam=16, kaggle=9",16,9,True,True,HIGH,5,"train support 6 (3-7 bandi, +20); synthetic_safe=true (+15); 4 farkli yil (+10); 16 guncel arabam- kayit (+15); premium/high-value (medyan 10,600,000 >= 2,393,000) (+10); dusuk hp_support/zayif fallback (6, brand_model) (+10); interpolasyon araligi (yil+km) yeterli genislikte (+10); fiyat davranisi tutarli (yasla aciklanan varyans veya dusuk cv) (+10)",True,,2015-2019,"102,000-240,869","7,950,000-11,900,000",False,100,yok,6,0.64
Mercedes - Benz,V Serisi,18,9,6,2015.0,2024.0,19660.0,75000.0,275000.0,3150000.0,5850000.0,8750000.0,0.3612,-0.4058,9,brand_model,theil_sen,arabam=18,18,0,True,True,HIGH,7,"train support 9 (8-12 bandi, +12); synthetic_safe=true (+15); 6 farkli yil (+10); 18 guncel arabam- kayit (+15); premium/high-value (medyan 5,850,000 >= 2,393,000) (+10); dusuk hp_support/zayif fallback (9, brand_model) (+10); interpolasyon araligi (yil+km) yeterli genislikte (+10); fiyat davranisi tutarli (yasla aciklanan varyans veya dusuk cv) (+10)",True,,2015-2024,"19,660-275,000","3,150,000-8,750,000",False,92,yok,5,1.0
Audi,RS,35,9,4,2001.0,2016.0,99000.0,130000.0,238000.0,2400000.0,6395000.0,7999000.0,0.3355,-0.4057,9,brand_model,theil_sen,"arabam=21, kaggle=14",21,14,True,True,HIGH,7,"train support 9 (8-12 bandi, +12); synthetic_safe=true (+15); 4 farkli yil (+10); 21 guncel arabam- kayit (+15); premium/high-value (medyan 6,395,000 >= 2,393,000) (+10); dusuk hp_support/zayif fallback (9, brand_model) (+10); interpolasyon araligi (yil+km) yeterli genislikte (+10); fiyat davranisi tutarli (yasla aciklanan varyans veya dusuk cv) (+10)",True,,2001-2016,"99,000-238,000","2,400,000-7,999,000",False,92,yok,5,0.6
DS Automobiles,DS 3 Crossback,4,4,4,2018.0,2021.0,80000.0,136000.0,169000.0,1385000.0,1781200.0,2165000.0,0.1555,-0.6342,4,brand_model,theil_sen,arabam=4,4,0,True,True,CRITICAL,8,"train support 4 (3-7 bandi, +20); synthetic_safe=true (+15); 4 farkli yil (+10); 4 guncel arabam- kayit (+15); dusuk hp_support/zayif fallback (4, brand_model) (+10); interpolasyon araligi (yil+km) yeterli genislikte (+10); fiyat davranisi tutarli (yasla aciklanan varyans veya dusuk cv) (+10)",True,,2018-2021,"80,000-169,000","1,385,000-2,165,000",False,90,yok,6,1.0
Lamborghini,Gallardo,3,3,2,2008.0,2012.0,29000.0,71450.0,97000.0,13250000.0,15950000.0,18750000.0,0.1405,-0.8851,3,brand_model,theil_sen,"arabam=2, kaggle=1",2,1,True,True,CRITICAL,9,"train support 3 (3-7 bandi, +20); synthetic_safe=true (+15); 2 guncel arabam- kayit (+15); premium/high-value (medyan 15,950,000 >= 2,393,000) (+10); dusuk hp_support/zayif fallback (3, brand_model) (+10); interpolasyon araligi (yil+km) yeterli genislikte (+10); fiyat davranisi tutarli (yasla aciklanan varyans veya dusuk cv) (+10)",True,,2008-2012,"29,000-97,000","13,250,000-18,750,000",False,90,yok,6,0.6666666666666666
Renault,Twizy,4,4,4,2013.0,2018.0,12000.0,27415.5,43000.0,365000.0,377450.0,480000.0,0.1183,0.3258,4,brand_model,theil_sen,"arabam=2, kaggle=2",2,2,True,True,CRITICAL,8,"train support 4 (3-7 bandi, +20); synthetic_safe=true (+15); 4 farkli yil (+10); 2 guncel arabam- kayit (+15); dusuk hp_support/zayif fallback (4, brand_model) (+10); interpolasyon araligi (yil+km) yeterli genislikte (+10); fiyat davranisi tutarli (yasla aciklanan varyans veya dusuk cv) (+10)",True,,2013-2018,"12,000-43,000","365,000-480,000",False,90,yok,6,0.5
Subaru,BRZ,4,4,3,2012.0,2016.0,64900.0,105000.0,128000.0,1297500.0,1899500.0,2950000.0,0.3204,0.3647,4,brand_model,theil_sen,"arabam=2, kaggle=2",2,2,True,True,CRITICAL,8,"train support 4 (3-7 bandi, +20); synthetic_safe=true (+15); 3 farkli yil (+10); 2 guncel arabam- kayit (+15); dusuk hp_support/zayif fallback (4, brand_model) (+10); interpolasyon araligi (yil+km) yeterli genislikte (+10); fiyat davranisi tutarli (yasla aciklanan varyans veya dusuk cv) (+10)",True,,2012-2016,"64,900-128,000","1,297,500-2,950,000",False,90,yok,6,0.5
Mercedes - Benz,560,3,3,3,1987.0,1989.0,153765.0,175400.0,230000.0,3500000.0,3695000.0,3950000.0,0.0496,0.4475,3,brand_model,theil_sen,"arabam=2, kaggle=1",2,1,True,True,CRITICAL,5,"train support 3 (3-7 bandi, +20); synthetic_safe=true (+15); 3 farkli yil (+10); 2 guncel arabam- kayit (+15); premium/high-value (medyan 3,695,000 >= 2,393,000) (+10); dusuk hp_support/zayif fallback (3, brand_model) (+10); interpolasyon araligi (yil+km) yeterli genislikte (+10); fiyat davranisi tutarli (yasla aciklanan varyans veya dusuk cv) (+10)",True,,1987-1989,"153,765-230,000","3,500,000-3,950,000",False,90,"cok eski model (max_year=1989), dusuk ticari onem (-10)",6,0.6666666666666666
Volta,VS2,3,3,3,2024.0,2026.0,0.0,6000.0,6001.0,36500.0,37500.0,38900.0,0.0262,-0.9962,3,brand_model,theil_sen,arabam=3,3,0,True,True,CRITICAL,5,"train support 3 (3-7 bandi, +20); synthetic_safe=true (+15); 3 farkli yil (+10); 3 guncel arabam- kayit (+15); dusuk hp_support/zayif fallback (3, brand_model) (+10); interpolasyon araligi (yil+km) yeterli genislikte (+10); fiyat davranisi tutarli (yasla aciklanan varyans veya dusuk cv) (+10)",True,,2024-2026,"0-6,001","36,500-38,900",False,90,yok,6,1.0
Mazda,MX,12,4,4,1990.0,2018.0,72000.0,104000.0,152000.0,1199000.0,1325000.0,1420000.0,0.0654,0.2857,4,brand_model,theil_sen,"arabam=7, kaggle=5",7,5,True,True,CRITICAL,8,"train support 4 (3-7 bandi, +20); synthetic_safe=true (+15); 4 farkli yil (+10); 7 guncel arabam- kayit (+15); dusuk hp_support/zayif fallback (4, brand_model) (+10); interpolasyon araligi (yil+km) yeterli genislikte (+10); fiyat davranisi tutarli (yasla aciklanan varyans veya dusuk cv) (+10)",True,,1990-2018,"72,000-152,000","1,199,000-1,420,000",False,90,yok,6,0.5833333333333334
Mazda,5,4,4,4,2006.0,2013.0,175000.0,255650.0,275000.0,534750.0,677500.0,750000.0,0.1268,-0.9349,4,brand_model,theil_sen,"arabam=2, kaggle=2",2,2,True,True,CRITICAL,8,"train support 4 (3-7 bandi, +20); synthetic_safe=true (+15); 4 farkli yil (+10); 2 guncel arabam- kayit (+15); dusuk hp_support/zayif fallback (4, brand_model) (+10); interpolasyon araligi (yil+km) yeterli genislikte (+10); fiyat davranisi tutarli (yasla aciklanan varyans veya dusuk cv) (+10)",True,,2006-2013,"175,000-275,000","534,750-750,000",False,90,yok,6,0.5
Volkswagen,Phaeton,3,3,3,2005.0,2009.0,122000.0,177000.0,178000.0,1849000.0,2500000.0,2850000.0,0.1728,-0.0187,3,brand_model,theil_sen,arabam=3,3,0,True,True,CRITICAL,5,"train support 3 (3-7 bandi, +20); synthetic_safe=true (+15); 3 farkli yil (+10); 3 guncel arabam- kayit (+15); premium/high-value (medyan 2,500,000 >= 2,393,000) (+10); dusuk hp_support/zayif fallback (3, brand_model) (+10); interpolasyon araligi (yil+km) yeterli genislikte (+10); fiyat davranisi tutarli (yasla aciklanan varyans veya dusuk cv) (+10)",True,,2005-2009,"122,000-178,000","1,849,000-2,850,000",False,90,"cok eski model (max_year=2009), dusuk ticari onem (-10)",6,1.0
Alfa Romeo,Giulia,7,3,2,2017.0,2020.0,62000.0,93000.0,159000.0,2250000.0,2725000.0,2740000.0,0.0885,-0.9997,3,brand_model,theil_sen,"arabam=2, kaggle=5",2,5,True,True,CRITICAL,9,"train support 3 (3-7 bandi, +20); synthetic_safe=true (+15); 2 guncel arabam- kayit (+15); premium/high-value (medyan 2,725,000 >= 2,393,000) (+10); dusuk hp_support/zayif fallback (3, brand_model) (+10); interpolasyon araligi (yil+km) yeterli genislikte (+10); fiyat davranisi tutarli (yasla aciklanan varyans veya dusuk cv) (+10)",True,,2017-2020,"62,000-159,000","2,250,000-2,740,000",False,90,yok,6,0.2857142857142857
MG,EHS,5,5,3,2021.0,2024.0,30405.0,63000.0,100800.0,1660000.0,1850000.0,2258750.0,0.1139,-0.9313,5,brand_model,theil_sen,arabam=5,5,0,True,True,CRITICAL,10,"train support 5 (3-7 bandi, +20); synthetic_safe=true (+15); 3 farkli yil (+10); 5 guncel arabam- kayit (+15); dusuk hp_support/zayif fallback (5, brand_model) (+10); interpolasyon araligi (yil+km) yeterli genislikte (+10); fiyat davranisi tutarli (yasla aciklanan varyans veya dusuk cv) (+10)",True,,2021-2024,"30,405-100,800","1,660,000-2,258,750",False,90,yok,6,1.0
Mazda,BT50,6,6,3,2009.0,2011.0,231000.0,389500.0,485000.0,340000.0,560000.0,725000.0,0.2279,-0.8925,6,brand_model,theil_sen,arabam=6,6,0,True,True,CRITICAL,9,"train support 6 (3-7 bandi, +20); synthetic_safe=true (+15); 3 farkli yil (+10); 6 guncel arabam- kayit (+15); dusuk hp_support/zayif fallback (6, brand_model) (+10); interpolasyon araligi (yil+km) yeterli genislikte (+10); fiyat davranisi tutarli (yasla aciklanan varyans veya dusuk cv) (+10)",True,,2009-2011,"231,000-485,000","340,000-725,000",False,90,yok,6,1.0
Regal Raptor,K5 Long,7,7,5,2022.0,2026.0,0.0,6000.0,6001.0,130000.0,187750.0,235000.0,0.1995,-0.6017,7,brand_model,theil_sen,"arabam=4, kaggle=3",4,3,True,True,HIGH,6,"train support 7 (3-7 bandi, +20); synthetic_safe=true (+15); 5 farkli yil (+10); 4 guncel arabam- kayit (+15); dusuk hp_support/zayif fallback (7, brand_model) (+10); interpolasyon araligi (yil+km) yeterli genislikte (+10); fiyat davranisi tutarli (yasla aciklanan varyans veya dusuk cv) (+10)",True,,2022-2026,"0-6,001","130,000-235,000",False,90,yok,6,0.5714285714285714
Iveco - Otoyol,35,8,7,5,2016.0,2024.0,15000.0,89000.0,223000.0,775000.0,1450000.0,1525000.0,0.2289,-0.8925,7,brand_model,theil_sen,arabam=8,8,0,True,True,CRITICAL,10,"train support 7 (3-7 bandi, +20); synthetic_safe=true (+15); 5 farkli yil (+10); 8 guncel arabam- kayit (+15); dusuk hp_support/zayif fallback (7, brand_model) (+10); interpolasyon araligi (yil+km) yeterli genislikte (+10); fiyat davranisi tutarli (yasla aciklanan varyans veya dusuk cv) (+10)",True,,2016-2024,"15,000-223,000","775,000-1,525,000",False,90,yok,6,1.0
Regal Raptor,K4,5,5,3,2023.0,2026.0,0.0,6000.0,6001.0,135000.0,150000.0,163000.0,0.0767,-0.8935,5,brand_model,theil_sen,"arabam=4, kaggle=1",4,1,True,True,CRITICAL,6,"train support 5 (3-7 bandi, +20); synthetic_safe=true (+15); 3 farkli yil (+10); 4 guncel arabam- kayit (+15); dusuk hp_support/zayif fallback (5, brand_model) (+10); interpolasyon araligi (yil+km) yeterli genislikte (+10); fiyat davranisi tutarli (yasla aciklanan varyans veya dusuk cv) (+10)",True,,2023-2026,"0-6,001","135,000-163,000",False,90,yok,6,0.8
Ssangyong,Musso,5,5,3,1997.0,2025.0,6001.0,292000.0,420000.0,12345.0,390000.0,2349000.0,0.9803,-0.7924,5,brand_model,theil_sen,arabam=5,5,0,True,True,CRITICAL,10,"train support 5 (3-7 bandi, +20); synthetic_safe=true (+15); 3 farkli yil (+10); 5 guncel arabam- kayit (+15); dusuk hp_support/zayif fallback (5, brand_model) (+10); interpolasyon araligi (yil+km) yeterli genislikte (+10); fiyat davranisi tutarli (yasla aciklanan varyans veya dusuk cv) (+10)",True,,1997-2025,"6,001-420,000","12,345-2,349,000",False,90,yok,6,1.0
Volvo,V60 Cross Country,6,6,2,2020.0,2024.0,34000.0,108000.0,146161.0,2200000.0,2912500.0,3599000.0,0.1778,-0.6058,6,brand_model,theil_sen,"arabam=3, kaggle=3",3,3,True,True,CRITICAL,9,"train support 6 (3-7 bandi, +20); synthetic_safe=true (+15); 3 guncel arabam- kayit (+15); premium/high-value (medyan 2,912,500 >= 2,393,000) (+10); dusuk hp_support/zayif fallback (6, brand_model) (+10); interpolasyon araligi (yil+km) yeterli genislikte (+10); fiyat davranisi tutarli (yasla aciklanan varyans veya dusuk cv) (+10)",True,,2020-2024,"34,000-146,161","2,200,000-3,599,000",False,90,yok,6,0.5
Opel,Adam,6,6,3,2013.0,2017.0,59000.0,137500.0,187000.0,559000.0,686260.0,959500.0,0.2111,-0.9703,6,brand_model,theil_sen,"arabam=4, kaggle=2",4,2,True,True,CRITICAL,9,"train support 6 (3-7 bandi, +20); synthetic_safe=true (+15); 3 farkli yil (+10); 4 guncel arabam- kayit (+15); dusuk hp_support/zayif fallback (6, brand_model) (+10); interpolasyon araligi (yil+km) yeterli genislikte (+10); fiyat davranisi tutarli (yasla aciklanan varyans veya dusuk cv) (+10)",True,,2013-2017,"59,000-187,000","559,000-959,500",False,90,yok,6,0.6666666666666666
Dodge,Journey,5,5,3,2009.0,2011.0,261000.0,285134.0,300000.0,580000.0,780000.0,1550000.0,0.3755,-0.2316,5,brand_model,theil_sen,arabam=5,5,0,True,True,CRITICAL,10,"train support 5 (3-7 bandi, +20); synthetic_safe=true (+15); 3 farkli yil (+10); 5 guncel arabam- kayit (+15); dusuk hp_support/zayif fallback (5, brand_model) (+10); interpolasyon araligi (yil+km) yeterli genislikte (+10); fiyat davranisi tutarli (yasla aciklanan varyans veya dusuk cv) (+10)",True,,2009-2011,"261,000-300,000","580,000-1,550,000",False,90,yok,6,1.0
Yuki,Hector,4,4,3,2023.0,2026.0,0.0,3025.0,9000.0,295000.0,422500.0,498780.0,0.1811,-0.9733,4,brand_model,theil_sen,arabam=4,4,0,True,True,CRITICAL,8,"train support 4 (3-7 bandi, +20); synthetic_safe=true (+15); 3 farkli yil (+10); 4 guncel arabam- kayit (+15); dusuk hp_support/zayif fallback (4, brand_model) (+10); interpolasyon araligi (yil+km) yeterli genislikte (+10); fiyat davranisi tutarli (yasla aciklanan varyans veya dusuk cv) (+10)",True,,2023-2026,"0-9,000","295,000-498,780",False,90,yok,6,1.0
Volvo,XC70,4,4,4,2001.0,2011.0,275000.0,368750.0,403000.0,400000.0,852500.0,1365000.0,0.4269,-0.995,4,brand_model,theil_sen,arabam=4,4,0,True,True,CRITICAL,8,"train support 4 (3-7 bandi, +20); synthetic_safe=true (+15); 4 farkli yil (+10); 4 guncel arabam- kayit (+15); dusuk hp_support/zayif fallback (4, brand_model) (+10); interpolasyon araligi (yil+km) yeterli genislikte (+10); fiyat davranisi tutarli (yasla aciklanan varyans veya dusuk cv) (+10)",True,,2001-2011,"275,000-403,000","400,000-1,365,000",False,90,yok,6,1.0
Kia,Magentis,9,9,3,2003.0,2008.0,199200.0,265000.0,340000.0,200000.0,350000.0,600000.0,0.3062,-0.0014,9,brand_model,theil_sen,"arabam=4, kaggle=5",4,5,True,True,CRITICAL,11,"train support 9 (8-12 bandi, +12); synthetic_safe=true (+15); 3 farkli yil (+10); 4 guncel arabam- kayit (+15); dusuk hp_support/zayif fallback (9, brand_model) (+10); interpolasyon araligi (yil+km) yeterli genislikte (+10); fiyat davranisi tutarli (yasla aciklanan varyans veya dusuk cv) (+10)",True,,2003-2008,"199,200-340,000","200,000-600,000",False,82,yok,5,0.4444444444444444
Yuki,Amy,10,9,4,2022.0,2025.0,6001.0,7000.0,13000.0,215000.0,379000.0,489000.0,0.2043,0.0823,9,brand_model,theil_sen,"arabam=6, kaggle=4",6,4,True,True,CRITICAL,11,"train support 9 (8-12 bandi, +12); synthetic_safe=true (+15); 4 farkli yil (+10); 6 guncel arabam- kayit (+15); dusuk hp_support/zayif fallback (9, brand_model) (+10); interpolasyon araligi (yil+km) yeterli genislikte (+10); fiyat davranisi tutarli (yasla aciklanan varyans veya dusuk cv) (+10)",True,,2022-2025,"6,001-13,000","215,000-489,000",False,82,yok,5,0.6
Volvo,C70,9,9,6,2000.0,2012.0,89118.0,176000.0,225369.0,490000.0,1070000.0,2150000.0,0.414,-0.9828,9,brand_model,theil_sen,"arabam=3, kaggle=6",3,6,True,True,CRITICAL,11,"train support 9 (8-12 bandi, +12); synthetic_safe=true (+15); 6 farkli yil (+10); 3 guncel arabam- kayit (+15); dusuk hp_support/zayif fallback (9, brand_model) (+10); interpolasyon araligi (yil+km) yeterli genislikte (+10); fiyat davranisi tutarli (yasla aciklanan varyans veya dusuk cv) (+10)",True,,2000-2012,"89,118-225,369","490,000-2,150,000",False,82,yok,5,0.3333333333333333
Porsche,Boxster,8,8,7,1997.0,2014.0,68000.0,150599.5,235000.0,1300000.0,2074450.0,5650000.0,0.5079,-0.9046,8,brand_model,theil_sen,"arabam=3, kaggle=5",3,5,True,True,CRITICAL,10,"train support 8 (8-12 bandi, +12); synthetic_safe=true (+15); 7 farkli yil (+10); 3 guncel arabam- kayit (+15); dusuk hp_support/zayif fallback (8, brand_model) (+10); interpolasyon araligi (yil+km) yeterli genislikte (+10); fiyat davranisi tutarli (yasla aciklanan varyans veya dusuk cv) (+10)",True,,1997-2014,"68,000-235,000","1,300,000-5,650,000",False,82,yok,6,0.375
Mazda,CX-5,8,8,4,2012.0,2015.0,162000.0,203000.0,241000.0,885000.0,1145000.0,1550000.0,0.2215,-0.5067,8,brand_model,theil_sen,arabam=8,8,0,True,True,CRITICAL,10,"train support 8 (8-12 bandi, +12); synthetic_safe=true (+15); 4 farkli yil (+10); 8 guncel arabam- kayit (+15); dusuk hp_support/zayif fallback (8, brand_model) (+10); interpolasyon araligi (yil+km) yeterli genislikte (+10); fiyat davranisi tutarli (yasla aciklanan varyans veya dusuk cv) (+10)",True,,2012-2015,"162,000-241,000","885,000-1,550,000",False,82,yok,6,1.0
Ssangyong,Rodius,8,8,5,2008.0,2015.0,164000.0,253000.0,329350.0,628000.0,932500.0,1100000.0,0.204,-0.965,8,brand_model,theil_sen,arabam=8,8,0,True,True,CRITICAL,10,"train support 8 (8-12 bandi, +12); synthetic_safe=true (+15); 5 farkli yil (+10); 8 guncel arabam- kayit (+15); dusuk hp_support/zayif fallback (8, brand_model) (+10); interpolasyon araligi (yil+km) yeterli genislikte (+10); fiyat davranisi tutarli (yasla aciklanan varyans veya dusuk cv) (+10)",True,,2008-2015,"164,000-329,350","628,000-1,100,000",False,82,yok,6,1.0
Audi,TTS,9,9,5,2008.0,2016.0,69000.0,169000.0,248000.0,1199000.0,1555000.0,3845000.0,0.4302,-0.8972,9,brand_model,theil_sen,"arabam=4, kaggle=5",4,5,True,True,CRITICAL,11,"train support 9 (8-12 bandi, +12); synthetic_safe=true (+15); 5 farkli yil (+10); 4 guncel arabam- kayit (+15); dusuk hp_support/zayif fallback (9, brand_model) (+10); interpolasyon araligi (yil+km) yeterli genislikte (+10); fiyat davranisi tutarli (yasla aciklanan varyans veya dusuk cv) (+10)",True,,2008-2016,"69,000-248,000","1,199,000-3,845,000",False,82,yok,5,0.4444444444444444
Ford,Explorer,9,8,6,1997.0,2025.0,33000.0,216000.0,320000.0,430000.0,699875.0,1885000.0,0.5176,-0.8071,8,brand_model,theil_sen,arabam=9,9,0,True,True,CRITICAL,10,"train support 8 (8-12 bandi, +12); synthetic_safe=true (+15); 6 farkli yil (+10); 9 guncel arabam- kayit (+15); dusuk hp_support/zayif fallback (8, brand_model) (+10); interpolasyon araligi (yil+km) yeterli genislikte (+10); fiyat davranisi tutarli (yasla aciklanan varyans veya dusuk cv) (+10)",True,,1997-2025,"33,000-320,000","430,000-1,885,000",False,82,yok,6,1.0
Mazda,RX,10,8,4,2004.0,2011.0,75000.0,106000.0,190000.0,760000.0,875000.0,1550000.0,0.3021,-0.6295,8,brand_model,theil_sen,arabam=10,10,0,True,True,HIGH,6,"train support 8 (8-12 bandi, +12); synthetic_safe=true (+15); 4 farkli yil (+10); 10 guncel arabam- kayit (+15); dusuk hp_support/zayif fallback (8, brand_model) (+10); interpolasyon araligi (yil+km) yeterli genislikte (+10); fiyat davranisi tutarli (yasla aciklanan varyans veya dusuk cv) (+10)",True,,2004-2011,"75,000-190,000","760,000-1,550,000",False,82,yok,6,1.0
Chevrolet,Camaro,31,9,8,1976.0,2012.0,121000.0,180000.0,260000.0,340000.0,2200000.0,2775000.0,0.347,0.1097,9,brand_model,theil_sen,"arabam=15, kaggle=16",15,16,True,True,HIGH,7,"train support 9 (8-12 bandi, +12); synthetic_safe=true (+15); 8 farkli yil (+10); 15 guncel arabam- kayit (+15); dusuk hp_support/zayif fallback (9, brand_model) (+10); interpolasyon araligi (yil+km) yeterli genislikte (+10); fiyat davranisi tutarli (yasla aciklanan varyans veya dusuk cv) (+10)",True,,1976-2012,"121,000-260,000","340,000-2,775,000",False,82,yok,5,0.4838709677419355
Daewoo,Matiz,9,9,4,1999.0,2012.0,134100.0,204000.0,290000.0,110000.0,185000.0,320000.0,0.2977,-0.8337,9,brand_model,theil_sen,"arabam=5, kaggle=4",5,4,True,True,HIGH,7,"train support 9 (8-12 bandi, +12); synthetic_safe=true (+15); 4 farkli yil (+10); 5 guncel arabam- kayit (+15); dusuk hp_support/zayif fallback (9, brand_model) (+10); interpolasyon araligi (yil+km) yeterli genislikte (+10); fiyat davranisi tutarli (yasla aciklanan varyans veya dusuk cv) (+10)",True,,1999-2012,"134,100-290,000","110,000-320,000",False,82,yok,5,0.5555555555555556
Audi,100 Serisi,9,9,6,1981.0,1992.0,128000.0,340000.0,446000.0,157500.0,260000.0,550000.0,0.403,0.133,9,brand_model,theil_sen,"arabam=6, kaggle=3",6,3,True,True,HIGH,7,"train support 9 (8-12 bandi, +12); synthetic_safe=true (+15); 6 farkli yil (+10); 6 guncel arabam- kayit (+15); dusuk hp_support/zayif fallback (9, brand_model) (+10); interpolasyon araligi (yil+km) yeterli genislikte (+10); fiyat davranisi tutarli (yasla aciklanan varyans veya dusuk cv) (+10)",True,,1981-1992,"128,000-446,000","157,500-550,000",False,82,yok,5,0.6666666666666666
Peugeot,405,9,9,5,1991.0,1998.0,98000.0,275000.0,472000.0,95000.0,189577.0,365000.0,0.3864,-0.3822,9,brand_model,theil_sen,"arabam=5, kaggle=4",5,4,True,True,HIGH,7,"train support 9 (8-12 bandi, +12); synthetic_safe=true (+15); 5 farkli yil (+10); 5 guncel arabam- kayit (+15); dusuk hp_support/zayif fallback (9, brand_model) (+10); interpolasyon araligi (yil+km) yeterli genislikte (+10); fiyat davranisi tutarli (yasla aciklanan varyans veya dusuk cv) (+10)",True,,1991-1998,"98,000-472,000","95,000-365,000",False,82,yok,5,0.5555555555555556
Ford,Mustang,27,9,7,1994.0,2007.0,59000.0,111500.0,256000.0,900000.0,1590000.0,2100000.0,0.3079,-0.8882,9,brand_model,theil_sen,"arabam=22, kaggle=5",22,5,True,True,HIGH,7,"train support 9 (8-12 bandi, +12); synthetic_safe=true (+15); 7 farkli yil (+10); 22 guncel arabam- kayit (+15); dusuk hp_support/zayif fallback (9, brand_model) (+10); interpolasyon araligi (yil+km) yeterli genislikte (+10); fiyat davranisi tutarli (yasla aciklanan varyans veya dusuk cv) (+10)",True,,1994-2007,"59,000-256,000","900,000-2,100,000",False,82,yok,5,0.8148148148148148
Ford,Grand C-Max,10,9,4,2011.0,2015.0,155400.0,245000.0,340000.0,570000.0,750000.0,1150000.0,0.215,-0.4926,9,brand_model,theil_sen,"arabam=6, kaggle=4",6,4,True,True,CRITICAL,11,"train support 9 (8-12 bandi, +12); synthetic_safe=true (+15); 4 farkli yil (+10); 6 guncel arabam- kayit (+15); dusuk hp_support/zayif fallback (9, brand_model) (+10); interpolasyon araligi (yil+km) yeterli genislikte (+10); fiyat davranisi tutarli (yasla aciklanan varyans veya dusuk cv) (+10)",True,,2011-2015,"155,400-340,000","570,000-1,150,000",False,82,yok,5,0.6
Leapmotor,T03,10,9,3,2022.0,2024.0,25000.0,51000.0,88000.0,708888.0,979000.0,1095000.0,0.1293,-0.4825,9,brand_model,theil_sen,"arabam=9, kaggle=1",9,1,True,True,CRITICAL,11,"train support 9 (8-12 bandi, +12); synthetic_safe=true (+15); 3 farkli yil (+10); 9 guncel arabam- kayit (+15); dusuk hp_support/zayif fallback (9, brand_model) (+10); interpolasyon araligi (yil+km) yeterli genislikte (+10); fiyat davranisi tutarli (yasla aciklanan varyans veya dusuk cv) (+10)",True,,2022-2024,"25,000-88,000","708,888-1,095,000",False,82,yok,5,0.9
Mercedes - Benz,GLE Coupe,10,10,4,2015.0,2022.0,39180.0,195538.0,360000.0,2550000.0,3827500.0,10450000.0,0.4473,-0.8355,10,brand_model,theil_sen,arabam=10,10,0,True,True,MEDIUM,6,"train support 10 (8-12 bandi, +12); synthetic_safe=true (+15); 4 farkli yil (+10); 10 guncel arabam- kayit (+15); premium/high-value (medyan 3,827,500 >= 2,393,000) (+10); interpolasyon araligi (yil+km) yeterli genislikte (+10); fiyat davranisi tutarli (yasla aciklanan varyans veya dusuk cv) (+10)",True,,2015-2022,"39,180-360,000","2,550,000-10,450,000",False,82,yok,5,1.0
Lexus,RX,10,10,6,2016.0,2023.0,46000.0,75000.0,216500.0,2750000.0,3837475.0,5580000.0,0.2052,-0.7027,10,brand_model,theil_sen,arabam=10,10,0,True,True,MEDIUM,6,"train support 10 (8-12 bandi, +12); synthetic_safe=true (+15); 6 farkli yil (+10); 10 guncel arabam- kayit (+15); premium/high-value (medyan 3,837,475 >= 2,393,000) (+10); interpolasyon araligi (yil+km) yeterli genislikte (+10); fiyat davranisi tutarli (yasla aciklanan varyans veya dusuk cv) (+10)",True,,2016-2023,"46,000-216,500","2,750,000-5,580,000",False,82,yok,5,1.0
Audi,Q8,21,10,3,2018.0,2024.0,35000.0,105500.0,179000.0,7250000.0,7724500.0,8690000.0,0.0725,-0.8362,10,brand_model,theil_sen,arabam=21,21,0,True,True,MEDIUM,6,"train support 10 (8-12 bandi, +12); synthetic_safe=true (+15); 3 farkli yil (+10); 21 guncel arabam- kayit (+15); premium/high-value (medyan 7,724,500 >= 2,393,000) (+10); interpolasyon araligi (yil+km) yeterli genislikte (+10); fiyat davranisi tutarli (yasla aciklanan varyans veya dusuk cv) (+10)",True,,2018-2024,"35,000-179,000","7,250,000-8,690,000",False,82,yok,5,1.0
Mercedes - Benz,CLE,12,12,3,2023.0,2025.0,6001.0,16500.0,44000.0,5600000.0,6710000.0,8500000.0,0.1129,-0.3948,12,brand_model,theil_sen,"arabam=9, kaggle=3",9,3,True,True,HIGH,9,"train support 12 (8-12 bandi, +12); synthetic_safe=true (+15); 3 farkli yil (+10); 9 guncel arabam- kayit (+15); premium/high-value (medyan 6,710,000 >= 2,393,000) (+10); interpolasyon araligi (yil+km) yeterli genislikte (+10); fiyat davranisi tutarli (yasla aciklanan varyans veya dusuk cv) (+10)",True,,2023-2025,"6,001-44,000","5,600,000-8,500,000",False,82,yok,5,0.75
Dodge,Challenger,12,12,6,2012.0,2023.0,17000.0,37000.0,133000.0,4000000.0,7119500.0,9500000.0,0.2432,-0.6987,12,brand_model,theil_sen,"arabam=7, kaggle=5",7,5,True,True,HIGH,9,"train support 12 (8-12 bandi, +12); synthetic_safe=true (+15); 6 farkli yil (+10); 7 guncel arabam- kayit (+15); premium/high-value (medyan 7,119,500 >= 2,393,000) (+10); interpolasyon araligi (yil+km) yeterli genislikte (+10); fiyat davranisi tutarli (yasla aciklanan varyans veya dusuk cv) (+10)",True,,2012-2023,"17,000-133,000","4,000,000-9,500,000",False,82,yok,5,0.5833333333333334
Jaguar,I-Pace,12,12,5,2018.0,2022.0,45000.0,95750.0,179999.0,2000000.0,2522500.0,3550000.0,0.1748,-0.8052,12,brand_model,theil_sen,arabam=12,12,0,True,True,LOW,0,"train support 12 (8-12 bandi, +12); synthetic_safe=true (+15); 5 farkli yil (+10); 12 guncel arabam- kayit (+15); premium/high-value (medyan 2,522,500 >= 2,393,000) (+10); interpolasyon araligi (yil+km) yeterli genislikte (+10); fiyat davranisi tutarli (yasla aciklanan varyans veya dusuk cv) (+10)",True,,2018-2022,"45,000-179,999","2,000,000-3,550,000",False,82,yok,5,1.0
Proton,Waja,9,9,4,2006.0,2009.0,135000.0,303000.0,345000.0,160000.0,260000.0,340000.0,0.1929,-0.4779,9,brand_model,theil_sen,"arabam=3, kaggle=6",3,6,True,True,HIGH,7,"train support 9 (8-12 bandi, +12); synthetic_safe=true (+15); 4 farkli yil (+10); 3 guncel arabam- kayit (+15); dusuk hp_support/zayif fallback (9, brand_model) (+10); interpolasyon araligi (yil+km) yeterli genislikte (+10); fiyat davranisi tutarli (yasla aciklanan varyans veya dusuk cv) (+10)",True,,2006-2009,"135,000-345,000","160,000-340,000",False,82,yok,5,0.3333333333333333
Mercedes - Benz,AMG GT,16,10,6,2016.0,2023.0,25200.0,61500.0,149000.0,8740000.0,12150000.0,13500000.0,0.144,-0.0579,10,brand_model,theil_sen,"arabam=11, kaggle=5",11,5,True,True,MEDIUM,6,"train support 10 (8-12 bandi, +12); synthetic_safe=true (+15); 6 farkli yil (+10); 11 guncel arabam- kayit (+15); premium/high-value (medyan 12,150,000 >= 2,393,000) (+10); interpolasyon araligi (yil+km) yeterli genislikte (+10); fiyat davranisi tutarli (yasla aciklanan varyans veya dusuk cv) (+10)",True,,2016-2023,"25,200-149,000","8,740,000-13,500,000",False,82,yok,5,0.6875
Audi,E-Tron,12,12,5,2019.0,2023.0,33000.0,65000.0,185000.0,2950000.0,3875450.0,5850000.0,0.1939,-0.0367,12,brand_model,theil_sen,arabam=12,12,0,True,True,MEDIUM,5,"train support 12 (8-12 bandi, +12); synthetic_safe=true (+15); 5 farkli yil (+10); 12 guncel arabam- kayit (+15); premium/high-value (medyan 3,875,450 >= 2,393,000) (+10); interpolasyon araligi (yil+km) yeterli genislikte (+10); fiyat davranisi tutarli (yasla aciklanan varyans veya dusuk cv) (+10)",True,,2019-2023,"33,000-185,000","2,950,000-5,850,000",False,82,yok,5,1.0
Volvo,C40,10,10,3,2022.0,2024.0,18500.0,49750.0,82000.0,2325000.0,2557500.0,2915000.0,0.0822,-0.5519,10,brand_model,theil_sen,arabam=10,10,0,True,True,LOW,0,"train support 10 (8-12 bandi, +12); synthetic_safe=true (+15); 3 farkli yil (+10); 10 guncel arabam- kayit (+15); premium/high-value (medyan 2,557,500 >= 2,393,000) (+10); interpolasyon araligi (yil+km) yeterli genislikte (+10); fiyat davranisi tutarli (yasla aciklanan varyans veya dusuk cv) (+10)",True,,2022-2024,"18,500-82,000","2,325,000-2,915,000",False,82,yok,5,1.0
Chevrolet,Blazer,5,5,5,1990.0,2005.0,176000.0,360903.0,513000.0,450008.0,585000.0,945000.0,0.2889,0.7157,5,brand_model,theil_sen,arabam=5,5,0,True,True,CRITICAL,6,"train support 5 (3-7 bandi, +20); synthetic_safe=true (+15); 5 farkli yil (+10); 5 guncel arabam- kayit (+15); dusuk hp_support/zayif fallback (5, brand_model) (+10); interpolasyon araligi (yil+km) yeterli genislikte (+10); fiyat davranisi tutarli (yasla aciklanan varyans veya dusuk cv) (+10)",True,,1990-2005,"176,000-513,000","450,008-945,000",False,80,"cok eski model (max_year=2005), dusuk ticari onem (-10)",6,1.0
Saab,9-5,4,4,4,1998.0,2006.0,274500.0,339750.0,490000.0,300000.0,395000.0,615000.0,0.2715,-0.6026,4,brand_model,theil_sen,arabam=4,4,0,True,True,CRITICAL,4,"train support 4 (3-7 bandi, +20); synthetic_safe=true (+15); 4 farkli yil (+10); 4 guncel arabam- kayit (+15); dusuk hp_support/zayif fallback (4, brand_model) (+10); interpolasyon araligi (yil+km) yeterli genislikte (+10); fiyat davranisi tutarli (yasla aciklanan varyans veya dusuk cv) (+10)",True,,1998-2006,"274,500-490,000","300,000-615,000",False,80,"cok eski model (max_year=2006), dusuk ticari onem (-10)",6,1.0
Citroen,C8,4,4,3,2003.0,2005.0,285000.0,343500.0,372000.0,200000.0,465000.0,490000.0,0.2935,-0.2193,4,brand_model,theil_sen,"arabam=2, kaggle=2",2,2,True,True,CRITICAL,4,"train support 4 (3-7 bandi, +20); synthetic_safe=true (+15); 3 farkli yil (+10); 2 guncel arabam- kayit (+15); dusuk hp_support/zayif fallback (4, brand_model) (+10); interpolasyon araligi (yil+km) yeterli genislikte (+10); fiyat davranisi tutarli (yasla aciklanan varyans veya dusuk cv) (+10)",True,,2003-2005,"285,000-372,000","200,000-490,000",False,80,"cok eski model (max_year=2005), dusuk ticari onem (-10)",6,0.5
Infiniti,Q50,3,3,2,2013.0,2016.0,150000.0,240000.0,290000.0,1325000.0,1399999.0,1950000.0,0.1788,-0.3816,3,brand_model,theil_sen,"arabam=2, kaggle=1",2,1,True,True,CRITICAL,9,"train support 3 (3-7 bandi, +20); synthetic_safe=true (+15); 2 guncel arabam- kayit (+15); dusuk hp_support/zayif fallback (3, brand_model) (+10); interpolasyon araligi (yil+km) yeterli genislikte (+10); fiyat davranisi tutarli (yasla aciklanan varyans veya dusuk cv) (+10)",True,,2013-2016,"150,000-290,000","1,325,000-1,950,000",False,80,yok,6,0.6666666666666666
Rover,820,3,3,3,1995.0,1998.0,225000.0,236000.0,285000.0,220000.0,295000.0,299937.0,0.1346,0.9594,3,brand_model,theil_sen,"arabam=2, kaggle=1",2,1,True,True,CRITICAL,5,"train support 3 (3-7 bandi, +20); synthetic_safe=true (+15); 3 farkli yil (+10); 2 guncel arabam- kayit (+15); dusuk hp_support/zayif fallback (3, brand_model) (+10); interpolasyon araligi (yil+km) yeterli genislikte (+10); fiyat davranisi tutarli (yasla aciklanan varyans veya dusuk cv) (+10)",True,,1995-1998,"225,000-285,000","220,000-299,937",False,80,"cok eski model (max_year=1998), dusuk ticari onem (-10)",6,0.6666666666666666
Jaguar,Sovereign,4,4,3,1988.0,1995.0,145000.0,266000.0,285000.0,585000.0,1375000.0,1650000.0,0.3271,-0.5022,4,brand_model,theil_sen,"arabam=3, kaggle=1",3,1,True,True,CRITICAL,4,"train support 4 (3-7 bandi, +20); synthetic_safe=true (+15); 3 farkli yil (+10); 3 guncel arabam- kayit (+15); dusuk hp_support/zayif fallback (4, brand_model) (+10); interpolasyon araligi (yil+km) yeterli genislikte (+10); fiyat davranisi tutarli (yasla aciklanan varyans veya dusuk cv) (+10)",True,,1988-1995,"145,000-285,000","585,000-1,650,000",False,80,"cok eski model (max_year=1995), dusuk ticari onem (-10)",6,0.75
Chevrolet,Corvette,24,4,3,1991.0,2000.0,99042.0,151750.0,201000.0,670000.0,863500.0,2500000.0,0.6071,0.1977,4,brand_model,theil_sen,"arabam=11, kaggle=13",11,13,True,True,CRITICAL,4,"train support 4 (3-7 bandi, +20); synthetic_safe=true (+15); 3 farkli yil (+10); 11 guncel arabam- kayit (+15); dusuk hp_support/zayif fallback (4, brand_model) (+10); interpolasyon araligi (yil+km) yeterli genislikte (+10)",True,,1991-2000,"99,042-201,000","670,000-2,500,000",False,80,yok,6,0.4583333333333333
Chrysler,Neon,5,5,3,1995.0,2001.0,128506.0,205000.0,270000.0,99500.0,199000.0,485000.0,0.5323,-0.8705,5,brand_model,theil_sen,"arabam=3, kaggle=2",3,2,True,True,CRITICAL,6,"train support 5 (3-7 bandi, +20); synthetic_safe=true (+15); 3 farkli yil (+10); 3 guncel arabam- kayit (+15); dusuk hp_support/zayif fallback (5, brand_model) (+10); interpolasyon araligi (yil+km) yeterli genislikte (+10); fiyat davranisi tutarli (yasla aciklanan varyans veya dusuk cv) (+10)",True,,1995-2001,"128,506-270,000","99,500-485,000",False,80,"cok eski model (max_year=2001), dusuk ticari onem (-10)",6,0.6
Buick,Regal,3,3,3,1990.0,1993.0,95000.0,115000.0,130000.0,590000.0,900000.0,950000.0,0.1958,-0.684,3,brand_model,theil_sen,"arabam=2, kaggle=1",2,1,True,True,CRITICAL,5,"train support 3 (3-7 bandi, +20); synthetic_safe=true (+15); 3 farkli yil (+10); 2 guncel arabam- kayit (+15); dusuk hp_support/zayif fallback (3, brand_model) (+10); interpolasyon araligi (yil+km) yeterli genislikte (+10); fiyat davranisi tutarli (yasla aciklanan varyans veya dusuk cv) (+10)",True,,1990-1993,"95,000-130,000","590,000-950,000",False,80,"cok eski model (max_year=1993), dusuk ticari onem (-10)",6,0.6666666666666666
Honda,Legend,3,3,3,1988.0,2007.0,156000.0,250000.0,411000.0,456000.0,950000.0,1500000.0,0.4402,0.3519,3,brand_model,theil_sen,"arabam=1, kaggle=2",1,2,True,True,CRITICAL,5,"train support 3 (3-7 bandi, +20); synthetic_safe=true (+15); 3 farkli yil (+10); 1 guncel arabam- kayit (+15); dusuk hp_support/zayif fallback (3, brand_model) (+10); interpolasyon araligi (yil+km) yeterli genislikte (+10); fiyat davranisi tutarli (yasla aciklanan varyans veya dusuk cv) (+10)",True,,1988-2007,"156,000-411,000","456,000-1,500,000",False,80,"cok eski model (max_year=2007), dusuk ticari onem (-10)",6,0.3333333333333333
Cadillac,Seville,3,3,3,1992.0,2001.0,79000.0,100000.0,287000.0,849750.0,2100000.0,3750000.0,0.5319,-0.5547,3,brand_model,theil_sen,"arabam=1, kaggle=2",1,2,True,True,CRITICAL,5,"train support 3 (3-7 bandi, +20); synthetic_safe=true (+15); 3 farkli yil (+10); 1 guncel arabam- kayit (+15); dusuk hp_support/zayif fallback (3, brand_model) (+10); interpolasyon araligi (yil+km) yeterli genislikte (+10); fiyat davranisi tutarli (yasla aciklanan varyans veya dusuk cv) (+10)",True,,1992-2001,"79,000-287,000","849,750-3,750,000",False,80,"cok eski model (max_year=2001), dusuk ticari onem (-10)",6,0.3333333333333333
Chrysler,PT Cruiser,7,7,4,2001.0,2005.0,49000.0,210000.0,268000.0,425000.0,780000.0,1089000.0,0.3216,-0.5849,7,brand_model,theil_sen,"arabam=3, kaggle=4",3,4,True,True,CRITICAL,10,"train support 7 (3-7 bandi, +20); synthetic_safe=true (+15); 4 farkli yil (+10); 3 guncel arabam- kayit (+15); dusuk hp_support/zayif fallback (7, brand_model) (+10); interpolasyon araligi (yil+km) yeterli genislikte (+10); fiyat davranisi tutarli (yasla aciklanan varyans veya dusuk cv) (+10)",True,,2001-2005,"49,000-268,000","425,000-1,089,000",False,80,"cok eski model (max_year=2005), dusuk ticari onem (-10)",6,0.42857142857142855
Fiat,126 Bis,6,6,4,1978.0,1995.0,6000.0,139000.0,219000.0,95000.0,134950.0,165000.0,0.1808,-0.812,6,brand_model,theil_sen,"arabam=5, kaggle=1",5,1,True,True,HIGH,5,"train support 6 (3-7 bandi, +20); synthetic_safe=true (+15); 4 farkli yil (+10); 5 guncel arabam- kayit (+15); dusuk hp_support/zayif fallback (6, brand_model) (+10); interpolasyon araligi (yil+km) yeterli genislikte (+10); fiyat davranisi tutarli (yasla aciklanan varyans veya dusuk cv) (+10)",True,,1978-1995,"6,000-219,000","95,000-165,000",False,80,"cok eski model (max_year=1995), dusuk ticari onem (-10)",6,0.8333333333333334
Rover,420,6,6,3,1997.0,1999.0,240000.0,325500.0,395000.0,165000.0,197000.0,240000.0,0.126,-0.0488,6,brand_model,theil_sen,"arabam=2, kaggle=4",2,4,True,True,HIGH,5,"train support 6 (3-7 bandi, +20); synthetic_safe=true (+15); 3 farkli yil (+10); 2 guncel arabam- kayit (+15); dusuk hp_support/zayif fallback (6, brand_model) (+10); interpolasyon araligi (yil+km) yeterli genislikte (+10); fiyat davranisi tutarli (yasla aciklanan varyans veya dusuk cv) (+10)",True,,1997-1999,"240,000-395,000","165,000-240,000",False,80,"cok eski model (max_year=1999), dusuk ticari onem (-10)",6,0.3333333333333333
Rover,75,9,7,2,2000.0,2002.0,187000.0,289000.0,342000.0,375000.0,485000.0,627000.0,0.1592,-0.2896,7,brand_model,theil_sen,"arabam=4, kaggle=5",4,5,True,True,CRITICAL,10,"train support 7 (3-7 bandi, +20); synthetic_safe=true (+15); 4 guncel arabam- kayit (+15); dusuk hp_support/zayif fallback (7, brand_model) (+10); interpolasyon araligi (yil+km) yeterli genislikte (+10); fiyat davranisi tutarli (yasla aciklanan varyans veya dusuk cv) (+10)",True,,2000-2002,"187,000-342,000","375,000-627,000",False,80,yok,6,0.4444444444444444
Subaru,Justy,5,5,4,1990.0,1993.0,7000.0,175000.0,410000.0,105000.0,150000.0,190000.0,0.185,-0.1073,5,brand_model,theil_sen,"arabam=2, kaggle=3",2,3,True,True,CRITICAL,6,"train support 5 (3-7 bandi, +20); synthetic_safe=true (+15); 4 farkli yil (+10); 2 guncel arabam- kayit (+15); dusuk hp_support/zayif fallback (5, brand_model) (+10); interpolasyon araligi (yil+km) yeterli genislikte (+10); fiyat davranisi tutarli (yasla aciklanan varyans veya dusuk cv) (+10)",True,,1990-1993,"7,000-410,000","105,000-190,000",False,80,"cok eski model (max_year=1993), dusuk ticari onem (-10)",6,0.4
Mercedes - Benz,R,7,7,3,2006.0,2008.0,200000.0,303000.0,475000.0,1125000.0,1430000.0,1475000.0,0.0809,-0.0003,7,brand_model,theil_sen,"arabam=5, kaggle=2",5,2,True,True,CRITICAL,10,"train support 7 (3-7 bandi, +20); synthetic_safe=true (+15); 3 farkli yil (+10); 5 guncel arabam- kayit (+15); dusuk hp_support/zayif fallback (7, brand_model) (+10); interpolasyon araligi (yil+km) yeterli genislikte (+10); fiyat davranisi tutarli (yasla aciklanan varyans veya dusuk cv) (+10)",True,,2006-2008,"200,000-475,000","1,125,000-1,475,000",False,80,"cok eski model (max_year=2008), dusuk ticari onem (-10)",6,0.7142857142857143
Alfa Romeo,GT,5,5,3,2006.0,2008.0,111000.0,200000.0,270000.0,475000.0,580000.0,700000.0,0.1397,0.9236,5,brand_model,theil_sen,"arabam=3, kaggle=2",3,2,True,True,CRITICAL,6,"train support 5 (3-7 bandi, +20); synthetic_safe=true (+15); 3 farkli yil (+10); 3 guncel arabam- kayit (+15); dusuk hp_support/zayif fallback (5, brand_model) (+10); interpolasyon araligi (yil+km) yeterli genislikte (+10); fiyat davranisi tutarli (yasla aciklanan varyans veya dusuk cv) (+10)",True,,2006-2008,"111,000-270,000","475,000-700,000",False,80,"cok eski model (max_year=2008), dusuk ticari onem (-10)",6,0.6
Chevrolet,Tahoe,6,5,3,1995.0,1997.0,177500.0,211000.0,277353.0,799000.0,1175000.0,2000000.0,0.3176,-0.4963,5,brand_model,theil_sen,arabam=6,6,0,True,True,CRITICAL,10,"train support 5 (3-7 bandi, +20); synthetic_safe=true (+15); 3 farkli yil (+10); 6 guncel arabam- kayit (+15); dusuk hp_support/zayif fallback (5, brand_model) (+10); interpolasyon araligi (yil+km) yeterli genislikte (+10); fiyat davranisi tutarli (yasla aciklanan varyans veya dusuk cv) (+10)",True,,1995-1997,"177,500-277,353","799,000-2,000,000",False,80,"cok eski model (max_year=1997), dusuk ticari onem (-10)",6,1.0
Citroen,XM,3,3,3,1994.0,1997.0,78500.0,303000.0,373000.0,420000.0,450000.0,1450000.0,0.6189,-0.7226,3,brand_model,theil_sen,arabam=3,3,0,True,True,CRITICAL,5,"train support 3 (3-7 bandi, +20); synthetic_safe=true (+15); 3 farkli yil (+10); 3 guncel arabam- kayit (+15); dusuk hp_support/zayif fallback (3, brand_model) (+10); interpolasyon araligi (yil+km) yeterli genislikte (+10); fiyat davranisi tutarli (yasla aciklanan varyans veya dusuk cv) (+10)",True,,1994-1997,"78,500-373,000","420,000-1,450,000",False,80,"cok eski model (max_year=1997), dusuk ticari onem (-10)",6,1.0
Pontiac,Firebird,5,4,2,1994.0,1997.0,98000.0,101021.0,105000.0,2250000.0,2450000.0,3000000.0,0.1135,0.9125,4,brand_model,theil_sen,"arabam=3, kaggle=2",3,2,True,True,CRITICAL,4,"train support 4 (3-7 bandi, +20); synthetic_safe=true (+15); 3 guncel arabam- kayit (+15); premium/high-value (medyan 2,450,000 >= 2,393,000) (+10); dusuk hp_support/zayif fallback (4, brand_model) (+10); interpolasyon araligi (yil+km) yeterli genislikte (+10); fiyat davranisi tutarli (yasla aciklanan varyans veya dusuk cv) (+10)",True,,1994-1997,"98,000-105,000","2,250,000-3,000,000",False,80,"cok eski model (max_year=1997), dusuk ticari onem (-10)",6,0.6
Opel,Rekord,6,6,6,1972.0,1984.0,6001.0,141500.0,256000.0,170000.0,337500.0,589000.0,0.3765,0.9362,6,brand_model,theil_sen,arabam=6,6,0,True,True,CRITICAL,9,"train support 6 (3-7 bandi, +20); synthetic_safe=true (+15); 6 farkli yil (+10); 6 guncel arabam- kayit (+15); dusuk hp_support/zayif fallback (6, brand_model) (+10); interpolasyon araligi (yil+km) yeterli genislikte (+10); fiyat davranisi tutarli (yasla aciklanan varyans veya dusuk cv) (+10)",True,,1972-1984,"6,001-256,000","170,000-589,000",False,80,"cok eski model (max_year=1984), dusuk ticari onem (-10)",6,1.0
Volta,VS1,5,5,2,2023.0,2025.0,0.0,6000.0,13000.0,27000.0,30000.0,45000.0,0.1976,-0.3321,5,brand_model,theil_sen,arabam=5,5,0,True,True,CRITICAL,6,"train support 5 (3-7 bandi, +20); synthetic_safe=true (+15); 5 guncel arabam- kayit (+15); dusuk hp_support/zayif fallback (5, brand_model) (+10); interpolasyon araligi (yil+km) yeterli genislikte (+10); fiyat davranisi tutarli (yasla aciklanan varyans veya dusuk cv) (+10)",True,,2023-2025,"0-13,000","27,000-45,000",False,80,yok,6,1.0
Subaru,Vivio,7,7,3,1994.0,1998.0,38000.0,110000.0,300000.0,70000.0,185000.0,214500.0,0.2728,-0.0465,7,brand_model,theil_sen,"arabam=3, kaggle=4",3,4,True,True,HIGH,6,"train support 7 (3-7 bandi, +20); synthetic_safe=true (+15); 3 farkli yil (+10); 3 guncel arabam- kayit (+15); dusuk hp_support/zayif fallback (7, brand_model) (+10); interpolasyon araligi (yil+km) yeterli genislikte (+10); fiyat davranisi tutarli (yasla aciklanan varyans veya dusuk cv) (+10)",True,,1994-1998,"38,000-300,000","70,000-214,500",False,80,"cok eski model (max_year=1998), dusuk ticari onem (-10)",6,0.42857142857142855
Mitsubishi,Outlander,6,6,3,2004.0,2009.0,167000.0,266200.0,535000.0,480000.0,632500.0,800000.0,0.1755,-0.5498,6,brand_model,theil_sen,arabam=6,6,0,True,True,CRITICAL,9,"train support 6 (3-7 bandi, +20); synthetic_safe=true (+15); 3 farkli yil (+10); 6 guncel arabam- kayit (+15); dusuk hp_support/zayif fallback (6, brand_model) (+10); interpolasyon araligi (yil+km) yeterli genislikte (+10); fiyat davranisi tutarli (yasla aciklanan varyans veya dusuk cv) (+10)",True,,2004-2009,"167,000-535,000","480,000-800,000",False,80,"cok eski model (max_year=2009), dusuk ticari onem (-10)",6,1.0
Skoda,Felicia Pickup,5,5,3,1997.0,2000.0,11111.0,225000.0,515038.0,95000.0,239000.0,245000.0,0.2835,-0.3431,5,brand_model,theil_sen,arabam=5,5,0,True,True,CRITICAL,6,"train support 5 (3-7 bandi, +20); synthetic_safe=true (+15); 3 farkli yil (+10); 5 guncel arabam- kayit (+15); dusuk hp_support/zayif fallback (5, brand_model) (+10); interpolasyon araligi (yil+km) yeterli genislikte (+10); fiyat davranisi tutarli (yasla aciklanan varyans veya dusuk cv) (+10)",True,,1997-2000,"11,111-515,038","95,000-245,000",False,80,"cok eski model (max_year=2000), dusuk ticari onem (-10)",6,1.0
Renault,Scenic RX4,7,7,3,2002.0,2004.0,189000.0,270000.0,476000.0,300000.0,360000.0,420000.0,0.0943,-0.4565,7,brand_model,theil_sen,arabam=7,7,0,True,True,CRITICAL,10,"train support 7 (3-7 bandi, +20); synthetic_safe=true (+15); 3 farkli yil (+10); 7 guncel arabam- kayit (+15); dusuk hp_support/zayif fallback (7, brand_model) (+10); interpolasyon araligi (yil+km) yeterli genislikte (+10); fiyat davranisi tutarli (yasla aciklanan varyans veya dusuk cv) (+10)",True,,2002-2004,"189,000-476,000","300,000-420,000",False,80,"cok eski model (max_year=2004), dusuk ticari onem (-10)",6,1.0
Peugeot,607,5,5,4,2003.0,2009.0,199000.0,220000.0,267000.0,480000.0,815000.0,1099900.0,0.3197,-0.907,5,brand_model,theil_sen,"arabam=4, kaggle=1",4,1,True,True,CRITICAL,6,"train support 5 (3-7 bandi, +20); synthetic_safe=true (+15); 4 farkli yil (+10); 4 guncel arabam- kayit (+15); dusuk hp_support/zayif fallback (5, brand_model) (+10); interpolasyon araligi (yil+km) yeterli genislikte (+10); fiyat davranisi tutarli (yasla aciklanan varyans veya dusuk cv) (+10)",True,,2003-2009,"199,000-267,000","480,000-1,099,900",False,80,"cok eski model (max_year=2009), dusuk ticari onem (-10)",6,0.8
Seat,Tarraco,21,5,2,2021.0,2023.0,87000.0,100050.0,148000.0,1995000.0,2019950.0,2150000.0,0.0278,0.822,5,brand_model,theil_sen,arabam=21,21,0,True,True,CRITICAL,6,"train support 5 (3-7 bandi, +20); synthetic_safe=true (+15); 21 guncel arabam- kayit (+15); dusuk hp_support/zayif fallback (5, brand_model) (+10); interpolasyon araligi (yil+km) yeterli genislikte (+10); fiyat davranisi tutarli (yasla aciklanan varyans veya dusuk cv) (+10)",True,,2021-2023,"87,000-148,000","1,995,000-2,150,000",False,80,yok,6,1.0
Mitsubishi,Grandis,5,5,3,2005.0,2007.0,182000.0,185000.0,444000.0,475000.0,600000.0,720000.0,0.1478,0.3366,5,brand_model,theil_sen,"arabam=2, kaggle=3",2,3,True,True,CRITICAL,6,"train support 5 (3-7 bandi, +20); synthetic_safe=true (+15); 3 farkli yil (+10); 2 guncel arabam- kayit (+15); dusuk hp_support/zayif fallback (5, brand_model) (+10); interpolasyon araligi (yil+km) yeterli genislikte (+10); fiyat davranisi tutarli (yasla aciklanan varyans veya dusuk cv) (+10)",True,,2005-2007,"182,000-444,000","475,000-720,000",False,80,"cok eski model (max_year=2007), dusuk ticari onem (-10)",6,0.4
Nissan,Country,5,5,3,2003.0,2006.0,293000.0,336210.0,460000.0,420000.0,450000.0,510000.0,0.0714,0.8705,5,brand_model,theil_sen,arabam=5,5,0,True,True,CRITICAL,6,"train support 5 (3-7 bandi, +20); synthetic_safe=true (+15); 3 farkli yil (+10); 5 guncel arabam- kayit (+15); dusuk hp_support/zayif fallback (5, brand_model) (+10); interpolasyon araligi (yil+km) yeterli genislikte (+10); fiyat davranisi tutarli (yasla aciklanan varyans veya dusuk cv) (+10)",True,,2003-2006,"293,000-460,000","420,000-510,000",False,80,"cok eski model (max_year=2006), dusuk ticari onem (-10)",6,1.0
Honda,CRX,7,7,5,1990.0,1994.0,10000.0,217000.0,300000.0,370000.0,750000.0,999999.0,0.3411,-0.3757,7,brand_model,theil_sen,"arabam=6, kaggle=1",6,1,True,True,CRITICAL,10,"train support 7 (3-7 bandi, +20); synthetic_safe=true (+15); 5 farkli yil (+10); 6 guncel arabam- kayit (+15); dusuk hp_support/zayif fallback (7, brand_model) (+10); interpolasyon araligi (yil+km) yeterli genislikte (+10); fiyat davranisi tutarli (yasla aciklanan varyans veya dusuk cv) (+10)",True,,1990-1994,"10,000-300,000","370,000-999,999",False,80,"cok eski model (max_year=1994), dusuk ticari onem (-10)",6,0.8571428571428571
Hyundai,Terracan,6,6,3,2001.0,2004.0,108000.0,200000.0,385000.0,500000.0,630000.0,950000.0,0.2276,-0.832,6,brand_model,theil_sen,arabam=6,6,0,True,True,CRITICAL,9,"train support 6 (3-7 bandi, +20); synthetic_safe=true (+15); 3 farkli yil (+10); 6 guncel arabam- kayit (+15); dusuk hp_support/zayif fallback (6, brand_model) (+10); interpolasyon araligi (yil+km) yeterli genislikte (+10); fiyat davranisi tutarli (yasla aciklanan varyans veya dusuk cv) (+10)",True,,2001-2004,"108,000-385,000","500,000-950,000",False,80,"cok eski model (max_year=2004), dusuk ticari onem (-10)",6,1.0
Volkswagen,EOS,12,12,3,2007.0,2009.0,140000.0,190600.0,255000.0,600000.0,775000.0,1035000.0,0.1607,-0.3958,12,brand_model,theil_sen,"arabam=9, kaggle=3",9,3,True,True,MEDIUM,9,"train support 12 (8-12 bandi, +12); synthetic_safe=true (+15); 3 farkli yil (+10); 9 guncel arabam- kayit (+15); interpolasyon araligi (yil+km) yeterli genislikte (+10); fiyat davranisi tutarli (yasla aciklanan varyans veya dusuk cv) (+10)",True,,2007-2009,"140,000-255,000","600,000-1,035,000",False,72,yok,5,0.75
Rover,620,11,11,4,1995.0,1998.0,210000.0,308000.0,408000.0,125000.0,250000.0,352500.0,0.287,0.1757,11,brand_model,theil_sen,"arabam=4, kaggle=7",4,7,True,True,LOW,0,"train support 11 (8-12 bandi, +12); synthetic_safe=true (+15); 4 farkli yil (+10); 4 guncel arabam- kayit (+15); interpolasyon araligi (yil+km) yeterli genislikte (+10); fiyat davranisi tutarli (yasla aciklanan varyans veya dusuk cv) (+10)",True,,1995-1998,"210,000-408,000","125,000-352,500",False,72,yok,5,0.36363636363636365
Toyota,Land Cruiser,19,11,9,1986.0,2006.0,247000.0,367000.0,567000.0,1050000.0,1395000.0,2450000.0,0.2649,-0.4466,11,brand_model,theil_sen,arabam=19,19,0,True,True,LOW,0,"train support 11 (8-12 bandi, +12); synthetic_safe=true (+15); 9 farkli yil (+10); 19 guncel arabam- kayit (+15); interpolasyon araligi (yil+km) yeterli genislikte (+10); fiyat davranisi tutarli (yasla aciklanan varyans veya dusuk cv) (+10)",True,,1986-2006,"247,000-567,000","1,050,000-2,450,000",False,72,yok,5,1.0
Opel,Astra-e,13,12,3,2023.0,2025.0,15970.0,20786.0,63000.0,1490000.0,1699950.0,1829750.0,0.056,-0.9014,12,brand_model,theil_sen,arabam=13,13,0,True,True,LOW,0,"train support 12 (8-12 bandi, +12); synthetic_safe=true (+15); 3 farkli yil (+10); 13 guncel arabam- kayit (+15); interpolasyon araligi (yil+km) yeterli genislikte (+10); fiyat davranisi tutarli (yasla aciklanan varyans veya dusuk cv) (+10)",True,,2023-2025,"15,970-63,000","1,490,000-1,829,750",False,72,yok,5,1.0
Toyota,Proace City Cargo,12,12,4,2021.0,2025.0,4800.0,32000.0,135000.0,700000.0,850500.0,1100000.0,0.1559,-0.7229,12,brand_model,theil_sen,arabam=12,12,0,True,True,LOW,0,"train support 12 (8-12 bandi, +12); synthetic_safe=true (+15); 4 farkli yil (+10); 12 guncel arabam- kayit (+15); interpolasyon araligi (yil+km) yeterli genislikte (+10); fiyat davranisi tutarli (yasla aciklanan varyans veya dusuk cv) (+10)",True,,2021-2025,"4,800-135,000","700,000-1,100,000",False,72,yok,5,1.0
Kia,Niro,10,10,3,2017.0,2024.0,10601.0,68150.0,207000.0,1110000.0,1582000.0,1899999.0,0.1798,-0.9618,10,brand_model,theil_sen,arabam=10,10,0,True,True,LOW,0,"train support 10 (8-12 bandi, +12); synthetic_safe=true (+15); 3 farkli yil (+10); 10 guncel arabam- kayit (+15); interpolasyon araligi (yil+km) yeterli genislikte (+10); fiyat davranisi tutarli (yasla aciklanan varyans veya dusuk cv) (+10)",True,,2017-2024,"10,601-207,000","1,110,000-1,899,999",False,72,yok,5,1.0
Chrysler,300 M,8,8,4,1999.0,2004.0,190000.0,270000.0,350000.0,360000.0,457450.0,785000.0,0.3077,-0.5902,8,brand_model,theil_sen,"arabam=2, kaggle=6",2,6,True,True,CRITICAL,10,"train support 8 (8-12 bandi, +12); synthetic_safe=true (+15); 4 farkli yil (+10); 2 guncel arabam- kayit (+15); dusuk hp_support/zayif fallback (8, brand_model) (+10); interpolasyon araligi (yil+km) yeterli genislikte (+10); fiyat davranisi tutarli (yasla aciklanan varyans veya dusuk cv) (+10)",True,,1999-2004,"190,000-350,000","360,000-785,000",False,72,"cok eski model (max_year=2004), dusuk ticari onem (-10)",6,0.25
Mercedes - Benz,500,8,8,7,1983.0,1993.0,191554.0,271151.5,386000.0,650000.0,1675000.0,2375000.0,0.3814,0.3766,8,brand_model,theil_sen,"arabam=4, kaggle=4",4,4,True,True,CRITICAL,10,"train support 8 (8-12 bandi, +12); synthetic_safe=true (+15); 7 farkli yil (+10); 4 guncel arabam- kayit (+15); dusuk hp_support/zayif fallback (8, brand_model) (+10); interpolasyon araligi (yil+km) yeterli genislikte (+10); fiyat davranisi tutarli (yasla aciklanan varyans veya dusuk cv) (+10)",True,,1983-1993,"191,554-386,000","650,000-2,375,000",False,72,"cok eski model (max_year=1993), dusuk ticari onem (-10)",6,0.5
Ford,S-Max,12,12,6,2006.0,2020.0,122000.0,242500.0,379000.0,449000.0,700000.0,2200000.0,0.5712,-0.9176,12,brand_model,theil_sen,"arabam=11, kaggle=1",11,1,True,True,MEDIUM,5,"train support 12 (8-12 bandi, +12); synthetic_safe=true (+15); 6 farkli yil (+10); 11 guncel arabam- kayit (+15); interpolasyon araligi (yil+km) yeterli genislikte (+10); fiyat davranisi tutarli (yasla aciklanan varyans veya dusuk cv) (+10)",True,,2006-2020,"122,000-379,000","449,000-2,200,000",False,72,yok,5,0.9166666666666666
Toyota,Land Cruiser Prado,22,10,7,1999.0,2010.0,262000.0,396500.0,510000.0,815000.0,1587500.0,2545000.0,0.3023,-0.8789,10,brand_model,theil_sen,arabam=22,22,0,True,True,MEDIUM,6,"train support 10 (8-12 bandi, +12); synthetic_safe=true (+15); 7 farkli yil (+10); 22 guncel arabam- kayit (+15); interpolasyon araligi (yil+km) yeterli genislikte (+10); fiyat davranisi tutarli (yasla aciklanan varyans veya dusuk cv) (+10)",True,,1999-2010,"262,000-510,000","815,000-2,545,000",False,72,yok,5,1.0
Chevrolet,Evanda,11,11,3,2004.0,2006.0,85000.0,260000.0,313000.0,115000.0,330000.0,355000.0,0.3218,0.8246,11,brand_model,theil_sen,"arabam=6, kaggle=5",6,5,True,True,HIGH,10,"train support 11 (8-12 bandi, +12); synthetic_safe=true (+15); 3 farkli yil (+10); 6 guncel arabam- kayit (+15); interpolasyon araligi (yil+km) yeterli genislikte (+10); fiyat davranisi tutarli (yasla aciklanan varyans veya dusuk cv) (+10)",True,,2004-2006,"85,000-313,000","115,000-355,000",False,72,yok,5,0.5454545454545454
Suzuki,SX4 S-Cross,11,11,5,2010.0,2022.0,24722.0,113000.0,277000.0,385000.0,915000.0,1720000.0,0.36,-0.8783,11,brand_model,theil_sen,arabam=11,11,0,True,True,MEDIUM,6,"train support 11 (8-12 bandi, +12); synthetic_safe=true (+15); 5 farkli yil (+10); 11 guncel arabam- kayit (+15); interpolasyon araligi (yil+km) yeterli genislikte (+10); fiyat davranisi tutarli (yasla aciklanan varyans veya dusuk cv) (+10)",True,,2010-2022,"24,722-277,000","385,000-1,720,000",False,72,yok,5,1.0
Ssangyong,Actyon,15,10,4,2008.0,2025.0,28000.0,218000.0,430000.0,285000.0,650000.0,2599000.0,0.8134,-0.9778,10,brand_model,theil_sen,arabam=15,15,0,True,True,MEDIUM,6,"train support 10 (8-12 bandi, +12); synthetic_safe=true (+15); 4 farkli yil (+10); 15 guncel arabam- kayit (+15); interpolasyon araligi (yil+km) yeterli genislikte (+10); fiyat davranisi tutarli (yasla aciklanan varyans veya dusuk cv) (+10)",True,,2008-2025,"28,000-430,000","285,000-2,599,000",False,72,yok,5,1.0
Nissan,Pick Up,12,12,4,1996.0,1999.0,182000.0,360000.0,580000.0,210000.0,342500.0,650000.0,0.3586,-0.4336,12,brand_model,theil_sen,arabam=12,12,0,True,True,MEDIUM,5,"train support 12 (8-12 bandi, +12); synthetic_safe=true (+15); 4 farkli yil (+10); 12 guncel arabam- kayit (+15); interpolasyon araligi (yil+km) yeterli genislikte (+10); fiyat davranisi tutarli (yasla aciklanan varyans veya dusuk cv) (+10)",True,,1996-1999,"182,000-580,000","210,000-650,000",False,72,yok,5,1.0
Daihatsu,YRV,8,8,3,2002.0,2006.0,158000.0,264795.0,300000.0,190000.0,317500.0,385000.0,0.1909,-0.2521,8,brand_model,theil_sen,"arabam=4, kaggle=4",4,4,True,True,HIGH,6,"train support 8 (8-12 bandi, +12); synthetic_safe=true (+15); 3 farkli yil (+10); 4 guncel arabam- kayit (+15); dusuk hp_support/zayif fallback (8, brand_model) (+10); interpolasyon araligi (yil+km) yeterli genislikte (+10); fiyat davranisi tutarli (yasla aciklanan varyans veya dusuk cv) (+10)",True,,2002-2006,"158,000-300,000","190,000-385,000",False,72,"cok eski model (max_year=2006), dusuk ticari onem (-10)",6,0.5
Nissan,Laurel Altima,8,8,3,1990.0,1992.0,160000.0,317500.0,440000.0,80000.0,177500.0,297000.0,0.4253,0.1202,8,brand_model,theil_sen,"arabam=4, kaggle=4",4,4,True,True,HIGH,6,"train support 8 (8-12 bandi, +12); synthetic_safe=true (+15); 3 farkli yil (+10); 4 guncel arabam- kayit (+15); dusuk hp_support/zayif fallback (8, brand_model) (+10); interpolasyon araligi (yil+km) yeterli genislikte (+10); fiyat davranisi tutarli (yasla aciklanan varyans veya dusuk cv) (+10)",True,,1990-1992,"160,000-440,000","80,000-297,000",False,72,"cok eski model (max_year=1992), dusuk ticari onem (-10)",6,0.5
Toyota,Hi-Ace,12,12,7,1994.0,2009.0,30000.0,352777.5,511000.0,110000.0,220000.0,480000.0,0.4811,-0.6966,12,brand_model,theil_sen,arabam=12,12,0,True,True,MEDIUM,5,"train support 12 (8-12 bandi, +12); synthetic_safe=true (+15); 7 farkli yil (+10); 12 guncel arabam- kayit (+15); interpolasyon araligi (yil+km) yeterli genislikte (+10); fiyat davranisi tutarli (yasla aciklanan varyans veya dusuk cv) (+10)",True,,1994-2009,"30,000-511,000","110,000-480,000",False,72,yok,5,1.0
Renault,Espace,12,12,8,1997.0,2007.0,145000.0,265750.0,370000.0,199000.0,372500.0,750000.0,0.3181,-0.6675,12,brand_model,theil_sen,"arabam=11, kaggle=1",11,1,True,True,MEDIUM,5,"train support 12 (8-12 bandi, +12); synthetic_safe=true (+15); 8 farkli yil (+10); 11 guncel arabam- kayit (+15); interpolasyon araligi (yil+km) yeterli genislikte (+10); fiyat davranisi tutarli (yasla aciklanan varyans veya dusuk cv) (+10)",True,,1997-2007,"145,000-370,000","199,000-750,000",False,72,yok,5,0.9166666666666666
Volvo,V60,12,12,5,2011.0,2015.0,144439.0,194500.0,341000.0,875000.0,1014250.0,1385000.0,0.1423,-0.4963,12,brand_model,theil_sen,"arabam=10, kaggle=2",10,2,True,True,LOW,0,"train support 12 (8-12 bandi, +12); synthetic_safe=true (+15); 5 farkli yil (+10); 10 guncel arabam- kayit (+15); interpolasyon araligi (yil+km) yeterli genislikte (+10); fiyat davranisi tutarli (yasla aciklanan varyans veya dusuk cv) (+10)",True,,2011-2015,"144,439-341,000","875,000-1,385,000",False,72,yok,5,0.8333333333333334
Daihatsu,Materia,10,10,3,2007.0,2009.0,138500.0,233000.0,333000.0,320000.0,467500.0,630000.0,0.1758,-0.392,10,brand_model,theil_sen,"arabam=5, kaggle=5",5,5,True,True,MEDIUM,10,"train support 10 (8-12 bandi, +12); synthetic_safe=true (+15); 3 farkli yil (+10); 5 guncel arabam- kayit (+15); interpolasyon araligi (yil+km) yeterli genislikte (+10); fiyat davranisi tutarli (yasla aciklanan varyans veya dusuk cv) (+10)",True,,2007-2009,"138,500-333,000","320,000-630,000",False,72,yok,5,0.5
Kia,Carens,12,12,6,2002.0,2008.0,99700.0,281500.0,390000.0,340000.0,397500.0,665000.0,0.2098,-0.6473,12,brand_model,theil_sen,"arabam=4, kaggle=8",4,8,True,True,MEDIUM,9,"train support 12 (8-12 bandi, +12); synthetic_safe=true (+15); 6 farkli yil (+10); 4 guncel arabam- kayit (+15); interpolasyon araligi (yil+km) yeterli genislikte (+10); fiyat davranisi tutarli (yasla aciklanan varyans veya dusuk cv) (+10)",True,,2002-2008,"99,700-390,000","340,000-665,000",False,72,yok,5,0.3333333333333333
Mini,John Cooper,14,10,6,2009.0,2023.0,12600.0,130000.0,246200.0,855000.0,1282500.0,3050000.0,0.4062,-0.7868,10,brand_model,theil_sen,"arabam=8, kaggle=6",8,6,True,True,HIGH,10,"train support 10 (8-12 bandi, +12); synthetic_safe=true (+15); 6 farkli yil (+10); 8 guncel arabam- kayit (+15); interpolasyon araligi (yil+km) yeterli genislikte (+10); fiyat davranisi tutarli (yasla aciklanan varyans veya dusuk cv) (+10)",True,,2009-2023,"12,600-246,200","855,000-3,050,000",False,72,yok,5,0.5714285714285714
Daewoo,Tico,8,8,3,1997.0,1999.0,162000.0,261000.0,325000.0,85000.0,133500.0,299000.0,0.4803,-0.2571,8,brand_model,theil_sen,"arabam=5, kaggle=3",5,3,True,True,HIGH,6,"train support 8 (8-12 bandi, +12); synthetic_safe=true (+15); 3 farkli yil (+10); 5 guncel arabam- kayit (+15); dusuk hp_support/zayif fallback (8, brand_model) (+10); interpolasyon araligi (yil+km) yeterli genislikte (+10); fiyat davranisi tutarli (yasla aciklanan varyans veya dusuk cv) (+10)",True,,1997-1999,"162,000-325,000","85,000-299,000",False,72,"cok eski model (max_year=1999), dusuk ticari onem (-10)",6,0.625
Renault,R 5,8,8,5,1989.0,1995.0,96000.0,240750.0,284000.0,95000.0,160000.0,320000.0,0.3739,0.2986,8,brand_model,theil_sen,arabam=8,8,0,True,True,HIGH,6,"train support 8 (8-12 bandi, +12); synthetic_safe=true (+15); 5 farkli yil (+10); 8 guncel arabam- kayit (+15); dusuk hp_support/zayif fallback (8, brand_model) (+10); interpolasyon araligi (yil+km) yeterli genislikte (+10); fiyat davranisi tutarli (yasla aciklanan varyans veya dusuk cv) (+10)",True,,1989-1995,"96,000-284,000","95,000-320,000",False,72,"cok eski model (max_year=1995), dusuk ticari onem (-10)",6,1.0
Alfa Romeo,166,3,3,2,1999.0,2002.0,140000.0,304000.0,304000.0,375000.0,465000.0,900000.0,0.3952,-0.9718,3,brand_model,theil_sen,"arabam=2, kaggle=1",2,1,True,True,CRITICAL,5,"train support 3 (3-7 bandi, +20); synthetic_safe=true (+15); 2 guncel arabam- kayit (+15); dusuk hp_support/zayif fallback (3, brand_model) (+10); interpolasyon araligi (yil+km) yeterli genislikte (+10); fiyat davranisi tutarli (yasla aciklanan varyans veya dusuk cv) (+10)",True,,1999-2002,"140,000-304,000","375,000-900,000",False,70,"cok eski model (max_year=2002), dusuk ticari onem (-10)",6,0.6666666666666666
Audi,90 Serisi,3,3,2,1986.0,1990.0,180100.0,300000.0,445000.0,185000.0,360000.0,400000.0,0.2964,-0.992,3,brand_model,theil_sen,arabam=3,3,0,True,True,CRITICAL,5,"train support 3 (3-7 bandi, +20); synthetic_safe=true (+15); 3 guncel arabam- kayit (+15); dusuk hp_support/zayif fallback (3, brand_model) (+10); interpolasyon araligi (yil+km) yeterli genislikte (+10); fiyat davranisi tutarli (yasla aciklanan varyans veya dusuk cv) (+10)",True,,1986-1990,"180,100-445,000","185,000-400,000",False,70,"cok eski model (max_year=1990), dusuk ticari onem (-10)",6,1.0
Mazda,E 2200,3,3,2,1998.0,2005.0,240000.0,295000.0,307000.0,150000.0,200000.0,230000.0,0.1707,0.9472,3,brand_model,theil_sen,arabam=3,3,0,True,True,CRITICAL,5,"train support 3 (3-7 bandi, +20); synthetic_safe=true (+15); 3 guncel arabam- kayit (+15); dusuk hp_support/zayif fallback (3, brand_model) (+10); interpolasyon araligi (yil+km) yeterli genislikte (+10); fiyat davranisi tutarli (yasla aciklanan varyans veya dusuk cv) (+10)",True,,1998-2005,"240,000-307,000","150,000-230,000",False,70,"cok eski model (max_year=2005), dusuk ticari onem (-10)",6,1.0
Peugeot,807,3,3,2,2003.0,2005.0,245000.0,259000.0,330000.0,265500.0,320000.0,550000.0,0.3257,-0.9691,3,brand_model,theil_sen,"arabam=2, kaggle=1",2,1,True,True,CRITICAL,5,"train support 3 (3-7 bandi, +20); synthetic_safe=true (+15); 2 guncel arabam- kayit (+15); dusuk hp_support/zayif fallback (3, brand_model) (+10); interpolasyon araligi (yil+km) yeterli genislikte (+10); fiyat davranisi tutarli (yasla aciklanan varyans veya dusuk cv) (+10)",True,,2003-2005,"245,000-330,000","265,500-550,000",False,70,"cok eski model (max_year=2005), dusuk ticari onem (-10)",6,0.6666666666666666
Citroen,Evasion,3,3,2,2000.0,2003.0,318000.0,400000.0,430000.0,185000.0,220000.0,250000.0,0.1217,-0.0868,3,brand_model,theil_sen,"arabam=1, kaggle=2",1,2,True,True,CRITICAL,5,"train support 3 (3-7 bandi, +20); synthetic_safe=true (+15); 1 guncel arabam- kayit (+15); dusuk hp_support/zayif fallback (3, brand_model) (+10); interpolasyon araligi (yil+km) yeterli genislikte (+10); fiyat davranisi tutarli (yasla aciklanan varyans veya dusuk cv) (+10)",True,,2000-2003,"318,000-430,000","185,000-250,000",False,70,"cok eski model (max_year=2003), dusuk ticari onem (-10)",6,0.3333333333333333
Honda,Shuttle,3,3,2,1997.0,1999.0,215600.0,348845.0,379000.0,335000.0,478750.0,500000.0,0.1674,-0.9951,3,brand_model,theil_sen,"arabam=2, kaggle=1",2,1,True,True,CRITICAL,5,"train support 3 (3-7 bandi, +20); synthetic_safe=true (+15); 2 guncel arabam- kayit (+15); dusuk hp_support/zayif fallback (3, brand_model) (+10); interpolasyon araligi (yil+km) yeterli genislikte (+10); fiyat davranisi tutarli (yasla aciklanan varyans veya dusuk cv) (+10)",True,,1997-1999,"215,600-379,000","335,000-500,000",False,70,"cok eski model (max_year=1999), dusuk ticari onem (-10)",6,0.6666666666666666
Mazda,MPV,5,5,2,2000.0,2003.0,237000.0,248000.0,303080.0,359500.0,455000.0,597500.0,0.1815,-0.2984,5,brand_model,theil_sen,"arabam=3, kaggle=2",3,2,True,True,CRITICAL,6,"train support 5 (3-7 bandi, +20); synthetic_safe=true (+15); 3 guncel arabam- kayit (+15); dusuk hp_support/zayif fallback (5, brand_model) (+10); interpolasyon araligi (yil+km) yeterli genislikte (+10); fiyat davranisi tutarli (yasla aciklanan varyans veya dusuk cv) (+10)",True,,2000-2003,"237,000-303,080","359,500-597,500",False,70,"cok eski model (max_year=2003), dusuk ticari onem (-10)",6,0.6
Honda,Prelude,6,5,2,1993.0,1997.0,227000.0,255000.0,308000.0,300000.0,677000.0,810000.0,0.3279,-0.1426,5,brand_model,theil_sen,"arabam=4, kaggle=2",4,2,True,True,CRITICAL,10,"train support 5 (3-7 bandi, +20); synthetic_safe=true (+15); 4 guncel arabam- kayit (+15); dusuk hp_support/zayif fallback (5, brand_model) (+10); interpolasyon araligi (yil+km) yeterli genislikte (+10); fiyat davranisi tutarli (yasla aciklanan varyans veya dusuk cv) (+10)",True,,1993-1997,"227,000-308,000","300,000-810,000",False,70,"cok eski model (max_year=1997), dusuk ticari onem (-10)",6,0.6666666666666666
Rover,45,6,6,2,2000.0,2005.0,199000.0,243711.5,469000.0,165500.0,227000.0,360000.0,0.2812,-0.7693,6,brand_model,theil_sen,"arabam=3, kaggle=3",3,3,True,True,HIGH,5,"train support 6 (3-7 bandi, +20); synthetic_safe=true (+15); 3 guncel arabam- kayit (+15); dusuk hp_support/zayif fallback (6, brand_model) (+10); interpolasyon araligi (yil+km) yeterli genislikte (+10); fiyat davranisi tutarli (yasla aciklanan varyans veya dusuk cv) (+10)",True,,2000-2005,"199,000-469,000","165,500-360,000",False,70,"cok eski model (max_year=2005), dusuk ticari onem (-10)",6,0.5
Peugeot,205,7,7,5,1988.0,1994.0,65000.0,159353.0,250000.0,60000.0,420000.0,1325000.0,0.8283,0.3117,7,brand_model,theil_sen,"arabam=5, kaggle=2",5,2,True,True,CRITICAL,10,"train support 7 (3-7 bandi, +20); synthetic_safe=true (+15); 5 farkli yil (+10); 5 guncel arabam- kayit (+15); dusuk hp_support/zayif fallback (7, brand_model) (+10); interpolasyon araligi (yil+km) yeterli genislikte (+10)",True,,1988-1994,"65,000-250,000","60,000-1,325,000",False,70,"cok eski model (max_year=1994), dusuk ticari onem (-10)",6,0.7142857142857143
Mitsubishi,Galant,7,7,2,1986.0,1990.0,131000.0,281000.0,400000.0,120000.0,150000.0,310000.0,0.3426,-0.1349,7,brand_model,theil_sen,"arabam=2, kaggle=5",2,5,True,True,HIGH,6,"train support 7 (3-7 bandi, +20); synthetic_safe=true (+15); 2 guncel arabam- kayit (+15); dusuk hp_support/zayif fallback (7, brand_model) (+10); interpolasyon araligi (yil+km) yeterli genislikte (+10); fiyat davranisi tutarli (yasla aciklanan varyans veya dusuk cv) (+10)",True,,1986-1990,"131,000-400,000","120,000-310,000",False,70,"cok eski model (max_year=1990), dusuk ticari onem (-10)",6,0.2857142857142857
Mitsubishi,Space Wagon,4,4,2,1996.0,1998.0,400000.0,440000.0,500000.0,130000.0,230000.0,461000.0,0.5285,-0.3791,4,brand_model,theil_sen,"arabam=1, kaggle=3",1,3,True,True,CRITICAL,4,"train support 4 (3-7 bandi, +20); synthetic_safe=true (+15); 1 guncel arabam- kayit (+15); dusuk hp_support/zayif fallback (4, brand_model) (+10); interpolasyon araligi (yil+km) yeterli genislikte (+10); fiyat davranisi tutarli (yasla aciklanan varyans veya dusuk cv) (+10)",True,,1996-1998,"400,000-500,000","130,000-461,000",False,70,"cok eski model (max_year=1998), dusuk ticari onem (-10)",6,0.25
Chrysler,Crossfire,3,3,2,2004.0,2006.0,174000.0,310000.0,320000.0,1200000.0,1250000.0,1375000.0,0.0577,-0.9564,3,brand_model,theil_sen,arabam=3,3,0,True,True,CRITICAL,5,"train support 3 (3-7 bandi, +20); synthetic_safe=true (+15); 3 guncel arabam- kayit (+15); dusuk hp_support/zayif fallback (3, brand_model) (+10); interpolasyon araligi (yil+km) yeterli genislikte (+10); fiyat davranisi tutarli (yasla aciklanan varyans veya dusuk cv) (+10)",True,,2004-2006,"174,000-320,000","1,200,000-1,375,000",False,70,"cok eski model (max_year=2006), dusuk ticari onem (-10)",6,1.0
Chrysler,Concorde,5,5,3,1995.0,1997.0,113900.0,283000.0,365000.0,190000.0,475000.0,850000.0,0.5018,-0.0696,5,brand_model,theil_sen,"arabam=4, kaggle=1",4,1,True,True,CRITICAL,6,"train support 5 (3-7 bandi, +20); synthetic_safe=true (+15); 3 farkli yil (+10); 4 guncel arabam- kayit (+15); dusuk hp_support/zayif fallback (5, brand_model) (+10); interpolasyon araligi (yil+km) yeterli genislikte (+10)",True,,1995-1997,"113,900-365,000","190,000-850,000",False,70,"cok eski model (max_year=1997), dusuk ticari onem (-10)",6,0.8
Volkswagen,Lupo,4,4,2,2001.0,2003.0,229000.0,243500.0,278000.0,250000.0,272500.0,380000.0,0.1807,-0.0656,4,brand_model,theil_sen,arabam=4,4,0,True,True,CRITICAL,4,"train support 4 (3-7 bandi, +20); synthetic_safe=true (+15); 4 guncel arabam- kayit (+15); dusuk hp_support/zayif fallback (4, brand_model) (+10); interpolasyon araligi (yil+km) yeterli genislikte (+10); fiyat davranisi tutarli (yasla aciklanan varyans veya dusuk cv) (+10)",True,,2001-2003,"229,000-278,000","250,000-380,000",False,70,"cok eski model (max_year=2003), dusuk ticari onem (-10)",6,1.0
Falcon,Active 1200,5,4,3,2024.0,2026.0,0.0,0.0,0.0,50000.0,91000.0,115000.0,0.3192,-0.506,4,brand_model,theil_sen,arabam=5,5,0,True,True,CRITICAL,4,"train support 4 (3-7 bandi, +20); synthetic_safe=true (+15); 3 farkli yil (+10); 5 guncel arabam- kayit (+15); dusuk hp_support/zayif fallback (4, brand_model) (+10); fiyat davranisi tutarli (yasla aciklanan varyans veya dusuk cv) (+10)",True,,2024-2026,0-0,"50,000-115,000",False,65,interpolasyon alani dar (yil veya km araligi cok kisitli) (-15),4,1.0
Rolls-Royce,Spectre,4,4,2,2023.0,2024.0,6001.0,6155.5,12000.0,35500000.0,37875000.0,40500000.0,0.0494,-0.7623,4,brand_model,theil_sen,"arabam=2, kaggle=2",2,2,True,True,CRITICAL,8,"train support 4 (3-7 bandi, +20); synthetic_safe=true (+15); 2 guncel arabam- kayit (+15); premium/high-value (medyan 37,875,000 >= 2,393,000) (+10); dusuk hp_support/zayif fallback (4, brand_model) (+10); fiyat davranisi tutarli (yasla aciklanan varyans veya dusuk cv) (+10)",True,,2023-2024,"6,001-12,000","35,500,000-40,500,000",False,65,interpolasyon alani dar (yil veya km araligi cok kisitli) (-15),4,0.5
Audi,Q4 Sportback,5,5,2,2024.0,2025.0,17000.0,29000.0,40000.0,3170000.0,3299000.0,3840000.0,0.0715,0.4992,5,brand_model,theil_sen,arabam=5,5,0,True,True,CRITICAL,10,"train support 5 (3-7 bandi, +20); synthetic_safe=true (+15); 5 guncel arabam- kayit (+15); premium/high-value (medyan 3,299,000 >= 2,393,000) (+10); dusuk hp_support/zayif fallback (5, brand_model) (+10); fiyat davranisi tutarli (yasla aciklanan varyans veya dusuk cv) (+10)",True,,2024-2025,"17,000-40,000","3,170,000-3,840,000",False,65,interpolasyon alani dar (yil veya km araligi cok kisitli) (-15),4,1.0
Ferrari,California,4,4,2,2010.0,2011.0,42012.0,74950.0,77800.0,8365000.0,10370000.0,11500000.0,0.1162,-0.8946,4,brand_model,theil_sen,"arabam=1, kaggle=3",1,3,True,True,CRITICAL,8,"train support 4 (3-7 bandi, +20); synthetic_safe=true (+15); 1 guncel arabam- kayit (+15); premium/high-value (medyan 10,370,000 >= 2,393,000) (+10); dusuk hp_support/zayif fallback (4, brand_model) (+10); fiyat davranisi tutarli (yasla aciklanan varyans veya dusuk cv) (+10)",True,,2010-2011,"42,012-77,800","8,365,000-11,500,000",False,65,interpolasyon alani dar (yil veya km araligi cok kisitli) (-15),4,0.25
Audi,Q8 Sportback E-Tron,6,6,2,2023.0,2024.0,30000.0,47894.0,123000.0,3675750.0,5294499.5,5999500.0,0.1495,-0.4637,6,brand_model,theil_sen,arabam=6,6,0,True,True,CRITICAL,9,"train support 6 (3-7 bandi, +20); synthetic_safe=true (+15); 6 guncel arabam- kayit (+15); premium/high-value (medyan 5,294,500 >= 2,393,000) (+10); dusuk hp_support/zayif fallback (6, brand_model) (+10); fiyat davranisi tutarli (yasla aciklanan varyans veya dusuk cv) (+10)",True,,2023-2024,"30,000-123,000","3,675,750-5,999,500",False,65,interpolasyon alani dar (yil veya km araligi cok kisitli) (-15),4,1.0
Stmax,GF 960,5,5,3,2024.0,2026.0,0.0,0.0,0.0,69000.0,115000.0,140000.0,0.2162,-0.6821,5,brand_model,theil_sen,arabam=5,5,0,True,True,CRITICAL,6,"train support 5 (3-7 bandi, +20); synthetic_safe=true (+15); 3 farkli yil (+10); 5 guncel arabam- kayit (+15); dusuk hp_support/zayif fallback (5, brand_model) (+10); fiyat davranisi tutarli (yasla aciklanan varyans veya dusuk cv) (+10)",True,,2024-2026,0-0,"69,000-140,000",False,65,interpolasyon alani dar (yil veya km araligi cok kisitli) (-15),4,1.0
BYD,Seal U,7,7,2,2024.0,2025.0,6001.0,7000.0,50000.0,2275000.0,2515000.0,3000000.0,0.0939,0.2551,7,brand_model,theil_sen,"arabam=4, kaggle=3",4,3,True,True,CRITICAL,10,"train support 7 (3-7 bandi, +20); synthetic_safe=true (+15); 4 guncel arabam- kayit (+15); premium/high-value (medyan 2,515,000 >= 2,393,000) (+10); dusuk hp_support/zayif fallback (7, brand_model) (+10); fiyat davranisi tutarli (yasla aciklanan varyans veya dusuk cv) (+10)",True,,2024-2025,"6,001-50,000","2,275,000-3,000,000",False,65,interpolasyon alani dar (yil veya km araligi cok kisitli) (-15),4,0.5714285714285714
Ferrari,Roma,3,3,2,2021.0,2022.0,50.0,8000.0,18580.0,30000000.0,32750000.0,38000000.0,0.0988,-0.1473,3,brand_model,theil_sen,arabam=3,3,0,True,True,CRITICAL,9,"train support 3 (3-7 bandi, +20); synthetic_safe=true (+15); 3 guncel arabam- kayit (+15); premium/high-value (medyan 32,750,000 >= 2,393,000) (+10); dusuk hp_support/zayif fallback (3, brand_model) (+10); fiyat davranisi tutarli (yasla aciklanan varyans veya dusuk cv) (+10)",True,,2021-2022,"50-18,580","30,000,000-38,000,000",False,65,interpolasyon alani dar (yil veya km araligi cok kisitli) (-15),4,1.0
Stmax,Elit 2000,3,3,3,2024.0,2026.0,0.0,0.0,0.0,99900.0,112500.0,119900.0,0.0745,-0.6412,3,brand_model,theil_sen,arabam=3,3,0,True,True,CRITICAL,5,"train support 3 (3-7 bandi, +20); synthetic_safe=true (+15); 3 farkli yil (+10); 3 guncel arabam- kayit (+15); dusuk hp_support/zayif fallback (3, brand_model) (+10); fiyat davranisi tutarli (yasla aciklanan varyans veya dusuk cv) (+10)",True,,2024-2026,0-0,"99,900-119,900",False,65,interpolasyon alani dar (yil veya km araligi cok kisitli) (-15),4,1.0
Mercedes - Benz,GLS,5,3,2,2016.0,2017.0,156500.0,180000.0,291000.0,6450000.0,6700000.0,7250000.0,0.0491,-0.9478,3,brand_model,theil_sen,arabam=5,5,0,True,True,CRITICAL,9,"train support 3 (3-7 bandi, +20); synthetic_safe=true (+15); 5 guncel arabam- kayit (+15); premium/high-value (medyan 6,700,000 >= 2,393,000) (+10); dusuk hp_support/zayif fallback (3, brand_model) (+10); fiyat davranisi tutarli (yasla aciklanan varyans veya dusuk cv) (+10)",True,,2016-2017,"156,500-291,000","6,450,000-7,250,000",False,65,interpolasyon alani dar (yil veya km araligi cok kisitli) (-15),4,1.0
Volvo,V70,10,10,8,1999.0,2012.0,180000.0,351250.0,462000.0,449500.0,662375.0,2150000.0,0.6416,0.2355,10,brand_model,theil_sen,"arabam=5, kaggle=5",5,5,True,True,HIGH,10,"train support 10 (8-12 bandi, +12); synthetic_safe=true (+15); 8 farkli yil (+10); 5 guncel arabam- kayit (+15); interpolasyon araligi (yil+km) yeterli genislikte (+10)",True,,1999-2012,"180,000-462,000","449,500-2,150,000",False,62,yok,3,0.5
Volkswagen,The Beetle,9,9,2,1974.0,1979.0,92635.0,157050.0,240000.0,149999.0,450000.0,950000.0,0.5286,0.6823,9,brand_model,theil_sen,arabam=9,9,0,True,True,CRITICAL,11,"train support 9 (8-12 bandi, +12); synthetic_safe=true (+15); 9 guncel arabam- kayit (+15); dusuk hp_support/zayif fallback (9, brand_model) (+10); interpolasyon araligi (yil+km) yeterli genislikte (+10)",True,,1974-1979,"92,635-240,000","149,999-950,000",False,62,yok,3,1.0
Ford,Festiva,11,11,2,1992.0,1994.0,188000.0,289000.0,350000.0,99000.0,119750.0,200000.0,0.239,-0.2608,11,brand_model,theil_sen,arabam=11,11,0,True,True,MEDIUM,6,"train support 11 (8-12 bandi, +12); synthetic_safe=true (+15); 11 guncel arabam- kayit (+15); interpolasyon araligi (yil+km) yeterli genislikte (+10); fiyat davranisi tutarli (yasla aciklanan varyans veya dusuk cv) (+10)",True,,1992-1994,"188,000-350,000","99,000-200,000",False,62,yok,3,1.0
Volvo,940,7,7,2,1991.0,1993.0,189000.0,307000.0,516000.0,149000.0,255000.0,940000.0,0.7073,0.1811,7,brand_model,theil_sen,"arabam=4, kaggle=3",4,3,True,True,HIGH,6,"train support 7 (3-7 bandi, +20); synthetic_safe=true (+15); 4 guncel arabam- kayit (+15); dusuk hp_support/zayif fallback (7, brand_model) (+10); interpolasyon araligi (yil+km) yeterli genislikte (+10)",True,,1991-1993,"189,000-516,000","149,000-940,000",False,60,"cok eski model (max_year=1993), dusuk ticari onem (-10)",4,0.5714285714285714
Audi,Q8 E-Tron,10,9,2,2023.0,2024.0,31000.0,47500.0,76062.0,4750000.0,5100000.0,5400000.0,0.0458,-0.2186,9,brand_model,theil_sen,arabam=10,10,0,True,True,HIGH,7,"train support 9 (8-12 bandi, +12); synthetic_safe=true (+15); 10 guncel arabam- kayit (+15); premium/high-value (medyan 5,100,000 >= 2,393,000) (+10); dusuk hp_support/zayif fallback (9, brand_model) (+10); fiyat davranisi tutarli (yasla aciklanan varyans veya dusuk cv) (+10)",True,,2023-2024,"31,000-76,062","4,750,000-5,400,000",False,57,interpolasyon alani dar (yil veya km araligi cok kisitli) (-15),3,1.0
Lexus,LBX,8,8,2,2024.0,2025.0,8000.0,14321.0,62120.0,2120000.0,2457500.0,2975000.0,0.1049,-0.8753,8,brand_model,theil_sen,arabam=8,8,0,True,True,CRITICAL,10,"train support 8 (8-12 bandi, +12); synthetic_safe=true (+15); 8 guncel arabam- kayit (+15); premium/high-value (medyan 2,457,500 >= 2,393,000) (+10); dusuk hp_support/zayif fallback (8, brand_model) (+10); fiyat davranisi tutarli (yasla aciklanan varyans veya dusuk cv) (+10)",True,,2024-2025,"8,000-62,120","2,120,000-2,975,000",False,57,interpolasyon alani dar (yil veya km araligi cok kisitli) (-15),4,1.0
BMW,X4,6,6,2,2014.0,2015.0,175000.0,212500.0,412000.0,1455000.0,1661950.0,2159900.0,0.1514,0.4071,6,brand_model,theil_sen,arabam=6,6,0,True,True,CRITICAL,9,"train support 6 (3-7 bandi, +20); synthetic_safe=true (+15); 6 guncel arabam- kayit (+15); dusuk hp_support/zayif fallback (6, brand_model) (+10); fiyat davranisi tutarli (yasla aciklanan varyans veya dusuk cv) (+10)",True,,2014-2015,"175,000-412,000","1,455,000-2,159,900",False,55,interpolasyon alani dar (yil veya km araligi cok kisitli) (-15),4,1.0
Fiat,Ulysse,27,7,2,2023.0,2024.0,24000.0,52000.0,75000.0,1199000.0,1395000.0,1475000.0,0.0755,0.46,7,brand_model,theil_sen,arabam=27,27,0,True,True,HIGH,6,"train support 7 (3-7 bandi, +20); synthetic_safe=true (+15); 27 guncel arabam- kayit (+15); dusuk hp_support/zayif fallback (7, brand_model) (+10); fiyat davranisi tutarli (yasla aciklanan varyans veya dusuk cv) (+10)",True,,2023-2024,"24,000-75,000","1,199,000-1,475,000",False,55,interpolasyon alani dar (yil veya km araligi cok kisitli) (-15),4,1.0
Regal Raptor,K3,6,5,2,2025.0,2026.0,0.0,0.0,0.0,145200.0,174990.0,225000.0,0.1445,0.7235,5,brand_model,theil_sen,arabam=6,6,0,True,True,CRITICAL,6,"train support 5 (3-7 bandi, +20); synthetic_safe=true (+15); 6 guncel arabam- kayit (+15); dusuk hp_support/zayif fallback (5, brand_model) (+10); fiyat davranisi tutarli (yasla aciklanan varyans veya dusuk cv) (+10)",True,,2025-2026,0-0,"145,200-225,000",False,55,interpolasyon alani dar (yil veya km araligi cok kisitli) (-15),4,1.0
Apachi,Kont,3,3,2,2023.0,2026.0,0.0,0.0,0.0,52900.0,55000.0,159500.0,0.5583,-0.5267,3,brand_model,theil_sen,arabam=3,3,0,True,True,CRITICAL,5,"train support 3 (3-7 bandi, +20); synthetic_safe=true (+15); 3 guncel arabam- kayit (+15); dusuk hp_support/zayif fallback (3, brand_model) (+10); fiyat davranisi tutarli (yasla aciklanan varyans veya dusuk cv) (+10)",True,,2023-2026,0-0,"52,900-159,500",False,55,interpolasyon alani dar (yil veya km araligi cok kisitli) (-15),4,1.0
Arora,Jaguar,3,3,2,2025.0,2026.0,0.0,0.0,0.0,55070.0,58680.0,78000.0,0.1575,0.3443,3,brand_model,theil_sen,arabam=3,3,0,True,True,CRITICAL,5,"train support 3 (3-7 bandi, +20); synthetic_safe=true (+15); 3 guncel arabam- kayit (+15); dusuk hp_support/zayif fallback (3, brand_model) (+10); fiyat davranisi tutarli (yasla aciklanan varyans veya dusuk cv) (+10)",True,,2025-2026,0-0,"55,070-78,000",False,55,interpolasyon alani dar (yil veya km araligi cok kisitli) (-15),4,1.0
Infiniti,M,3,3,2,2011.0,2012.0,120000.0,129000.0,201000.0,1450000.0,1775000.0,1950000.0,0.1201,0.9506,3,brand_model,theil_sen,"arabam=1, kaggle=2",1,2,True,True,CRITICAL,9,"train support 3 (3-7 bandi, +20); synthetic_safe=true (+15); 1 guncel arabam- kayit (+15); dusuk hp_support/zayif fallback (3, brand_model) (+10); fiyat davranisi tutarli (yasla aciklanan varyans veya dusuk cv) (+10)",True,,2011-2012,"120,000-201,000","1,450,000-1,950,000",False,55,interpolasyon alani dar (yil veya km araligi cok kisitli) (-15),4,0.3333333333333333
Subaru,Crosstrek,3,3,2,2023.0,2024.0,32000.0,74500.0,105000.0,2199999.0,2215000.0,2650000.0,0.0886,-0.9995,3,brand_model,theil_sen,arabam=3,3,0,True,True,CRITICAL,9,"train support 3 (3-7 bandi, +20); synthetic_safe=true (+15); 3 guncel arabam- kayit (+15); dusuk hp_support/zayif fallback (3, brand_model) (+10); fiyat davranisi tutarli (yasla aciklanan varyans veya dusuk cv) (+10)",True,,2023-2024,"32,000-105,000","2,199,999-2,650,000",False,55,interpolasyon alani dar (yil veya km araligi cok kisitli) (-15),4,1.0
Alfa Romeo,Junior Speciale,3,3,2,2024.0,2025.0,11950.0,21500.0,25690.0,1800000.0,1829950.0,1975000.0,0.0409,0.3486,3,brand_model,theil_sen,arabam=3,3,0,True,True,CRITICAL,9,"train support 3 (3-7 bandi, +20); synthetic_safe=true (+15); 3 guncel arabam- kayit (+15); dusuk hp_support/zayif fallback (3, brand_model) (+10); fiyat davranisi tutarli (yasla aciklanan varyans veya dusuk cv) (+10)",True,,2024-2025,"11,950-25,690","1,800,000-1,975,000",False,55,interpolasyon alani dar (yil veya km araligi cok kisitli) (-15),4,1.0
RKS,M5,5,5,2,2022.0,2023.0,6001.0,6001.0,6500.0,210000.0,230000.0,250000.0,0.0621,0.6559,5,brand_model,theil_sen,"arabam=2, kaggle=3",2,3,True,True,CRITICAL,6,"train support 5 (3-7 bandi, +20); synthetic_safe=true (+15); 2 guncel arabam- kayit (+15); dusuk hp_support/zayif fallback (5, brand_model) (+10); fiyat davranisi tutarli (yasla aciklanan varyans veya dusuk cv) (+10)",True,,2022-2023,"6,001-6,500","210,000-250,000",False,55,interpolasyon alani dar (yil veya km araligi cok kisitli) (-15),4,0.4
Kia,Optima,5,5,2,2012.0,2013.0,228000.0,268000.0,366000.0,835000.0,1100000.0,1150000.0,0.1204,0.8302,5,brand_model,theil_sen,"arabam=4, kaggle=1",4,1,True,True,CRITICAL,10,"train support 5 (3-7 bandi, +20); synthetic_safe=true (+15); 4 guncel arabam- kayit (+15); dusuk hp_support/zayif fallback (5, brand_model) (+10); fiyat davranisi tutarli (yasla aciklanan varyans veya dusuk cv) (+10)",True,,2012-2013,"228,000-366,000","835,000-1,150,000",False,55,interpolasyon alani dar (yil veya km araligi cok kisitli) (-15),4,0.8
Arora,Polo Plus,7,7,2,2025.0,2026.0,0.0,0.0,6001.0,135000.0,174990.0,209999.0,0.1227,-0.6778,7,brand_model,theil_sen,arabam=7,7,0,True,True,HIGH,6,"train support 7 (3-7 bandi, +20); synthetic_safe=true (+15); 7 guncel arabam- kayit (+15); dusuk hp_support/zayif fallback (7, brand_model) (+10); fiyat davranisi tutarli (yasla aciklanan varyans veya dusuk cv) (+10)",True,,2025-2026,"0-6,001","135,000-209,999",False,55,interpolasyon alani dar (yil veya km araligi cok kisitli) (-15),4,1.0
Ortimobil,Alexa,6,6,2,2025.0,2026.0,0.0,0.0,6005.0,639900.0,745000.0,850000.0,0.0885,-0.3542,6,brand_model,theil_sen,arabam=6,6,0,True,True,CRITICAL,9,"train support 6 (3-7 bandi, +20); synthetic_safe=true (+15); 6 guncel arabam- kayit (+15); dusuk hp_support/zayif fallback (6, brand_model) (+10); fiyat davranisi tutarli (yasla aciklanan varyans veya dusuk cv) (+10)",True,,2025-2026,"0-6,005","639,900-850,000",False,55,interpolasyon alani dar (yil veya km araligi cok kisitli) (-15),4,1.0
Motolux,Fayton Fx 11,3,3,2,2024.0,2025.0,0.0,0.0,6001.0,63000.0,67000.0,78000.0,0.0915,-0.96,3,brand_model,theil_sen,arabam=3,3,0,True,True,CRITICAL,5,"train support 3 (3-7 bandi, +20); synthetic_safe=true (+15); 3 guncel arabam- kayit (+15); dusuk hp_support/zayif fallback (3, brand_model) (+10); fiyat davranisi tutarli (yasla aciklanan varyans veya dusuk cv) (+10)",True,,2024-2025,"0-6,001","63,000-78,000",False,55,interpolasyon alani dar (yil veya km araligi cok kisitli) (-15),4,1.0
Kuba,City,4,3,2,2023.0,2024.0,0.0,6001.0,10000.0,245000.0,249000.0,279999.0,0.0606,-0.4007,3,brand_model,theil_sen,"arabam=3, kaggle=1",3,1,True,True,CRITICAL,5,"train support 3 (3-7 bandi, +20); synthetic_safe=true (+15); 3 guncel arabam- kayit (+15); dusuk hp_support/zayif fallback (3, brand_model) (+10); fiyat davranisi tutarli (yasla aciklanan varyans veya dusuk cv) (+10)",True,,2023-2024,"0-10,000","245,000-279,999",False,55,interpolasyon alani dar (yil veya km araligi cok kisitli) (-15),4,0.75
Kimmi,Triporter,4,4,2,2025.0,2026.0,0.0,0.0,0.0,123000.0,129900.0,139000.0,0.0513,-0.4752,4,brand_model,theil_sen,arabam=4,4,0,True,True,CRITICAL,4,"train support 4 (3-7 bandi, +20); synthetic_safe=true (+15); 4 guncel arabam- kayit (+15); dusuk hp_support/zayif fallback (4, brand_model) (+10); fiyat davranisi tutarli (yasla aciklanan varyans veya dusuk cv) (+10)",True,,2025-2026,0-0,"123,000-139,000",False,55,interpolasyon alani dar (yil veya km araligi cok kisitli) (-15),4,1.0
Hyundai,Genesis,4,4,2,2010.0,2011.0,110773.0,166500.0,185000.0,980000.0,1142500.0,1250000.0,0.0895,0.8701,4,brand_model,theil_sen,"arabam=3, kaggle=1",3,1,True,True,CRITICAL,8,"train support 4 (3-7 bandi, +20); synthetic_safe=true (+15); 3 guncel arabam- kayit (+15); dusuk hp_support/zayif fallback (4, brand_model) (+10); fiyat davranisi tutarli (yasla aciklanan varyans veya dusuk cv) (+10)",True,,2010-2011,"110,773-185,000","980,000-1,250,000",False,55,interpolasyon alani dar (yil veya km araligi cok kisitli) (-15),4,0.75
Ferrari,430,4,4,2,2008.0,2009.0,23434.0,51750.0,59800.0,7850000.0,13225000.0,16250000.0,0.2713,-0.4816,4,brand_model,theil_sen,"arabam=1, kaggle=3",1,3,True,True,CRITICAL,4,"train support 4 (3-7 bandi, +20); synthetic_safe=true (+15); 1 guncel arabam- kayit (+15); premium/high-value (medyan 13,225,000 >= 2,393,000) (+10); dusuk hp_support/zayif fallback (4, brand_model) (+10); fiyat davranisi tutarli (yasla aciklanan varyans veya dusuk cv) (+10)",True,,2008-2009,"23,434-59,800","7,850,000-16,250,000",False,55,"interpolasyon alani dar (yil veya km araligi cok kisitli) (-15); cok eski model (max_year=2009), dusuk ticari onem (-10)",4,0.25
Honda,CR-Z,4,4,2,2011.0,2012.0,71500.0,206000.0,275000.0,500000.0,600000.0,800000.0,0.1752,-0.7684,4,brand_model,theil_sen,"arabam=2, kaggle=2",2,2,True,True,CRITICAL,8,"train support 4 (3-7 bandi, +20); synthetic_safe=true (+15); 2 guncel arabam- kayit (+15); dusuk hp_support/zayif fallback (4, brand_model) (+10); fiyat davranisi tutarli (yasla aciklanan varyans veya dusuk cv) (+10)",True,,2011-2012,"71,500-275,000","500,000-800,000",False,55,interpolasyon alani dar (yil veya km araligi cok kisitli) (-15),4,0.5
Chery,Niche,3,3,2,2011.0,2012.0,78000.0,93000.0,205000.0,375000.0,535000.0,540000.0,0.1585,0.9997,3,brand_model,theil_sen,"arabam=1, kaggle=2",1,2,True,True,CRITICAL,9,"train support 3 (3-7 bandi, +20); synthetic_safe=true (+15); 1 guncel arabam- kayit (+15); dusuk hp_support/zayif fallback (3, brand_model) (+10); fiyat davranisi tutarli (yasla aciklanan varyans veya dusuk cv) (+10)",True,,2011-2012,"78,000-205,000","375,000-540,000",False,55,interpolasyon alani dar (yil veya km araligi cok kisitli) (-15),4,0.3333333333333333
Anadol,A2 SL,10,9,6,1972.0,1984.0,89056.0,140000.0,245000.0,90000.0,165000.0,250000.0,0.2611,0.1923,9,brand_model,theil_sen,kaggle=10,0,10,True,True,HIGH,7,"train support 9 (8-12 bandi, +12); synthetic_safe=true (+15); 6 farkli yil (+10); dusuk hp_support/zayif fallback (9, brand_model) (+10); interpolasyon araligi (yil+km) yeterli genislikte (+10); fiyat davranisi tutarli (yasla aciklanan varyans veya dusuk cv) (+10)",True,,1972-1984,"89,056-245,000","90,000-250,000",False,52,"sadece Kaggle/legacy kaynak, guncel scrape yok (-15)",3,0.0
Jaguar,Daimler,4,4,3,1992.0,1998.0,155000.0,235000.0,313000.0,800000.0,1167500.0,1750000.0,0.2817,-0.0164,4,brand_model,theil_sen,kaggle=4,0,4,True,True,CRITICAL,4,"train support 4 (3-7 bandi, +20); synthetic_safe=true (+15); 3 farkli yil (+10); dusuk hp_support/zayif fallback (4, brand_model) (+10); interpolasyon araligi (yil+km) yeterli genislikte (+10); fiyat davranisi tutarli (yasla aciklanan varyans veya dusuk cv) (+10)",True,,1992-1998,"155,000-313,000","800,000-1,750,000",False,50,"sadece Kaggle/legacy kaynak, guncel scrape yok (-15); cok eski model (max_year=1998), dusuk ticari onem (-10)",4,0.0
Lexus,GS,7,7,2,2016.0,2023.0,8000.0,25000.0,90500.0,1265000.0,1315000.0,2745000.0,0.3314,0.9965,7,brand_model,theil_sen,kaggle=7,0,7,True,True,CRITICAL,10,"train support 7 (3-7 bandi, +20); synthetic_safe=true (+15); dusuk hp_support/zayif fallback (7, brand_model) (+10); interpolasyon araligi (yil+km) yeterli genislikte (+10); fiyat davranisi tutarli (yasla aciklanan varyans veya dusuk cv) (+10)",True,,2016-2023,"8,000-90,500","1,265,000-2,745,000",False,50,"sadece Kaggle/legacy kaynak, guncel scrape yok (-15)",4,0.0
Reeder,Reev Fancy,10,9,2,2025.0,2026.0,6000.0,6010.0,6666.0,281500.0,350000.0,410000.0,0.1271,-0.5575,9,brand_model,theil_sen,arabam=10,10,0,True,True,HIGH,7,"train support 9 (8-12 bandi, +12); synthetic_safe=true (+15); 10 guncel arabam- kayit (+15); dusuk hp_support/zayif fallback (9, brand_model) (+10); fiyat davranisi tutarli (yasla aciklanan varyans veya dusuk cv) (+10)",True,,2025-2026,"6,000-6,666","281,500-410,000",False,47,interpolasyon alani dar (yil veya km araligi cok kisitli) (-15),3,1.0
Daewoo,Racer,9,9,2,1996.0,1997.0,111111.0,215000.0,350000.0,51500.0,125000.0,185000.0,0.3246,-0.2352,9,brand_model,theil_sen,"arabam=6, kaggle=3",6,3,True,True,HIGH,7,"train support 9 (8-12 bandi, +12); synthetic_safe=true (+15); 6 guncel arabam- kayit (+15); dusuk hp_support/zayif fallback (9, brand_model) (+10); fiyat davranisi tutarli (yasla aciklanan varyans veya dusuk cv) (+10)",True,,1996-1997,"111,111-350,000","51,500-185,000",False,47,interpolasyon alani dar (yil veya km araligi cok kisitli) (-15),3,0.6666666666666666
Proton,Savvy,9,9,2,2008.0,2009.0,123000.0,151000.0,271000.0,255000.0,295000.0,360000.0,0.1063,-0.0874,9,brand_model,theil_sen,"arabam=4, kaggle=5",4,5,True,True,HIGH,7,"train support 9 (8-12 bandi, +12); synthetic_safe=true (+15); 4 guncel arabam- kayit (+15); dusuk hp_support/zayif fallback (9, brand_model) (+10); fiyat davranisi tutarli (yasla aciklanan varyans veya dusuk cv) (+10)",True,,2008-2009,"123,000-271,000","255,000-360,000",False,47,interpolasyon alani dar (yil veya km araligi cok kisitli) (-15),3,0.4444444444444444
Alfa Romeo,Junior Elettrica,8,8,2,2024.0,2025.0,6100.0,15500.0,28000.0,1679000.0,1824950.0,2227500.0,0.0822,-0.2993,8,brand_model,theil_sen,arabam=8,8,0,True,True,CRITICAL,10,"train support 8 (8-12 bandi, +12); synthetic_safe=true (+15); 8 guncel arabam- kayit (+15); dusuk hp_support/zayif fallback (8, brand_model) (+10); fiyat davranisi tutarli (yasla aciklanan varyans veya dusuk cv) (+10)",True,,2024-2025,"6,100-28,000","1,679,000-2,227,500",False,47,interpolasyon alani dar (yil veya km araligi cok kisitli) (-15),4,1.0
Rover,25,9,9,2,2000.0,2001.0,177000.0,282000.0,330000.0,180000.0,270000.0,285000.0,0.1385,0.0383,9,brand_model,theil_sen,"arabam=7, kaggle=2",7,2,True,True,HIGH,7,"train support 9 (8-12 bandi, +12); synthetic_safe=true (+15); 7 guncel arabam- kayit (+15); dusuk hp_support/zayif fallback (9, brand_model) (+10); fiyat davranisi tutarli (yasla aciklanan varyans veya dusuk cv) (+10)",True,,2000-2001,"177,000-330,000","180,000-285,000",False,47,interpolasyon alani dar (yil veya km araligi cok kisitli) (-15),3,0.7777777777777778
Mazda,121,5,5,2,1991.0,1992.0,210000.0,250000.0,472000.0,120000.0,165000.0,225000.0,0.2352,-0.7352,5,brand_model,theil_sen,"arabam=2, kaggle=3",2,3,True,True,CRITICAL,6,"train support 5 (3-7 bandi, +20); synthetic_safe=true (+15); 2 guncel arabam- kayit (+15); dusuk hp_support/zayif fallback (5, brand_model) (+10); fiyat davranisi tutarli (yasla aciklanan varyans veya dusuk cv) (+10)",True,,1991-1992,"210,000-472,000","120,000-225,000",False,45,"interpolasyon alani dar (yil veya km araligi cok kisitli) (-15); cok eski model (max_year=1992), dusuk ticari onem (-10)",4,0.4
Suzuki,Liana,6,6,2,2002.0,2003.0,272000.0,303000.0,320000.0,229000.0,281500.0,385000.0,0.1865,-0.2986,6,brand_model,theil_sen,"arabam=4, kaggle=2",4,2,True,True,HIGH,5,"train support 6 (3-7 bandi, +20); synthetic_safe=true (+15); 4 guncel arabam- kayit (+15); dusuk hp_support/zayif fallback (6, brand_model) (+10); fiyat davranisi tutarli (yasla aciklanan varyans veya dusuk cv) (+10)",True,,2002-2003,"272,000-320,000","229,000-385,000",False,45,"interpolasyon alani dar (yil veya km araligi cok kisitli) (-15); cok eski model (max_year=2003), dusuk ticari onem (-10)",4,0.6666666666666666
Opel,Signum,3,3,2,2004.0,2005.0,198800.0,258000.0,370000.0,360000.0,458000.0,690000.0,0.2753,-0.7823,3,brand_model,theil_sen,"arabam=2, kaggle=1",2,1,True,True,CRITICAL,5,"train support 3 (3-7 bandi, +20); synthetic_safe=true (+15); 2 guncel arabam- kayit (+15); dusuk hp_support/zayif fallback (3, brand_model) (+10); fiyat davranisi tutarli (yasla aciklanan varyans veya dusuk cv) (+10)",True,,2004-2005,"198,800-370,000","360,000-690,000",False,45,"interpolasyon alani dar (yil veya km araligi cok kisitli) (-15); cok eski model (max_year=2005), dusuk ticari onem (-10)",4,0.6666666666666666
Nissan,Rally Raid,4,4,2,2005.0,2006.0,365000.0,445125.0,589000.0,400000.0,475000.0,630000.0,0.2002,0.5603,4,brand_model,theil_sen,arabam=4,4,0,True,True,CRITICAL,4,"train support 4 (3-7 bandi, +20); synthetic_safe=true (+15); 4 guncel arabam- kayit (+15); dusuk hp_support/zayif fallback (4, brand_model) (+10); fiyat davranisi tutarli (yasla aciklanan varyans veya dusuk cv) (+10)",True,,2005-2006,"365,000-589,000","400,000-630,000",False,45,"interpolasyon alani dar (yil veya km araligi cok kisitli) (-15); cok eski model (max_year=2006), dusuk ticari onem (-10)",4,1.0
Proton,420,3,3,2,1999.0,2000.0,158000.0,165000.0,300000.0,65000.0,100000.0,170000.0,0.3909,-0.8944,3,brand_model,theil_sen,"arabam=2, kaggle=1",2,1,True,True,CRITICAL,5,"train support 3 (3-7 bandi, +20); synthetic_safe=true (+15); 2 guncel arabam- kayit (+15); dusuk hp_support/zayif fallback (3, brand_model) (+10); fiyat davranisi tutarli (yasla aciklanan varyans veya dusuk cv) (+10)",True,,1999-2000,"158,000-300,000","65,000-170,000",False,45,"interpolasyon alani dar (yil veya km araligi cok kisitli) (-15); cok eski model (max_year=2000), dusuk ticari onem (-10)",4,0.6666666666666666
Mazda,Premacy,3,3,2,2000.0,2001.0,195000.0,200000.0,290000.0,335000.0,375000.0,415000.0,0.0871,0.0308,3,brand_model,theil_sen,"arabam=2, kaggle=1",2,1,True,True,CRITICAL,5,"train support 3 (3-7 bandi, +20); synthetic_safe=true (+15); 2 guncel arabam- kayit (+15); dusuk hp_support/zayif fallback (3, brand_model) (+10); fiyat davranisi tutarli (yasla aciklanan varyans veya dusuk cv) (+10)",True,,2000-2001,"195,000-290,000","335,000-415,000",False,45,"interpolasyon alani dar (yil veya km araligi cok kisitli) (-15); cok eski model (max_year=2001), dusuk ticari onem (-10)",4,0.6666666666666666
Toyota,Celica,3,3,2,1991.0,1992.0,173000.0,240000.0,394000.0,650000.0,750000.0,835000.0,0.1015,0.822,3,brand_model,theil_sen,arabam=3,3,0,True,True,CRITICAL,5,"train support 3 (3-7 bandi, +20); synthetic_safe=true (+15); 3 guncel arabam- kayit (+15); dusuk hp_support/zayif fallback (3, brand_model) (+10); fiyat davranisi tutarli (yasla aciklanan varyans veya dusuk cv) (+10)",True,,1991-1992,"173,000-394,000","650,000-835,000",False,45,"interpolasyon alani dar (yil veya km araligi cok kisitli) (-15); cok eski model (max_year=1992), dusuk ticari onem (-10)",4,1.0
Jaguar,XJR,3,3,2,1996.0,1997.0,187000.0,200000.0,265000.0,1025000.0,1050000.0,1399000.0,0.1474,-0.9976,3,brand_model,theil_sen,arabam=3,3,0,True,True,CRITICAL,5,"train support 3 (3-7 bandi, +20); synthetic_safe=true (+15); 3 guncel arabam- kayit (+15); dusuk hp_support/zayif fallback (3, brand_model) (+10); fiyat davranisi tutarli (yasla aciklanan varyans veya dusuk cv) (+10)",True,,1996-1997,"187,000-265,000","1,025,000-1,399,000",False,45,"interpolasyon alani dar (yil veya km araligi cok kisitli) (-15); cok eski model (max_year=1997), dusuk ticari onem (-10)",4,1.0
Daewoo,Leganza,7,7,2,1998.0,1999.0,207000.0,226000.0,380000.0,175000.0,215000.0,385000.0,0.2831,-0.807,7,brand_model,theil_sen,"arabam=4, kaggle=3",4,3,True,True,HIGH,6,"train support 7 (3-7 bandi, +20); synthetic_safe=true (+15); 4 guncel arabam- kayit (+15); dusuk hp_support/zayif fallback (7, brand_model) (+10); fiyat davranisi tutarli (yasla aciklanan varyans veya dusuk cv) (+10)",True,,1998-1999,"207,000-380,000","175,000-385,000",False,45,"interpolasyon alani dar (yil veya km araligi cok kisitli) (-15); cok eski model (max_year=1999), dusuk ticari onem (-10)",4,0.5714285714285714
Toyota,Cressida,7,7,2,1991.0,1992.0,200000.0,330000.0,560000.0,182000.0,350000.0,480000.0,0.2898,0.0882,7,brand_model,theil_sen,"arabam=4, kaggle=3",4,3,True,True,CRITICAL,10,"train support 7 (3-7 bandi, +20); synthetic_safe=true (+15); 4 guncel arabam- kayit (+15); dusuk hp_support/zayif fallback (7, brand_model) (+10); fiyat davranisi tutarli (yasla aciklanan varyans veya dusuk cv) (+10)",True,,1991-1992,"200,000-560,000","182,000-480,000",False,45,"interpolasyon alani dar (yil veya km araligi cok kisitli) (-15); cok eski model (max_year=1992), dusuk ticari onem (-10)",4,0.5714285714285714
Daihatsu,Charade,6,6,2,1998.0,1999.0,150000.0,200284.0,343000.0,199000.0,232875.0,280000.0,0.1079,-0.7216,6,brand_model,theil_sen,"arabam=3, kaggle=3",3,3,True,True,HIGH,5,"train support 6 (3-7 bandi, +20); synthetic_safe=true (+15); 3 guncel arabam- kayit (+15); dusuk hp_support/zayif fallback (6, brand_model) (+10); fiyat davranisi tutarli (yasla aciklanan varyans veya dusuk cv) (+10)",True,,1998-1999,"150,000-343,000","199,000-280,000",False,45,"interpolasyon alani dar (yil veya km araligi cok kisitli) (-15); cok eski model (max_year=1999), dusuk ticari onem (-10)",4,0.5
Nissan,NX Coupe,6,6,2,1992.0,1993.0,123000.0,280000.0,540000.0,200000.0,290000.0,420000.0,0.255,0.0676,6,brand_model,theil_sen,"arabam=5, kaggle=1",5,1,True,True,HIGH,5,"train support 6 (3-7 bandi, +20); synthetic_safe=true (+15); 5 guncel arabam- kayit (+15); dusuk hp_support/zayif fallback (6, brand_model) (+10); fiyat davranisi tutarli (yasla aciklanan varyans veya dusuk cv) (+10)",True,,1992-1993,"123,000-540,000","200,000-420,000",False,45,"interpolasyon alani dar (yil veya km araligi cok kisitli) (-15); cok eski model (max_year=1993), dusuk ticari onem (-10)",4,0.8333333333333334
Infiniti,i30,3,3,2,1996.0,2000.0,180000.0,230000.0,298000.0,225000.0,475000.0,515000.0,0.3168,-0.5747,3,brand_model,theil_sen,kaggle=3,0,3,True,True,CRITICAL,5,"train support 3 (3-7 bandi, +20); synthetic_safe=true (+15); dusuk hp_support/zayif fallback (3, brand_model) (+10); interpolasyon araligi (yil+km) yeterli genislikte (+10); fiyat davranisi tutarli (yasla aciklanan varyans veya dusuk cv) (+10)",True,,1996-2000,"180,000-298,000","225,000-515,000",False,40,"sadece Kaggle/legacy kaynak, guncel scrape yok (-15); cok eski model (max_year=2000), dusuk ticari onem (-10)",4,0.0
Cupra,Ateca,11,11,2,2023.0,2024.0,7500.0,40000.0,58000.0,1875000.0,2250000.0,2600000.0,0.0821,-0.2601,11,brand_model,theil_sen,arabam=11,11,0,True,True,MEDIUM,6,"train support 11 (8-12 bandi, +12); synthetic_safe=true (+15); 11 guncel arabam- kayit (+15); fiyat davranisi tutarli (yasla aciklanan varyans veya dusuk cv) (+10)",True,,2023-2024,"7,500-58,000","1,875,000-2,600,000",False,37,interpolasyon alani dar (yil veya km araligi cok kisitli) (-15),3,1.0
Hyundai,ix20,10,10,2,2011.0,2012.0,123000.0,214300.0,258000.0,540000.0,724450.0,825000.0,0.1336,-0.0143,10,brand_model,theil_sen,"arabam=9, kaggle=1",9,1,True,True,HIGH,10,"train support 10 (8-12 bandi, +12); synthetic_safe=true (+15); 9 guncel arabam- kayit (+15); fiyat davranisi tutarli (yasla aciklanan varyans veya dusuk cv) (+10)",True,,2011-2012,"123,000-258,000","540,000-825,000",False,37,interpolasyon alani dar (yil veya km araligi cok kisitli) (-15),3,0.9
Honda,Integra,8,8,2,1991.0,1992.0,136000.0,325000.0,401500.0,174500.0,296500.0,350000.0,0.1707,0.5179,8,brand_model,theil_sen,"arabam=4, kaggle=4",4,4,True,True,HIGH,6,"train support 8 (8-12 bandi, +12); synthetic_safe=true (+15); 4 guncel arabam- kayit (+15); dusuk hp_support/zayif fallback (8, brand_model) (+10); fiyat davranisi tutarli (yasla aciklanan varyans veya dusuk cv) (+10)",True,,1991-1992,"136,000-401,500","174,500-350,000",False,37,"interpolasyon alani dar (yil veya km araligi cok kisitli) (-15); cok eski model (max_year=1992), dusuk ticari onem (-10)",4,0.5
Ikco,Samand,13,12,2,2008.0,2009.0,80000.0,236000.0,317000.0,165000.0,261000.0,300000.0,0.15,0.5309,12,brand_model,theil_sen,"arabam=6, kaggle=7",6,7,True,True,MEDIUM,5,"train support 12 (8-12 bandi, +12); synthetic_safe=true (+15); 6 guncel arabam- kayit (+15); fiyat davranisi tutarli (yasla aciklanan varyans veya dusuk cv) (+10)",True,,2008-2009,"80,000-317,000","165,000-300,000",False,37,interpolasyon alani dar (yil veya km araligi cok kisitli) (-15),3,0.46153846153846156
Proton,315,8,8,2,1998.0,1999.0,186666.0,283500.0,345000.0,135000.0,190000.0,245000.0,0.1625,0.2026,8,brand_model,theil_sen,"arabam=2, kaggle=6",2,6,True,True,HIGH,6,"train support 8 (8-12 bandi, +12); synthetic_safe=true (+15); 2 guncel arabam- kayit (+15); dusuk hp_support/zayif fallback (8, brand_model) (+10); fiyat davranisi tutarli (yasla aciklanan varyans veya dusuk cv) (+10)",True,,1998-1999,"186,666-345,000","135,000-245,000",False,37,"interpolasyon alani dar (yil veya km araligi cok kisitli) (-15); cok eski model (max_year=1999), dusuk ticari onem (-10)",4,0.25
Kia,Capital,10,10,2,1993.0,1994.0,100000.0,336500.0,400000.0,70000.0,127500.0,165000.0,0.2194,-0.5525,10,brand_model,theil_sen,"arabam=6, kaggle=4",6,4,True,True,MEDIUM,6,"train support 10 (8-12 bandi, +12); synthetic_safe=true (+15); 6 guncel arabam- kayit (+15); fiyat davranisi tutarli (yasla aciklanan varyans veya dusuk cv) (+10)",True,,1993-1994,"100,000-400,000","70,000-165,000",False,37,interpolasyon alani dar (yil veya km araligi cok kisitli) (-15),3,0.6
Fiat,Sedici,11,11,2,2007.0,2008.0,192000.0,246000.0,400008.0,350000.0,475000.0,555000.0,0.1562,-0.091,11,brand_model,theil_sen,arabam=11,11,0,True,True,MEDIUM,6,"train support 11 (8-12 bandi, +12); synthetic_safe=true (+15); 11 guncel arabam- kayit (+15); fiyat davranisi tutarli (yasla aciklanan varyans veya dusuk cv) (+10)",True,,2007-2008,"192,000-400,008","350,000-555,000",False,37,interpolasyon alani dar (yil veya km araligi cok kisitli) (-15),3,1.0
Proton,418,12,12,2,1998.0,1999.0,142000.0,262000.0,360000.0,149000.0,210000.0,360000.0,0.2427,-0.2438,12,brand_model,theil_sen,"arabam=2, kaggle=10",2,10,True,True,MEDIUM,5,"train support 12 (8-12 bandi, +12); synthetic_safe=true (+15); 2 guncel arabam- kayit (+15); fiyat davranisi tutarli (yasla aciklanan varyans veya dusuk cv) (+10)",True,,1998-1999,"142,000-360,000","149,000-360,000",False,37,interpolasyon alani dar (yil veya km araligi cok kisitli) (-15),3,0.16666666666666666
Skoda,Citigo,12,12,2,2012.0,2013.0,85000.0,126000.0,214000.0,495000.0,617500.0,749000.0,0.134,0.2421,12,brand_model,theil_sen,"arabam=10, kaggle=2",10,2,True,True,MEDIUM,5,"train support 12 (8-12 bandi, +12); synthetic_safe=true (+15); 10 guncel arabam- kayit (+15); fiyat davranisi tutarli (yasla aciklanan varyans veya dusuk cv) (+10)",True,,2012-2013,"85,000-214,000","495,000-749,000",False,37,interpolasyon alani dar (yil veya km araligi cok kisitli) (-15),3,0.8333333333333334
Mazda,Xedos,4,4,2,1997.0,1998.0,195000.0,286000.0,330000.0,365000.0,425000.0,1200000.0,0.5731,0.5341,4,brand_model,theil_sen,"arabam=1, kaggle=3",1,3,True,True,CRITICAL,4,"train support 4 (3-7 bandi, +20); synthetic_safe=true (+15); 1 guncel arabam- kayit (+15); dusuk hp_support/zayif fallback (4, brand_model) (+10)",True,,1997-1998,"195,000-330,000","365,000-1,200,000",False,35,"interpolasyon alani dar (yil veya km araligi cok kisitli) (-15); cok eski model (max_year=1998), dusuk ticari onem (-10)",4,0.25
Renault,Zoe,6,6,2,2022.0,2023.0,6001.0,30361.0,88000.0,850000.0,969875.0,1207900.0,0.118,-0.8927,6,brand_model,theil_sen,kaggle=6,0,6,True,True,CRITICAL,9,"train support 6 (3-7 bandi, +20); synthetic_safe=true (+15); dusuk hp_support/zayif fallback (6, brand_model) (+10); fiyat davranisi tutarli (yasla aciklanan varyans veya dusuk cv) (+10)",True,,2022-2023,"6,001-88,000","850,000-1,207,900",False,25,"sadece Kaggle/legacy kaynak, guncel scrape yok (-15); interpolasyon alani dar (yil veya km araligi cok kisitli) (-15)",4,0.0
