marka,model,raw_real_count,train_real_count,unique_year_count,min_year,max_year,min_km,median_km,max_km,min_price,median_price,max_price,price_cv,price_age_corr,current_hp_support,current_hp_source,current_hp_method,source_distribution,arabam_count,kaggle_count,in_ui_catalog,synthetic_candidate,priority,recommended_synthetic_count,reason,synthetic_safe,safety_reason,interpolation_year_range,interpolation_km_range,interpolation_price_range
Alfa Romeo,Giulia Quadrifoglio,1,0,1,2023.0,2023.0,14800.0,14800.0,14800.0,14900000.0,14900000.0,14900000.0,0.0,,717,brand,fallback_brand,arabam=1,1,0,True,True,CRITICAL,3,"0 gercek egitim kaydi (ham: 1). premium fiyat segmenti (medyan 14,900,000 >= p90 esigi 3,375,000); hierarchical_price brand katmanina duesuyor (kendi brand_model verisi yok/yetersiz); model yili cesitliligi cok dusuk (1 farkli yil); UI kataloginda secilebilir (kullanici gercekten bu araci secebilir).",False,"n<2: aralik/varyans tanimlanamaz, interpolasyon icin yeterli nokta yok; tek model yili: yil ekseninde interpolasyon bolgesi yok; guvenli olmadigi icin onerilen sayi yariya indirildi (asil oneri 6 idi)",2023-2023,"14,800-14,800","14,900,000-14,900,000"
Alfa Romeo,Stelvio,2,0,1,2022.0,2022.0,44500.0,49000.0,53500.0,3000000.0,3750000.0,4500000.0,0.2,,717,brand,fallback_brand,arabam=2,2,0,True,True,CRITICAL,3,"0 gercek egitim kaydi (ham: 2). premium fiyat segmenti (medyan 3,750,000 >= p90 esigi 3,375,000); hierarchical_price brand katmanina duesuyor (kendi brand_model verisi yok/yetersiz); model yili cesitliligi cok dusuk (1 farkli yil); UI kataloginda secilebilir (kullanici gercekten bu araci secebilir).",False,"n<2: aralik/varyans tanimlanamaz, interpolasyon icin yeterli nokta yok; tek model yili: yil ekseninde interpolasyon bolgesi yok; guvenli olmadigi icin onerilen sayi yariya indirildi (asil oneri 6 idi)",2022-2022,"44,500-53,500","3,000,000-4,500,000"
Audi,RS Q8,4,0,3,2021.0,2024.0,0.0,27000.0,83000.0,13900000.0,19962373.5,21750000.0,0.1585,-0.9791,8575,brand,fallback_brand,arabam=4,4,0,True,True,CRITICAL,3,"0 gercek egitim kaydi (ham: 4). premium fiyat segmenti (medyan 19,962,374 >= p90 esigi 3,375,000); hierarchical_price brand katmanina duesuyor (kendi brand_model verisi yok/yetersiz); UI kataloginda secilebilir (kullanici gercekten bu araci secebilir).",False,"n<2: aralik/varyans tanimlanamaz, interpolasyon icin yeterli nokta yok; guvenli olmadigi icin onerilen sayi yariya indirildi (asil oneri 6 idi)",2021-2024,"0-83,000","13,900,000-21,750,000"
BMW,8 Serisi,3,0,2,1995.0,2020.0,57508.0,95000.0,184000.0,8000000.0,11501461.0,12900000.0,0.1908,-0.9732,12153,brand,fallback_brand,"arabam=2, kaggle=1",2,1,True,True,CRITICAL,3,"0 gercek egitim kaydi (ham: 3). premium fiyat segmenti (medyan 11,501,461 >= p90 esigi 3,375,000); hierarchical_price brand katmanina duesuyor (kendi brand_model verisi yok/yetersiz); model yili cesitliligi cok dusuk (2 farkli yil); UI kataloginda secilebilir (kullanici gercekten bu araci secebilir).",False,"n<2: aralik/varyans tanimlanamaz, interpolasyon icin yeterli nokta yok; guvenli olmadigi icin onerilen sayi yariya indirildi (asil oneri 6 idi)",1995-2020,"57,508-184,000","8,000,000-12,900,000"
BMW,X7,2,0,1,2023.0,2023.0,30620.0,49810.0,69000.0,14250000.0,19375000.0,24500000.0,0.2645,,12153,brand,fallback_brand,arabam=2,2,0,True,True,CRITICAL,3,"0 gercek egitim kaydi (ham: 2). premium fiyat segmenti (medyan 19,375,000 >= p90 esigi 3,375,000); hierarchical_price brand katmanina duesuyor (kendi brand_model verisi yok/yetersiz); model yili cesitliligi cok dusuk (1 farkli yil); UI kataloginda secilebilir (kullanici gercekten bu araci secebilir).",False,"n<2: aralik/varyans tanimlanamaz, interpolasyon icin yeterli nokta yok; tek model yili: yil ekseninde interpolasyon bolgesi yok; guvenli olmadigi icin onerilen sayi yariya indirildi (asil oneri 6 idi)",2023-2023,"30,620-69,000","14,250,000-24,500,000"
BYD,Tang,3,0,1,2025.0,2025.0,0.0,9800.0,22000.0,4149900.0,4800000.0,4800000.0,0.0669,,457,brand,fallback_brand,arabam=3,3,0,True,True,CRITICAL,3,"0 gercek egitim kaydi (ham: 3). premium fiyat segmenti (medyan 4,800,000 >= p90 esigi 3,375,000); hierarchical_price brand katmanina duesuyor (kendi brand_model verisi yok/yetersiz); model yili cesitliligi cok dusuk (1 farkli yil); UI kataloginda secilebilir (kullanici gercekten bu araci secebilir).",False,"n<2: aralik/varyans tanimlanamaz, interpolasyon icin yeterli nokta yok; tek model yili: yil ekseninde interpolasyon bolgesi yok; guvenli olmadigi icin onerilen sayi yariya indirildi (asil oneri 6 idi)",2025-2025,"0-22,000","4,149,900-4,800,000"
Buick,Le Sabre,1,0,1,1997.0,1997.0,65000.0,65000.0,65000.0,1225000.0,1225000.0,1225000.0,0.0,,3,brand,fallback_brand,arabam=1,1,0,True,True,CRITICAL,1,"0 gercek egitim kaydi (ham: 1). hierarchical_price destegi dusuk (n=3); hierarchical_price brand katmanina duesuyor (kendi brand_model verisi yok/yetersiz); model yili cesitliligi cok dusuk (1 farkli yil); UI kataloginda secilebilir (kullanici gercekten bu araci secebilir). azaltici: cok eski model (max_year=1997), piyasada nadir - dusuk oncelik.",False,"n<2: aralik/varyans tanimlanamaz, interpolasyon icin yeterli nokta yok; tek model yili: yil ekseninde interpolasyon bolgesi yok; guvenli olmadigi icin onerilen sayi yariya indirildi (asil oneri 2 idi)",1997-1997,"65,000-65,000","1,225,000-1,225,000"
Daewoo,Chairman,2,0,2,1998.0,1999.0,175000.0,262500.0,350000.0,750000.0,1300000.0,1850000.0,0.4231,,147,brand,fallback_brand,"arabam=1, kaggle=1",1,1,True,True,CRITICAL,1,"0 gercek egitim kaydi (ham: 2). hierarchical_price brand katmanina duesuyor (kendi brand_model verisi yok/yetersiz); model yili cesitliligi cok dusuk (2 farkli yil); UI kataloginda secilebilir (kullanici gercekten bu araci secebilir). azaltici: cok eski model (max_year=1999), piyasada nadir - dusuk oncelik.",False,"n<2: aralik/varyans tanimlanamaz, interpolasyon icin yeterli nokta yok; guvenli olmadigi icin onerilen sayi yariya indirildi (asil oneri 2 idi)",1998-1999,"175,000-350,000","750,000-1,850,000"
Ferrari,SF90,1,0,1,2023.0,2023.0,0.0,0.0,0.0,78000000.0,78000000.0,78000000.0,0.0,,29,brand,fallback_brand,kaggle=1,0,1,True,True,CRITICAL,3,"0 gercek egitim kaydi (ham: 1). premium fiyat segmenti (medyan 78,000,000 >= p90 esigi 3,375,000); hierarchical_price brand katmanina duesuyor (kendi brand_model verisi yok/yetersiz); model yili cesitliligi cok dusuk (1 farkli yil); UI kataloginda secilebilir (kullanici gercekten bu araci secebilir).",False,"n<2: aralik/varyans tanimlanamaz, interpolasyon icin yeterli nokta yok; tek model yili: yil ekseninde interpolasyon bolgesi yok; guvenli olmadigi icin onerilen sayi yariya indirildi (asil oneri 6 idi)",2023-2023,0-0,"78,000,000-78,000,000"
Fiat,124 Spider,1,0,1,2017.0,2017.0,97000.0,97000.0,97000.0,1858124.0,1858124.0,1858124.0,0.0,,33657,brand,fallback_brand,arabam=1,1,0,True,True,CRITICAL,3,0 gercek egitim kaydi (ham: 1). hierarchical_price brand katmanina duesuyor (kendi brand_model verisi yok/yetersiz); model yili cesitliligi cok dusuk (1 farkli yil); UI kataloginda secilebilir (kullanici gercekten bu araci secebilir).,False,"n<2: aralik/varyans tanimlanamaz, interpolasyon icin yeterli nokta yok; tek model yili: yil ekseninde interpolasyon bolgesi yok; guvenli olmadigi icin onerilen sayi yariya indirildi (asil oneri 6 idi)",2017-2017,"97,000-97,000","1,858,124-1,858,124"
Fiat,500 Abarth,2,0,2,2013.0,2017.0,8000.0,24428.5,40857.0,2700000.0,3100000.0,3500000.0,0.129,,33657,brand,fallback_brand,arabam=2,2,0,True,True,CRITICAL,3,0 gercek egitim kaydi (ham: 2). hierarchical_price brand katmanina duesuyor (kendi brand_model verisi yok/yetersiz); model yili cesitliligi cok dusuk (2 farkli yil); UI kataloginda secilebilir (kullanici gercekten bu araci secebilir).,False,"n<2: aralik/varyans tanimlanamaz, interpolasyon icin yeterli nokta yok; guvenli olmadigi icin onerilen sayi yariya indirildi (asil oneri 6 idi)",2013-2017,"8,000-40,857","2,700,000-3,500,000"
Fiat,600e,5,0,2,2024.0,2025.0,6001.0,6100.0,25000.0,1585000.0,1750000.0,1780000.0,0.0425,-0.5129,33657,brand,fallback_brand,arabam=5,5,0,True,True,CRITICAL,3,0 gercek egitim kaydi (ham: 5). hierarchical_price brand katmanina duesuyor (kendi brand_model verisi yok/yetersiz); model yili cesitliligi cok dusuk (2 farkli yil); UI kataloginda secilebilir (kullanici gercekten bu araci secebilir).,False,"n<2: aralik/varyans tanimlanamaz, interpolasyon icin yeterli nokta yok; guvenli olmadigi icin onerilen sayi yariya indirildi (asil oneri 6 idi)",2024-2025,"6,001-25,000","1,585,000-1,780,000"
Ford,Bronco Sport,2,0,1,2023.0,2023.0,6600.0,7200.0,7800.0,3175000.0,3312500.0,3450000.0,0.0415,,25121,brand,fallback_brand,arabam=2,2,0,True,True,CRITICAL,3,0 gercek egitim kaydi (ham: 2). hierarchical_price brand katmanina duesuyor (kendi brand_model verisi yok/yetersiz); model yili cesitliligi cok dusuk (1 farkli yil); UI kataloginda secilebilir (kullanici gercekten bu araci secebilir).,False,"n<2: aralik/varyans tanimlanamaz, interpolasyon icin yeterli nokta yok; tek model yili: yil ekseninde interpolasyon bolgesi yok; guvenli olmadigi icin onerilen sayi yariya indirildi (asil oneri 6 idi)",2023-2023,"6,600-7,800","3,175,000-3,450,000"
Ford,F,2,0,1,2023.0,2023.0,6100.0,10550.0,15000.0,6550000.0,6650000.0,6750000.0,0.015,,1,model,fallback_model,arabam=2,2,0,True,True,CRITICAL,3,"0 gercek egitim kaydi (ham: 2). premium fiyat segmenti (medyan 6,650,000 >= p90 esigi 3,375,000); hierarchical_price destegi dusuk (n=1); hierarchical_price model katmanina duesuyor (kendi brand_model verisi yok/yetersiz); model yili cesitliligi cok dusuk (1 farkli yil); UI kataloginda secilebilir (kullanici gercekten bu araci secebilir).",False,"n<2: aralik/varyans tanimlanamaz, interpolasyon icin yeterli nokta yok; tek model yili: yil ekseninde interpolasyon bolgesi yok; guvenli olmadigi icin onerilen sayi yariya indirildi (asil oneri 6 idi)",2023-2023,"6,100-15,000","6,550,000-6,750,000"
Ford,Mustang Mach-E,13,0,3,2021.0,2023.0,30.0,12000.0,113000.0,2590000.0,2970000.0,3975000.0,0.1447,-0.2429,25121,brand,fallback_brand,arabam=13,13,0,True,True,CRITICAL,1,0 gercek egitim kaydi (ham: 13). hierarchical_price brand katmanina duesuyor (kendi brand_model verisi yok/yetersiz); UI kataloginda secilebilir (kullanici gercekten bu araci secebilir). azaltici: zaten yeterli GUNCEL gercek ornek (arabam=13).,False,"n<2: aralik/varyans tanimlanamaz, interpolasyon icin yeterli nokta yok; guvenli olmadigi icin onerilen sayi yariya indirildi (asil oneri 2 idi)",2021-2023,"30-113,000","2,590,000-3,975,000"
Ford,Thunderbird,1,0,1,2002.0,2002.0,83165.0,83165.0,83165.0,6095000.0,6095000.0,6095000.0,0.0,,25121,brand,fallback_brand,arabam=1,1,0,True,True,CRITICAL,1,"0 gercek egitim kaydi (ham: 1). premium fiyat segmenti (medyan 6,095,000 >= p90 esigi 3,375,000); hierarchical_price brand katmanina duesuyor (kendi brand_model verisi yok/yetersiz); model yili cesitliligi cok dusuk (1 farkli yil); UI kataloginda secilebilir (kullanici gercekten bu araci secebilir). azaltici: cok eski model (max_year=2002), piyasada nadir - dusuk oncelik.",False,"n<2: aralik/varyans tanimlanamaz, interpolasyon icin yeterli nokta yok; tek model yili: yil ekseninde interpolasyon bolgesi yok; guvenli olmadigi icin onerilen sayi yariya indirildi (asil oneri 2 idi)",2002-2002,"83,165-83,165","6,095,000-6,095,000"
Honda,ZR-V,3,0,1,2023.0,2023.0,6893.0,22600.0,54000.0,2950000.0,3099000.0,3693500.0,0.0989,,9723,brand,fallback_brand,arabam=3,3,0,True,True,CRITICAL,3,0 gercek egitim kaydi (ham: 3). hierarchical_price brand katmanina duesuyor (kendi brand_model verisi yok/yetersiz); model yili cesitliligi cok dusuk (1 farkli yil); UI kataloginda secilebilir (kullanici gercekten bu araci secebilir).,False,"n<2: aralik/varyans tanimlanamaz, interpolasyon icin yeterli nokta yok; tek model yili: yil ekseninde interpolasyon bolgesi yok; guvenli olmadigi icin onerilen sayi yariya indirildi (asil oneri 6 idi)",2023-2023,"6,893-54,000","2,950,000-3,693,500"
Kia,EV9,7,0,4,2023.0,2026.0,0.0,48000.0,70000.0,4500000.0,5400000.0,7290000.0,0.1638,-0.8992,4867,brand,fallback_brand,arabam=7,7,0,True,True,CRITICAL,3,"0 gercek egitim kaydi (ham: 7). premium fiyat segmenti (medyan 5,400,000 >= p90 esigi 3,375,000); hierarchical_price brand katmanina duesuyor (kendi brand_model verisi yok/yetersiz); UI kataloginda secilebilir (kullanici gercekten bu araci secebilir).",False,"n<2: aralik/varyans tanimlanamaz, interpolasyon icin yeterli nokta yok; guvenli olmadigi icin onerilen sayi yariya indirildi (asil oneri 6 idi)",2023-2026,"0-70,000","4,500,000-7,290,000"
Lotus,Emira,1,0,1,2024.0,2024.0,0.0,0.0,0.0,19800000.0,19800000.0,19800000.0,0.0,,2,brand,fallback_brand,kaggle=1,0,1,True,True,CRITICAL,3,"0 gercek egitim kaydi (ham: 1). premium fiyat segmenti (medyan 19,800,000 >= p90 esigi 3,375,000); hierarchical_price destegi dusuk (n=2); hierarchical_price brand katmanina duesuyor (kendi brand_model verisi yok/yetersiz); model yili cesitliligi cok dusuk (1 farkli yil); UI kataloginda secilebilir (kullanici gercekten bu araci secebilir).",False,"n<2: aralik/varyans tanimlanamaz, interpolasyon icin yeterli nokta yok; tek model yili: yil ekseninde interpolasyon bolgesi yok; guvenli olmadigi icin onerilen sayi yariya indirildi (asil oneri 6 idi)",2024-2024,0-0,"19,800,000-19,800,000"
MG,Marvel R,1,0,1,2023.0,2023.0,15000.0,15000.0,15000.0,2599999.0,2599999.0,2599999.0,0.0,,324,brand,fallback_brand,arabam=1,1,0,True,True,CRITICAL,3,0 gercek egitim kaydi (ham: 1). hierarchical_price brand katmanina duesuyor (kendi brand_model verisi yok/yetersiz); model yili cesitliligi cok dusuk (1 farkli yil); UI kataloginda secilebilir (kullanici gercekten bu araci secebilir).,False,"n<2: aralik/varyans tanimlanamaz, interpolasyon icin yeterli nokta yok; tek model yili: yil ekseninde interpolasyon bolgesi yok; guvenli olmadigi icin onerilen sayi yariya indirildi (asil oneri 6 idi)",2023-2023,"15,000-15,000","2,599,999-2,599,999"
Maserati,MC20,1,0,1,2021.0,2021.0,6100.0,6100.0,6100.0,22900000.0,22900000.0,22900000.0,0.0,,108,brand,fallback_brand,kaggle=1,0,1,True,True,CRITICAL,3,"0 gercek egitim kaydi (ham: 1). premium fiyat segmenti (medyan 22,900,000 >= p90 esigi 3,375,000); hierarchical_price brand katmanina duesuyor (kendi brand_model verisi yok/yetersiz); model yili cesitliligi cok dusuk (1 farkli yil); UI kataloginda secilebilir (kullanici gercekten bu araci secebilir).",False,"n<2: aralik/varyans tanimlanamaz, interpolasyon icin yeterli nokta yok; tek model yili: yil ekseninde interpolasyon bolgesi yok; guvenli olmadigi icin onerilen sayi yariya indirildi (asil oneri 6 idi)",2021-2021,"6,100-6,100","22,900,000-22,900,000"
Milyon Moto,Kurye 68200,1,0,1,2025.0,2025.0,0.0,0.0,0.0,120000.0,120000.0,120000.0,0.0,,3,brand,fallback_brand,arabam=1,1,0,True,True,CRITICAL,1,"0 gercek egitim kaydi (ham: 1). hierarchical_price destegi dusuk (n=3); hierarchical_price brand katmanina duesuyor (kendi brand_model verisi yok/yetersiz); model yili cesitliligi cok dusuk (1 farkli yil); UI kataloginda secilebilir (kullanici gercekten bu araci secebilir). azaltici: dusuk fiyat etkisi (medyan 120,000 <= p25 esigi 320,000).",False,"n<2: aralik/varyans tanimlanamaz, interpolasyon icin yeterli nokta yok; tek model yili: yil ekseninde interpolasyon bolgesi yok; guvenli olmadigi icin onerilen sayi yariya indirildi (asil oneri 2 idi)",2025-2025,0-0,"120,000-120,000"
Mondial,E-Mon Assist DS,1,0,1,2020.0,2020.0,6000.0,6000.0,6000.0,52000.0,52000.0,52000.0,0.0,,3,brand,fallback_brand,arabam=1,1,0,True,True,CRITICAL,1,"0 gercek egitim kaydi (ham: 1). hierarchical_price destegi dusuk (n=3); hierarchical_price brand katmanina duesuyor (kendi brand_model verisi yok/yetersiz); model yili cesitliligi cok dusuk (1 farkli yil); UI kataloginda secilebilir (kullanici gercekten bu araci secebilir). azaltici: dusuk fiyat etkisi (medyan 52,000 <= p25 esigi 320,000).",False,"n<2: aralik/varyans tanimlanamaz, interpolasyon icin yeterli nokta yok; tek model yili: yil ekseninde interpolasyon bolgesi yok; guvenli olmadigi icin onerilen sayi yariya indirildi (asil oneri 2 idi)",2020-2020,"6,000-6,000","52,000-52,000"
Motolux,WOW 01,1,0,1,2026.0,2026.0,0.0,0.0,0.0,355000.0,355000.0,355000.0,0.0,,7,brand,fallback_brand,arabam=1,1,0,True,True,CRITICAL,3,0 gercek egitim kaydi (ham: 1). hierarchical_price destegi dusuk (n=7); hierarchical_price brand katmanina duesuyor (kendi brand_model verisi yok/yetersiz); model yili cesitliligi cok dusuk (1 farkli yil); UI kataloginda secilebilir (kullanici gercekten bu araci secebilir).,False,"n<2: aralik/varyans tanimlanamaz, interpolasyon icin yeterli nokta yok; tek model yili: yil ekseninde interpolasyon bolgesi yok; guvenli olmadigi icin onerilen sayi yariya indirildi (asil oneri 6 idi)",2026-2026,0-0,"355,000-355,000"
Musatti,Dora 4000,1,0,1,2025.0,2025.0,0.0,0.0,0.0,99900.0,99900.0,99900.0,0.0,,2,brand,fallback_brand,arabam=1,1,0,True,True,CRITICAL,1,"0 gercek egitim kaydi (ham: 1). hierarchical_price destegi dusuk (n=2); hierarchical_price brand katmanina duesuyor (kendi brand_model verisi yok/yetersiz); model yili cesitliligi cok dusuk (1 farkli yil); UI kataloginda secilebilir (kullanici gercekten bu araci secebilir). azaltici: dusuk fiyat etkisi (medyan 99,900 <= p25 esigi 320,000).",False,"n<2: aralik/varyans tanimlanamaz, interpolasyon icin yeterli nokta yok; tek model yili: yil ekseninde interpolasyon bolgesi yok; guvenli olmadigi icin onerilen sayi yariya indirildi (asil oneri 2 idi)",2025-2025,0-0,"99,900-99,900"
Nissan,300 ZX,1,0,1,1989.0,1989.0,62000.0,62000.0,62000.0,5500000.0,5500000.0,5500000.0,0.0,,6303,brand,fallback_brand,arabam=1,1,0,True,True,CRITICAL,1,"0 gercek egitim kaydi (ham: 1). premium fiyat segmenti (medyan 5,500,000 >= p90 esigi 3,375,000); hierarchical_price brand katmanina duesuyor (kendi brand_model verisi yok/yetersiz); model yili cesitliligi cok dusuk (1 farkli yil); UI kataloginda secilebilir (kullanici gercekten bu araci secebilir). azaltici: cok eski model (max_year=1989), piyasada nadir - dusuk oncelik.",False,"n<2: aralik/varyans tanimlanamaz, interpolasyon icin yeterli nokta yok; tek model yili: yil ekseninde interpolasyon bolgesi yok; guvenli olmadigi icin onerilen sayi yariya indirildi (asil oneri 2 idi)",1989-1989,"62,000-62,000","5,500,000-5,500,000"
Nissan,350 Z,7,0,5,2003.0,2007.0,54971.0,141000.0,148000.0,3300000.0,3400000.0,4875000.0,0.1459,0.2277,6303,brand,fallback_brand,"arabam=3, kaggle=4",3,4,True,True,CRITICAL,3,"0 gercek egitim kaydi (ham: 7). premium fiyat segmenti (medyan 3,400,000 >= p90 esigi 3,375,000); hierarchical_price brand katmanina duesuyor (kendi brand_model verisi yok/yetersiz); UI kataloginda secilebilir (kullanici gercekten bu araci secebilir).",False,"n<2: aralik/varyans tanimlanamaz, interpolasyon icin yeterli nokta yok; guvenli olmadigi icin onerilen sayi yariya indirildi (asil oneri 6 idi)",2003-2007,"54,971-148,000","3,300,000-4,875,000"
Opel,GT,3,0,2,2007.0,2008.0,53521.0,111078.0,146000.0,2400000.0,2749000.0,3350000.0,0.1385,0.9144,6,model,fallback_model,arabam=3,3,0,True,True,CRITICAL,1,"0 gercek egitim kaydi (ham: 3). hierarchical_price destegi dusuk (n=6); hierarchical_price model katmanina duesuyor (kendi brand_model verisi yok/yetersiz); model yili cesitliligi cok dusuk (2 farkli yil); UI kataloginda secilebilir (kullanici gercekten bu araci secebilir). azaltici: cok eski model (max_year=2008), piyasada nadir - dusuk oncelik.",False,"n<2: aralik/varyans tanimlanamaz, interpolasyon icin yeterli nokta yok; guvenli olmadigi icin onerilen sayi yariya indirildi (asil oneri 2 idi)",2007-2008,"53,521-146,000","2,400,000-3,350,000"
Opel,Grandland-e,27,0,2,2024.0,2025.0,6001.0,15000.0,39802.0,1995000.0,2250000.0,3850000.0,0.1494,-0.0392,21817,brand,fallback_brand,arabam=27,27,0,True,True,CRITICAL,1,0 gercek egitim kaydi (ham: 27). hierarchical_price brand katmanina duesuyor (kendi brand_model verisi yok/yetersiz); model yili cesitliligi cok dusuk (2 farkli yil); UI kataloginda secilebilir (kullanici gercekten bu araci secebilir). azaltici: zaten yeterli GUNCEL gercek ornek (arabam=27).,False,"n<2: aralik/varyans tanimlanamaz, interpolasyon icin yeterli nokta yok; guvenli olmadigi icin onerilen sayi yariya indirildi (asil oneri 2 idi)",2024-2025,"6,001-39,802","1,995,000-3,850,000"
Opel,Zafira-e,2,0,1,2025.0,2025.0,10000.0,17000.0,24000.0,2100000.0,2164500.0,2229000.0,0.0298,,21817,brand,fallback_brand,arabam=2,2,0,True,True,CRITICAL,3,0 gercek egitim kaydi (ham: 2). hierarchical_price brand katmanina duesuyor (kendi brand_model verisi yok/yetersiz); model yili cesitliligi cok dusuk (1 farkli yil); UI kataloginda secilebilir (kullanici gercekten bu araci secebilir).,False,"n<2: aralik/varyans tanimlanamaz, interpolasyon icin yeterli nokta yok; tek model yili: yil ekseninde interpolasyon bolgesi yok; guvenli olmadigi icin onerilen sayi yariya indirildi (asil oneri 6 idi)",2025-2025,"10,000-24,000","2,100,000-2,229,000"
Renault,Rafale,11,0,2,2024.0,2025.0,8592.0,32000.0,52000.0,2225000.0,2750000.0,3250000.0,0.0981,-0.5291,34537,brand,fallback_brand,arabam=11,11,0,True,True,CRITICAL,1,0 gercek egitim kaydi (ham: 11). hierarchical_price brand katmanina duesuyor (kendi brand_model verisi yok/yetersiz); model yili cesitliligi cok dusuk (2 farkli yil); UI kataloginda secilebilir (kullanici gercekten bu araci secebilir). azaltici: zaten yeterli GUNCEL gercek ornek (arabam=11).,False,"n<2: aralik/varyans tanimlanamaz, interpolasyon icin yeterli nokta yok; guvenli olmadigi icin onerilen sayi yariya indirildi (asil oneri 2 idi)",2024-2025,"8,592-52,000","2,225,000-3,250,000"
Skyjet,Re Van,1,0,1,2025.0,2025.0,0.0,0.0,0.0,134470.0,134470.0,134470.0,0.0,,9,brand,fallback_brand,arabam=1,1,0,True,True,CRITICAL,1,"0 gercek egitim kaydi (ham: 1). hierarchical_price destegi dusuk (n=9); hierarchical_price brand katmanina duesuyor (kendi brand_model verisi yok/yetersiz); model yili cesitliligi cok dusuk (1 farkli yil); UI kataloginda secilebilir (kullanici gercekten bu araci secebilir). azaltici: dusuk fiyat etkisi (medyan 134,470 <= p25 esigi 320,000).",False,"n<2: aralik/varyans tanimlanamaz, interpolasyon icin yeterli nokta yok; tek model yili: yil ekseninde interpolasyon bolgesi yok; guvenli olmadigi icin onerilen sayi yariya indirildi (asil oneri 2 idi)",2025-2025,0-0,"134,470-134,470"
Volkswagen,ID.7,5,0,2,2024.0,2025.0,6001.0,9307.0,37000.0,3350000.0,3699000.0,3865000.0,0.0601,-0.5773,30675,brand,fallback_brand,arabam=5,5,0,True,True,CRITICAL,3,"0 gercek egitim kaydi (ham: 5). premium fiyat segmenti (medyan 3,699,000 >= p90 esigi 3,375,000); hierarchical_price brand katmanina duesuyor (kendi brand_model verisi yok/yetersiz); model yili cesitliligi cok dusuk (2 farkli yil); UI kataloginda secilebilir (kullanici gercekten bu araci secebilir).",False,"n<2: aralik/varyans tanimlanamaz, interpolasyon icin yeterli nokta yok; guvenli olmadigi icin onerilen sayi yariya indirildi (asil oneri 6 idi)",2024-2025,"6,001-37,000","3,350,000-3,865,000"
Volta,V1,1,0,1,2026.0,2026.0,0.0,0.0,0.0,589000.0,589000.0,589000.0,0.0,,89,brand,fallback_brand,arabam=1,1,0,True,True,CRITICAL,3,0 gercek egitim kaydi (ham: 1). hierarchical_price brand katmanina duesuyor (kendi brand_model verisi yok/yetersiz); model yili cesitliligi cok dusuk (1 farkli yil); UI kataloginda secilebilir (kullanici gercekten bu araci secebilir).,False,"n<2: aralik/varyans tanimlanamaz, interpolasyon icin yeterli nokta yok; tek model yili: yil ekseninde interpolasyon bolgesi yok; guvenli olmadigi icin onerilen sayi yariya indirildi (asil oneri 6 idi)",2026-2026,0-0,"589,000-589,000"
Acura,ILX,1,1,1,2014.0,2014.0,91000.0,91000.0,91000.0,950000.0,950000.0,950000.0,0.0,,1,brand_model,median,arabam=1,1,0,True,True,CRITICAL,3,1 gercek egitim kaydi (ham: 1). hierarchical_price destegi dusuk (n=1); model yili cesitliligi cok dusuk (1 farkli yil); UI kataloginda secilebilir (kullanici gercekten bu araci secebilir).,False,"n<2: aralik/varyans tanimlanamaz, interpolasyon icin yeterli nokta yok; tek model yili: yil ekseninde interpolasyon bolgesi yok; guvenli olmadigi icin onerilen sayi yariya indirildi (asil oneri 6 idi)",2014-2014,"91,000-91,000","950,000-950,000"
Acura,Integra,1,1,1,1996.0,1996.0,500000.0,500000.0,500000.0,500000.0,500000.0,500000.0,0.0,,1,brand_model,median,kaggle=1,0,1,True,True,CRITICAL,1,"1 gercek egitim kaydi (ham: 1). hierarchical_price destegi dusuk (n=1); model yili cesitliligi cok dusuk (1 farkli yil); UI kataloginda secilebilir (kullanici gercekten bu araci secebilir). azaltici: cok eski model (max_year=1996), piyasada nadir - dusuk oncelik.",False,"n<2: aralik/varyans tanimlanamaz, interpolasyon icin yeterli nokta yok; tek model yili: yil ekseninde interpolasyon bolgesi yok; guvenli olmadigi icin onerilen sayi yariya indirildi (asil oneri 2 idi)",1996-1996,"500,000-500,000","500,000-500,000"
Aion,S,1,1,1,2021.0,2021.0,70000.0,70000.0,70000.0,1099000.0,1099000.0,1099000.0,0.0,,1,brand_model,median,kaggle=1,0,1,True,True,CRITICAL,3,1 gercek egitim kaydi (ham: 1). hierarchical_price destegi dusuk (n=1); model yili cesitliligi cok dusuk (1 farkli yil); UI kataloginda secilebilir (kullanici gercekten bu araci secebilir).,False,"n<2: aralik/varyans tanimlanamaz, interpolasyon icin yeterli nokta yok; tek model yili: yil ekseninde interpolasyon bolgesi yok; guvenli olmadigi icin onerilen sayi yariya indirildi (asil oneri 6 idi)",2021-2021,"70,000-70,000","1,099,000-1,099,000"
Apachi,PA-041C,1,1,1,2026.0,2026.0,0.0,0.0,0.0,159500.0,159500.0,159500.0,0.0,,1,brand_model,median,arabam=1,1,0,True,True,CRITICAL,1,"1 gercek egitim kaydi (ham: 1). hierarchical_price destegi dusuk (n=1); model yili cesitliligi cok dusuk (1 farkli yil); UI kataloginda secilebilir (kullanici gercekten bu araci secebilir). azaltici: dusuk fiyat etkisi (medyan 159,500 <= p25 esigi 320,000).",False,"n<2: aralik/varyans tanimlanamaz, interpolasyon icin yeterli nokta yok; tek model yili: yil ekseninde interpolasyon bolgesi yok; guvenli olmadigi icin onerilen sayi yariya indirildi (asil oneri 2 idi)",2026-2026,0-0,"159,500-159,500"
Arora,Casper,1,1,1,2025.0,2025.0,6000.0,6000.0,6000.0,24000.0,24000.0,24000.0,0.0,,1,brand_model,median,arabam=1,1,0,True,True,CRITICAL,1,"1 gercek egitim kaydi (ham: 1). hierarchical_price destegi dusuk (n=1); model yili cesitliligi cok dusuk (1 farkli yil); UI kataloginda secilebilir (kullanici gercekten bu araci secebilir). azaltici: dusuk fiyat etkisi (medyan 24,000 <= p25 esigi 320,000).",False,"n<2: aralik/varyans tanimlanamaz, interpolasyon icin yeterli nokta yok; tek model yili: yil ekseninde interpolasyon bolgesi yok; guvenli olmadigi icin onerilen sayi yariya indirildi (asil oneri 2 idi)",2025-2025,"6,000-6,000","24,000-24,000"
Arora,TDR41Z Rüzgar,1,1,1,2025.0,2025.0,0.0,0.0,0.0,84300.0,84300.0,84300.0,0.0,,1,brand_model,median,arabam=1,1,0,True,True,CRITICAL,1,"1 gercek egitim kaydi (ham: 1). hierarchical_price destegi dusuk (n=1); model yili cesitliligi cok dusuk (1 farkli yil); UI kataloginda secilebilir (kullanici gercekten bu araci secebilir). azaltici: dusuk fiyat etkisi (medyan 84,300 <= p25 esigi 320,000).",False,"n<2: aralik/varyans tanimlanamaz, interpolasyon icin yeterli nokta yok; tek model yili: yil ekseninde interpolasyon bolgesi yok; guvenli olmadigi icin onerilen sayi yariya indirildi (asil oneri 2 idi)",2025-2025,0-0,"84,300-84,300"
Aston Martin,DB7,1,1,1,2000.0,2000.0,46000.0,46000.0,46000.0,5500000.0,5500000.0,5500000.0,0.0,,1,brand_model,median,kaggle=1,0,1,True,True,CRITICAL,1,"1 gercek egitim kaydi (ham: 1). premium fiyat segmenti (medyan 5,500,000 >= p90 esigi 3,375,000); hierarchical_price destegi dusuk (n=1); model yili cesitliligi cok dusuk (1 farkli yil); UI kataloginda secilebilir (kullanici gercekten bu araci secebilir). azaltici: cok eski model (max_year=2000), piyasada nadir - dusuk oncelik.",False,"n<2: aralik/varyans tanimlanamaz, interpolasyon icin yeterli nokta yok; tek model yili: yil ekseninde interpolasyon bolgesi yok; guvenli olmadigi icin onerilen sayi yariya indirildi (asil oneri 2 idi)",2000-2000,"46,000-46,000","5,500,000-5,500,000"
Aston Martin,DB9,1,1,1,2012.0,2012.0,29000.0,29000.0,29000.0,7990000.0,7990000.0,7990000.0,0.0,,1,brand_model,median,kaggle=1,0,1,True,True,CRITICAL,3,"1 gercek egitim kaydi (ham: 1). premium fiyat segmenti (medyan 7,990,000 >= p90 esigi 3,375,000); hierarchical_price destegi dusuk (n=1); model yili cesitliligi cok dusuk (1 farkli yil); UI kataloginda secilebilir (kullanici gercekten bu araci secebilir).",False,"n<2: aralik/varyans tanimlanamaz, interpolasyon icin yeterli nokta yok; tek model yili: yil ekseninde interpolasyon bolgesi yok; guvenli olmadigi icin onerilen sayi yariya indirildi (asil oneri 6 idi)",2012-2012,"29,000-29,000","7,990,000-7,990,000"
Aston Martin,Vanquish,1,1,1,2016.0,2016.0,74000.0,74000.0,74000.0,12900000.0,12900000.0,12900000.0,0.0,,1,brand_model,median,kaggle=1,0,1,True,True,CRITICAL,3,"1 gercek egitim kaydi (ham: 1). premium fiyat segmenti (medyan 12,900,000 >= p90 esigi 3,375,000); hierarchical_price destegi dusuk (n=1); model yili cesitliligi cok dusuk (1 farkli yil); UI kataloginda secilebilir (kullanici gercekten bu araci secebilir).",False,"n<2: aralik/varyans tanimlanamaz, interpolasyon icin yeterli nokta yok; tek model yili: yil ekseninde interpolasyon bolgesi yok; guvenli olmadigi icin onerilen sayi yariya indirildi (asil oneri 6 idi)",2016-2016,"74,000-74,000","12,900,000-12,900,000"
Aston Martin,Virage,1,1,1,2012.0,2012.0,81176.0,81176.0,81176.0,9900000.0,9900000.0,9900000.0,0.0,,1,brand_model,median,kaggle=1,0,1,True,True,CRITICAL,3,"1 gercek egitim kaydi (ham: 1). premium fiyat segmenti (medyan 9,900,000 >= p90 esigi 3,375,000); hierarchical_price destegi dusuk (n=1); model yili cesitliligi cok dusuk (1 farkli yil); UI kataloginda secilebilir (kullanici gercekten bu araci secebilir).",False,"n<2: aralik/varyans tanimlanamaz, interpolasyon icin yeterli nokta yok; tek model yili: yil ekseninde interpolasyon bolgesi yok; guvenli olmadigi icin onerilen sayi yariya indirildi (asil oneri 6 idi)",2012-2012,"81,176-81,176","9,900,000-9,900,000"
Audi,A2,1,1,1,2005.0,2005.0,116000.0,116000.0,116000.0,670000.0,670000.0,670000.0,0.0,,1,brand_model,median,arabam=1,1,0,True,True,CRITICAL,1,"1 gercek egitim kaydi (ham: 1). hierarchical_price destegi dusuk (n=1); model yili cesitliligi cok dusuk (1 farkli yil); UI kataloginda secilebilir (kullanici gercekten bu araci secebilir). azaltici: cok eski model (max_year=2005), piyasada nadir - dusuk oncelik.",False,"n<2: aralik/varyans tanimlanamaz, interpolasyon icin yeterli nokta yok; tek model yili: yil ekseninde interpolasyon bolgesi yok; guvenli olmadigi icin onerilen sayi yariya indirildi (asil oneri 2 idi)",2005-2005,"116,000-116,000","670,000-670,000"
Audi,R8,2,1,1,2008.0,2008.0,112550.0,112550.0,112550.0,5490000.0,5490000.0,5490000.0,0.0,,1,brand_model,median,kaggle=2,0,2,True,True,CRITICAL,1,"1 gercek egitim kaydi (ham: 2). premium fiyat segmenti (medyan 5,490,000 >= p90 esigi 3,375,000); hierarchical_price destegi dusuk (n=1); model yili cesitliligi cok dusuk (1 farkli yil); UI kataloginda secilebilir (kullanici gercekten bu araci secebilir). azaltici: cok eski model (max_year=2008), piyasada nadir - dusuk oncelik.",False,"n<2: aralik/varyans tanimlanamaz, interpolasyon icin yeterli nokta yok; tek model yili: yil ekseninde interpolasyon bolgesi yok; guvenli olmadigi icin onerilen sayi yariya indirildi (asil oneri 2 idi)",2008-2008,"112,550-112,550","5,490,000-5,490,000"
Bentley,Bentayga,1,1,1,2017.0,2017.0,61000.0,61000.0,61000.0,17250000.0,17250000.0,17250000.0,0.0,,1,brand_model,median,arabam=1,1,0,True,True,CRITICAL,3,"1 gercek egitim kaydi (ham: 1). premium fiyat segmenti (medyan 17,250,000 >= p90 esigi 3,375,000); hierarchical_price destegi dusuk (n=1); model yili cesitliligi cok dusuk (1 farkli yil); UI kataloginda secilebilir (kullanici gercekten bu araci secebilir).",False,"n<2: aralik/varyans tanimlanamaz, interpolasyon icin yeterli nokta yok; tek model yili: yil ekseninde interpolasyon bolgesi yok; guvenli olmadigi icin onerilen sayi yariya indirildi (asil oneri 6 idi)",2017-2017,"61,000-61,000","17,250,000-17,250,000"
Bentley,Mulsanne,1,1,1,2011.0,2011.0,175365.0,175365.0,175365.0,22500000.0,22500000.0,22500000.0,0.0,,1,brand_model,median,arabam=1,1,0,True,True,CRITICAL,3,"1 gercek egitim kaydi (ham: 1). premium fiyat segmenti (medyan 22,500,000 >= p90 esigi 3,375,000); hierarchical_price destegi dusuk (n=1); model yili cesitliligi cok dusuk (1 farkli yil); UI kataloginda secilebilir (kullanici gercekten bu araci secebilir).",False,"n<2: aralik/varyans tanimlanamaz, interpolasyon icin yeterli nokta yok; tek model yili: yil ekseninde interpolasyon bolgesi yok; guvenli olmadigi icin onerilen sayi yariya indirildi (asil oneri 6 idi)",2011-2011,"175,365-175,365","22,500,000-22,500,000"
CSN Motor,Fayton,1,1,1,2025.0,2025.0,0.0,0.0,0.0,58999.0,58999.0,58999.0,0.0,,1,brand_model,median,arabam=1,1,0,True,True,CRITICAL,1,"1 gercek egitim kaydi (ham: 1). hierarchical_price destegi dusuk (n=1); model yili cesitliligi cok dusuk (1 farkli yil); UI kataloginda secilebilir (kullanici gercekten bu araci secebilir). azaltici: dusuk fiyat etkisi (medyan 58,999 <= p25 esigi 320,000).",False,"n<2: aralik/varyans tanimlanamaz, interpolasyon icin yeterli nokta yok; tek model yili: yil ekseninde interpolasyon bolgesi yok; guvenli olmadigi icin onerilen sayi yariya indirildi (asil oneri 2 idi)",2025-2025,0-0,"58,999-58,999"
Cadillac,CTS,1,1,1,2007.0,2007.0,143000.0,143000.0,143000.0,1325000.0,1325000.0,1325000.0,0.0,,1,brand_model,median,arabam=1,1,0,True,True,CRITICAL,1,"1 gercek egitim kaydi (ham: 1). hierarchical_price destegi dusuk (n=1); model yili cesitliligi cok dusuk (1 farkli yil); UI kataloginda secilebilir (kullanici gercekten bu araci secebilir). azaltici: cok eski model (max_year=2007), piyasada nadir - dusuk oncelik.",False,"n<2: aralik/varyans tanimlanamaz, interpolasyon icin yeterli nokta yok; tek model yili: yil ekseninde interpolasyon bolgesi yok; guvenli olmadigi icin onerilen sayi yariya indirildi (asil oneri 2 idi)",2007-2007,"143,000-143,000","1,325,000-1,325,000"
Cadillac,Eldorado,1,1,1,1993.0,1993.0,110500.0,110500.0,110500.0,2575000.0,2575000.0,2575000.0,0.0,,1,brand_model,median,kaggle=1,0,1,True,True,CRITICAL,1,"1 gercek egitim kaydi (ham: 1). hierarchical_price destegi dusuk (n=1); model yili cesitliligi cok dusuk (1 farkli yil); UI kataloginda secilebilir (kullanici gercekten bu araci secebilir). azaltici: cok eski model (max_year=1993), piyasada nadir - dusuk oncelik.",False,"n<2: aralik/varyans tanimlanamaz, interpolasyon icin yeterli nokta yok; tek model yili: yil ekseninde interpolasyon bolgesi yok; guvenli olmadigi icin onerilen sayi yariya indirildi (asil oneri 2 idi)",1993-1993,"110,500-110,500","2,575,000-2,575,000"
Cadillac,Fleetwood,1,1,1,1993.0,1993.0,163000.0,163000.0,163000.0,1450000.0,1450000.0,1450000.0,0.0,,1,brand_model,median,kaggle=1,0,1,True,True,CRITICAL,1,"1 gercek egitim kaydi (ham: 1). hierarchical_price destegi dusuk (n=1); model yili cesitliligi cok dusuk (1 farkli yil); UI kataloginda secilebilir (kullanici gercekten bu araci secebilir). azaltici: cok eski model (max_year=1993), piyasada nadir - dusuk oncelik.",False,"n<2: aralik/varyans tanimlanamaz, interpolasyon icin yeterli nokta yok; tek model yili: yil ekseninde interpolasyon bolgesi yok; guvenli olmadigi icin onerilen sayi yariya indirildi (asil oneri 2 idi)",1993-1993,"163,000-163,000","1,450,000-1,450,000"
Chevrolet,Avalanche,1,1,1,2004.0,2004.0,159000.0,159000.0,159000.0,2150000.0,2150000.0,2150000.0,0.0,,1,brand_model,median,arabam=1,1,0,True,True,CRITICAL,1,"1 gercek egitim kaydi (ham: 1). hierarchical_price destegi dusuk (n=1); model yili cesitliligi cok dusuk (1 farkli yil); UI kataloginda secilebilir (kullanici gercekten bu araci secebilir). azaltici: cok eski model (max_year=2004), piyasada nadir - dusuk oncelik.",False,"n<2: aralik/varyans tanimlanamaz, interpolasyon icin yeterli nokta yok; tek model yili: yil ekseninde interpolasyon bolgesi yok; guvenli olmadigi icin onerilen sayi yariya indirildi (asil oneri 2 idi)",2004-2004,"159,000-159,000","2,150,000-2,150,000"
Chevrolet,Caprice,2,1,1,1951.0,1951.0,500000.0,500000.0,500000.0,500000.0,500000.0,500000.0,0.0,,1,brand_model,median,"arabam=1, kaggle=1",1,1,True,True,CRITICAL,1,"1 gercek egitim kaydi (ham: 2). hierarchical_price destegi dusuk (n=1); model yili cesitliligi cok dusuk (1 farkli yil); UI kataloginda secilebilir (kullanici gercekten bu araci secebilir). azaltici: cok eski model (max_year=1951), piyasada nadir - dusuk oncelik.",False,"n<2: aralik/varyans tanimlanamaz, interpolasyon icin yeterli nokta yok; tek model yili: yil ekseninde interpolasyon bolgesi yok; guvenli olmadigi icin onerilen sayi yariya indirildi (asil oneri 2 idi)",1951-1951,"500,000-500,000","500,000-500,000"
Chevrolet,Impala,1,1,1,1996.0,1996.0,232000.0,232000.0,232000.0,2850000.0,2850000.0,2850000.0,0.0,,1,brand_model,median,arabam=1,1,0,True,True,CRITICAL,1,"1 gercek egitim kaydi (ham: 1). hierarchical_price destegi dusuk (n=1); model yili cesitliligi cok dusuk (1 farkli yil); UI kataloginda secilebilir (kullanici gercekten bu araci secebilir). azaltici: cok eski model (max_year=1996), piyasada nadir - dusuk oncelik.",False,"n<2: aralik/varyans tanimlanamaz, interpolasyon icin yeterli nokta yok; tek model yili: yil ekseninde interpolasyon bolgesi yok; guvenli olmadigi icin onerilen sayi yariya indirildi (asil oneri 2 idi)",1996-1996,"232,000-232,000","2,850,000-2,850,000"
Chevrolet,Lumina,1,1,1,1990.0,1990.0,150000.0,150000.0,150000.0,675000.0,675000.0,675000.0,0.0,,1,brand_model,median,kaggle=1,0,1,True,True,CRITICAL,1,"1 gercek egitim kaydi (ham: 1). hierarchical_price destegi dusuk (n=1); model yili cesitliligi cok dusuk (1 farkli yil); UI kataloginda secilebilir (kullanici gercekten bu araci secebilir). azaltici: cok eski model (max_year=1990), piyasada nadir - dusuk oncelik.",False,"n<2: aralik/varyans tanimlanamaz, interpolasyon icin yeterli nokta yok; tek model yili: yil ekseninde interpolasyon bolgesi yok; guvenli olmadigi icin onerilen sayi yariya indirildi (asil oneri 2 idi)",1990-1990,"150,000-150,000","675,000-675,000"
Chrysler,Le Baron,1,1,1,1993.0,1993.0,245000.0,245000.0,245000.0,525000.0,525000.0,525000.0,0.0,,1,brand_model,median,kaggle=1,0,1,True,True,CRITICAL,1,"1 gercek egitim kaydi (ham: 1). hierarchical_price destegi dusuk (n=1); model yili cesitliligi cok dusuk (1 farkli yil); UI kataloginda secilebilir (kullanici gercekten bu araci secebilir). azaltici: cok eski model (max_year=1993), piyasada nadir - dusuk oncelik.",False,"n<2: aralik/varyans tanimlanamaz, interpolasyon icin yeterli nokta yok; tek model yili: yil ekseninde interpolasyon bolgesi yok; guvenli olmadigi icin onerilen sayi yariya indirildi (asil oneri 2 idi)",1993-1993,"245,000-245,000","525,000-525,000"
Citroen,BX,1,1,1,1990.0,1990.0,64000.0,64000.0,64000.0,265000.0,265000.0,265000.0,0.0,,1,brand_model,median,arabam=1,1,0,True,True,CRITICAL,1,"1 gercek egitim kaydi (ham: 1). hierarchical_price destegi dusuk (n=1); model yili cesitliligi cok dusuk (1 farkli yil); UI kataloginda secilebilir (kullanici gercekten bu araci secebilir). azaltici: cok eski model (max_year=1990), piyasada nadir - dusuk oncelik; dusuk fiyat etkisi (medyan 265,000 <= p25 esigi 320,000).",False,"n<2: aralik/varyans tanimlanamaz, interpolasyon icin yeterli nokta yok; tek model yili: yil ekseninde interpolasyon bolgesi yok; guvenli olmadigi icin onerilen sayi yariya indirildi (asil oneri 2 idi)",1990-1990,"64,000-64,000","265,000-265,000"
Citroen,C15,1,1,1,1998.0,1998.0,487000.0,487000.0,487000.0,180000.0,180000.0,180000.0,0.0,,1,brand_model,median,arabam=1,1,0,True,True,CRITICAL,1,"1 gercek egitim kaydi (ham: 1). hierarchical_price destegi dusuk (n=1); model yili cesitliligi cok dusuk (1 farkli yil); UI kataloginda secilebilir (kullanici gercekten bu araci secebilir). azaltici: cok eski model (max_year=1998), piyasada nadir - dusuk oncelik; dusuk fiyat etkisi (medyan 180,000 <= p25 esigi 320,000).",False,"n<2: aralik/varyans tanimlanamaz, interpolasyon icin yeterli nokta yok; tek model yili: yil ekseninde interpolasyon bolgesi yok; guvenli olmadigi icin onerilen sayi yariya indirildi (asil oneri 2 idi)",1998-1998,"487,000-487,000","180,000-180,000"
Citroen,C6,1,1,1,2006.0,2006.0,331000.0,331000.0,331000.0,850000.0,850000.0,850000.0,0.0,,1,brand_model,median,arabam=1,1,0,True,True,CRITICAL,1,"1 gercek egitim kaydi (ham: 1). hierarchical_price destegi dusuk (n=1); model yili cesitliligi cok dusuk (1 farkli yil); UI kataloginda secilebilir (kullanici gercekten bu araci secebilir). azaltici: cok eski model (max_year=2006), piyasada nadir - dusuk oncelik.",False,"n<2: aralik/varyans tanimlanamaz, interpolasyon icin yeterli nokta yok; tek model yili: yil ekseninde interpolasyon bolgesi yok; guvenli olmadigi icin onerilen sayi yariya indirildi (asil oneri 2 idi)",2006-2006,"331,000-331,000","850,000-850,000"
CityCoco,City,1,1,1,2023.0,2023.0,6001.0,6001.0,6001.0,75000.0,75000.0,75000.0,0.0,,1,brand_model,median,arabam=1,1,0,True,True,CRITICAL,1,"1 gercek egitim kaydi (ham: 1). hierarchical_price destegi dusuk (n=1); model yili cesitliligi cok dusuk (1 farkli yil); UI kataloginda secilebilir (kullanici gercekten bu araci secebilir). azaltici: dusuk fiyat etkisi (medyan 75,000 <= p25 esigi 320,000).",False,"n<2: aralik/varyans tanimlanamaz, interpolasyon icin yeterli nokta yok; tek model yili: yil ekseninde interpolasyon bolgesi yok; guvenli olmadigi icin onerilen sayi yariya indirildi (asil oneri 2 idi)",2023-2023,"6,001-6,001","75,000-75,000"
Dacia,1310,1,1,1,2001.0,2001.0,998674.0,998674.0,998674.0,159000.0,159000.0,159000.0,0.0,,1,brand_model,median,kaggle=1,0,1,True,True,CRITICAL,1,"1 gercek egitim kaydi (ham: 1). hierarchical_price destegi dusuk (n=1); model yili cesitliligi cok dusuk (1 farkli yil); UI kataloginda secilebilir (kullanici gercekten bu araci secebilir). azaltici: cok eski model (max_year=2001), piyasada nadir - dusuk oncelik; dusuk fiyat etkisi (medyan 159,000 <= p25 esigi 320,000).",False,"n<2: aralik/varyans tanimlanamaz, interpolasyon icin yeterli nokta yok; tek model yili: yil ekseninde interpolasyon bolgesi yok; guvenli olmadigi icin onerilen sayi yariya indirildi (asil oneri 2 idi)",2001-2001,"998,674-998,674","159,000-159,000"
Dacia,Logan Pickup,1,1,1,2012.0,2012.0,360000.0,360000.0,360000.0,330000.0,330000.0,330000.0,0.0,,1,brand_model,median,arabam=1,1,0,True,True,CRITICAL,3,1 gercek egitim kaydi (ham: 1). hierarchical_price destegi dusuk (n=1); model yili cesitliligi cok dusuk (1 farkli yil); UI kataloginda secilebilir (kullanici gercekten bu araci secebilir).,False,"n<2: aralik/varyans tanimlanamaz, interpolasyon icin yeterli nokta yok; tek model yili: yil ekseninde interpolasyon bolgesi yok; guvenli olmadigi icin onerilen sayi yariya indirildi (asil oneri 6 idi)",2012-2012,"360,000-360,000","330,000-330,000"
Daihatsu,Copen,3,1,1,2007.0,2007.0,130000.0,130000.0,130000.0,699000.0,699000.0,699000.0,0.0,,1,brand_model,median,arabam=3,3,0,True,True,CRITICAL,1,"1 gercek egitim kaydi (ham: 3). hierarchical_price destegi dusuk (n=1); model yili cesitliligi cok dusuk (1 farkli yil); UI kataloginda secilebilir (kullanici gercekten bu araci secebilir). azaltici: cok eski model (max_year=2007), piyasada nadir - dusuk oncelik.",False,"n<2: aralik/varyans tanimlanamaz, interpolasyon icin yeterli nokta yok; tek model yili: yil ekseninde interpolasyon bolgesi yok; guvenli olmadigi icin onerilen sayi yariya indirildi (asil oneri 2 idi)",2007-2007,"130,000-130,000","699,000-699,000"
Dodge,Charger,1,1,1,2022.0,2022.0,6100.0,6100.0,6100.0,6950000.0,6950000.0,6950000.0,0.0,,1,brand_model,median,kaggle=1,0,1,True,True,CRITICAL,3,"1 gercek egitim kaydi (ham: 1). premium fiyat segmenti (medyan 6,950,000 >= p90 esigi 3,375,000); hierarchical_price destegi dusuk (n=1); model yili cesitliligi cok dusuk (1 farkli yil); UI kataloginda secilebilir (kullanici gercekten bu araci secebilir).",False,"n<2: aralik/varyans tanimlanamaz, interpolasyon icin yeterli nokta yok; tek model yili: yil ekseninde interpolasyon bolgesi yok; guvenli olmadigi icin onerilen sayi yariya indirildi (asil oneri 6 idi)",2022-2022,"6,100-6,100","6,950,000-6,950,000"
Dodge,Spirit,1,1,1,1992.0,1992.0,212000.0,212000.0,212000.0,700000.0,700000.0,700000.0,0.0,,1,brand_model,median,kaggle=1,0,1,True,True,CRITICAL,1,"1 gercek egitim kaydi (ham: 1). hierarchical_price destegi dusuk (n=1); model yili cesitliligi cok dusuk (1 farkli yil); UI kataloginda secilebilir (kullanici gercekten bu araci secebilir). azaltici: cok eski model (max_year=1992), piyasada nadir - dusuk oncelik.",False,"n<2: aralik/varyans tanimlanamaz, interpolasyon icin yeterli nokta yok; tek model yili: yil ekseninde interpolasyon bolgesi yok; guvenli olmadigi icin onerilen sayi yariya indirildi (asil oneri 2 idi)",1992-1992,"212,000-212,000","700,000-700,000"
Dodge,Viper,1,1,1,2023.0,2023.0,15759.0,15759.0,15759.0,674900.0,674900.0,674900.0,0.0,,1,brand_model,median,kaggle=1,0,1,True,True,CRITICAL,3,1 gercek egitim kaydi (ham: 1). hierarchical_price destegi dusuk (n=1); model yili cesitliligi cok dusuk (1 farkli yil); UI kataloginda secilebilir (kullanici gercekten bu araci secebilir).,False,"n<2: aralik/varyans tanimlanamaz, interpolasyon icin yeterli nokta yok; tek model yili: yil ekseninde interpolasyon bolgesi yok; guvenli olmadigi icin onerilen sayi yariya indirildi (asil oneri 6 idi)",2023-2023,"15,759-15,759","674,900-674,900"
Evoke,Urban Classic,1,1,1,2023.0,2023.0,6001.0,6001.0,6001.0,220000.0,220000.0,220000.0,0.0,,1,brand_model,median,arabam=1,1,0,True,True,CRITICAL,1,"1 gercek egitim kaydi (ham: 1). hierarchical_price destegi dusuk (n=1); model yili cesitliligi cok dusuk (1 farkli yil); UI kataloginda secilebilir (kullanici gercekten bu araci secebilir). azaltici: dusuk fiyat etkisi (medyan 220,000 <= p25 esigi 320,000).",False,"n<2: aralik/varyans tanimlanamaz, interpolasyon icin yeterli nokta yok; tek model yili: yil ekseninde interpolasyon bolgesi yok; guvenli olmadigi icin onerilen sayi yariya indirildi (asil oneri 2 idi)",2023-2023,"6,001-6,001","220,000-220,000"
Falcon,Enjoy Plus,1,1,1,2023.0,2023.0,6000.0,6000.0,6000.0,45000.0,45000.0,45000.0,0.0,,1,brand_model,median,arabam=1,1,0,True,True,CRITICAL,1,"1 gercek egitim kaydi (ham: 1). hierarchical_price destegi dusuk (n=1); model yili cesitliligi cok dusuk (1 farkli yil); UI kataloginda secilebilir (kullanici gercekten bu araci secebilir). azaltici: dusuk fiyat etkisi (medyan 45,000 <= p25 esigi 320,000).",False,"n<2: aralik/varyans tanimlanamaz, interpolasyon icin yeterli nokta yok; tek model yili: yil ekseninde interpolasyon bolgesi yok; guvenli olmadigi icin onerilen sayi yariya indirildi (asil oneri 2 idi)",2023-2023,"6,000-6,000","45,000-45,000"
Falcon,Handy 249,1,1,1,2026.0,2026.0,0.0,0.0,0.0,50000.0,50000.0,50000.0,0.0,,1,brand_model,median,arabam=1,1,0,True,True,CRITICAL,1,"1 gercek egitim kaydi (ham: 1). hierarchical_price destegi dusuk (n=1); model yili cesitliligi cok dusuk (1 farkli yil); UI kataloginda secilebilir (kullanici gercekten bu araci secebilir). azaltici: dusuk fiyat etkisi (medyan 50,000 <= p25 esigi 320,000).",False,"n<2: aralik/varyans tanimlanamaz, interpolasyon icin yeterli nokta yok; tek model yili: yil ekseninde interpolasyon bolgesi yok; guvenli olmadigi icin onerilen sayi yariya indirildi (asil oneri 2 idi)",2026-2026,0-0,"50,000-50,000"
Ferrari,296,1,1,1,2023.0,2023.0,0.0,0.0,0.0,44000000.0,44000000.0,44000000.0,0.0,,1,brand_model,median,arabam=1,1,0,True,True,CRITICAL,3,"1 gercek egitim kaydi (ham: 1). premium fiyat segmenti (medyan 44,000,000 >= p90 esigi 3,375,000); hierarchical_price destegi dusuk (n=1); model yili cesitliligi cok dusuk (1 farkli yil); UI kataloginda secilebilir (kullanici gercekten bu araci secebilir).",False,"n<2: aralik/varyans tanimlanamaz, interpolasyon icin yeterli nokta yok; tek model yili: yil ekseninde interpolasyon bolgesi yok; guvenli olmadigi icin onerilen sayi yariya indirildi (asil oneri 6 idi)",2023-2023,0-0,"44,000,000-44,000,000"
Ferrari,348,1,1,1,2025.0,2025.0,0.0,0.0,0.0,59500000.0,59500000.0,59500000.0,0.0,,1,brand_model,median,kaggle=1,0,1,True,True,CRITICAL,3,"1 gercek egitim kaydi (ham: 1). premium fiyat segmenti (medyan 59,500,000 >= p90 esigi 3,375,000); hierarchical_price destegi dusuk (n=1); model yili cesitliligi cok dusuk (1 farkli yil); UI kataloginda secilebilir (kullanici gercekten bu araci secebilir).",False,"n<2: aralik/varyans tanimlanamaz, interpolasyon icin yeterli nokta yok; tek model yili: yil ekseninde interpolasyon bolgesi yok; guvenli olmadigi icin onerilen sayi yariya indirildi (asil oneri 6 idi)",2025-2025,0-0,"59,500,000-59,500,000"
Ferrari,488,1,1,1,2016.0,2016.0,76000.0,76000.0,76000.0,34000000.0,34000000.0,34000000.0,0.0,,1,brand_model,median,arabam=1,1,0,True,True,CRITICAL,3,"1 gercek egitim kaydi (ham: 1). premium fiyat segmenti (medyan 34,000,000 >= p90 esigi 3,375,000); hierarchical_price destegi dusuk (n=1); model yili cesitliligi cok dusuk (1 farkli yil); UI kataloginda secilebilir (kullanici gercekten bu araci secebilir).",False,"n<2: aralik/varyans tanimlanamaz, interpolasyon icin yeterli nokta yok; tek model yili: yil ekseninde interpolasyon bolgesi yok; guvenli olmadigi icin onerilen sayi yariya indirildi (asil oneri 6 idi)",2016-2016,"76,000-76,000","34,000,000-34,000,000"
Ferrari,599,1,1,1,2024.0,2024.0,0.0,0.0,0.0,48000000.0,48000000.0,48000000.0,0.0,,1,brand_model,median,kaggle=1,0,1,True,True,CRITICAL,3,"1 gercek egitim kaydi (ham: 1). premium fiyat segmenti (medyan 48,000,000 >= p90 esigi 3,375,000); hierarchical_price destegi dusuk (n=1); model yili cesitliligi cok dusuk (1 farkli yil); UI kataloginda secilebilir (kullanici gercekten bu araci secebilir).",False,"n<2: aralik/varyans tanimlanamaz, interpolasyon icin yeterli nokta yok; tek model yili: yil ekseninde interpolasyon bolgesi yok; guvenli olmadigi icin onerilen sayi yariya indirildi (asil oneri 6 idi)",2024-2024,0-0,"48,000,000-48,000,000"
Fiat,600,5,1,1,2024.0,2024.0,33000.0,33000.0,33000.0,1475000.0,1475000.0,1475000.0,0.0,,1,brand_model,median,arabam=5,5,0,True,True,CRITICAL,3,1 gercek egitim kaydi (ham: 5). hierarchical_price destegi dusuk (n=1); model yili cesitliligi cok dusuk (1 farkli yil); UI kataloginda secilebilir (kullanici gercekten bu araci secebilir).,False,"n<2: aralik/varyans tanimlanamaz, interpolasyon icin yeterli nokta yok; tek model yili: yil ekseninde interpolasyon bolgesi yok; guvenli olmadigi icin onerilen sayi yariya indirildi (asil oneri 6 idi)",2024-2024,"33,000-33,000","1,475,000-1,475,000"
Fiat,Panda Van,1,1,1,2020.0,2020.0,175000.0,175000.0,175000.0,635000.0,635000.0,635000.0,0.0,,1,brand_model,median,arabam=1,1,0,True,True,CRITICAL,3,1 gercek egitim kaydi (ham: 1). hierarchical_price destegi dusuk (n=1); model yili cesitliligi cok dusuk (1 farkli yil); UI kataloginda secilebilir (kullanici gercekten bu araci secebilir).,False,"n<2: aralik/varyans tanimlanamaz, interpolasyon icin yeterli nokta yok; tek model yili: yil ekseninde interpolasyon bolgesi yok; guvenli olmadigi icin onerilen sayi yariya indirildi (asil oneri 6 idi)",2020-2020,"175,000-175,000","635,000-635,000"
Fiat,Regata,1,1,1,1987.0,1987.0,100000.0,100000.0,100000.0,130000.0,130000.0,130000.0,0.0,,1,brand_model,median,arabam=1,1,0,True,True,CRITICAL,1,"1 gercek egitim kaydi (ham: 1). hierarchical_price destegi dusuk (n=1); model yili cesitliligi cok dusuk (1 farkli yil); UI kataloginda secilebilir (kullanici gercekten bu araci secebilir). azaltici: cok eski model (max_year=1987), piyasada nadir - dusuk oncelik; dusuk fiyat etkisi (medyan 130,000 <= p25 esigi 320,000).",False,"n<2: aralik/varyans tanimlanamaz, interpolasyon icin yeterli nokta yok; tek model yili: yil ekseninde interpolasyon bolgesi yok; guvenli olmadigi icin onerilen sayi yariya indirildi (asil oneri 2 idi)",1987-1987,"100,000-100,000","130,000-130,000"
Ford,E Serisi,1,1,1,2000.0,2000.0,168000.0,168000.0,168000.0,750000.0,750000.0,750000.0,0.0,,1,brand_model,median,arabam=1,1,0,True,True,CRITICAL,1,"1 gercek egitim kaydi (ham: 1). hierarchical_price destegi dusuk (n=1); model yili cesitliligi cok dusuk (1 farkli yil); UI kataloginda secilebilir (kullanici gercekten bu araci secebilir). azaltici: cok eski model (max_year=2000), piyasada nadir - dusuk oncelik.",False,"n<2: aralik/varyans tanimlanamaz, interpolasyon icin yeterli nokta yok; tek model yili: yil ekseninde interpolasyon bolgesi yok; guvenli olmadigi icin onerilen sayi yariya indirildi (asil oneri 2 idi)",2000-2000,"168,000-168,000","750,000-750,000"
Ford,Granada,1,1,1,1975.0,1975.0,45000.0,45000.0,45000.0,125000.0,125000.0,125000.0,0.0,,1,brand_model,median,arabam=1,1,0,True,True,CRITICAL,1,"1 gercek egitim kaydi (ham: 1). hierarchical_price destegi dusuk (n=1); model yili cesitliligi cok dusuk (1 farkli yil); UI kataloginda secilebilir (kullanici gercekten bu araci secebilir). azaltici: cok eski model (max_year=1975), piyasada nadir - dusuk oncelik; dusuk fiyat etkisi (medyan 125,000 <= p25 esigi 320,000).",False,"n<2: aralik/varyans tanimlanamaz, interpolasyon icin yeterli nokta yok; tek model yili: yil ekseninde interpolasyon bolgesi yok; guvenli olmadigi icin onerilen sayi yariya indirildi (asil oneri 2 idi)",1975-1975,"45,000-45,000","125,000-125,000"
Ford,Probe,2,1,1,1990.0,1990.0,200000.0,200000.0,200000.0,650000.0,650000.0,650000.0,0.0,,1,brand_model,median,"arabam=1, kaggle=1",1,1,True,True,CRITICAL,1,"1 gercek egitim kaydi (ham: 2). hierarchical_price destegi dusuk (n=1); model yili cesitliligi cok dusuk (1 farkli yil); UI kataloginda secilebilir (kullanici gercekten bu araci secebilir). azaltici: cok eski model (max_year=1990), piyasada nadir - dusuk oncelik.",False,"n<2: aralik/varyans tanimlanamaz, interpolasyon icin yeterli nokta yok; tek model yili: yil ekseninde interpolasyon bolgesi yok; guvenli olmadigi icin onerilen sayi yariya indirildi (asil oneri 2 idi)",1990-1990,"200,000-200,000","650,000-650,000"
GAZ,Gazelle,1,1,1,2006.0,2006.0,169000.0,169000.0,169000.0,195000.0,195000.0,195000.0,0.0,,1,brand_model,median,arabam=1,1,0,True,True,CRITICAL,1,"1 gercek egitim kaydi (ham: 1). hierarchical_price destegi dusuk (n=1); model yili cesitliligi cok dusuk (1 farkli yil); UI kataloginda secilebilir (kullanici gercekten bu araci secebilir). azaltici: cok eski model (max_year=2006), piyasada nadir - dusuk oncelik; dusuk fiyat etkisi (medyan 195,000 <= p25 esigi 320,000).",False,"n<2: aralik/varyans tanimlanamaz, interpolasyon icin yeterli nokta yok; tek model yili: yil ekseninde interpolasyon bolgesi yok; guvenli olmadigi icin onerilen sayi yariya indirildi (asil oneri 2 idi)",2006-2006,"169,000-169,000","195,000-195,000"
Galaxy,Galaxy Car,1,1,1,2025.0,2025.0,0.0,0.0,0.0,107000.0,107000.0,107000.0,0.0,,1,brand_model,median,arabam=1,1,0,True,True,CRITICAL,1,"1 gercek egitim kaydi (ham: 1). hierarchical_price destegi dusuk (n=1); model yili cesitliligi cok dusuk (1 farkli yil); UI kataloginda secilebilir (kullanici gercekten bu araci secebilir). azaltici: dusuk fiyat etkisi (medyan 107,000 <= p25 esigi 320,000).",False,"n<2: aralik/varyans tanimlanamaz, interpolasyon icin yeterli nokta yok; tek model yili: yil ekseninde interpolasyon bolgesi yok; guvenli olmadigi icin onerilen sayi yariya indirildi (asil oneri 2 idi)",2025-2025,0-0,"107,000-107,000"
Honda,FR-V,1,1,1,2008.0,2008.0,250000.0,250000.0,250000.0,740000.0,740000.0,740000.0,0.0,,1,brand_model,median,arabam=1,1,0,True,True,CRITICAL,1,"1 gercek egitim kaydi (ham: 1). hierarchical_price destegi dusuk (n=1); model yili cesitliligi cok dusuk (1 farkli yil); UI kataloginda secilebilir (kullanici gercekten bu araci secebilir). azaltici: cok eski model (max_year=2008), piyasada nadir - dusuk oncelik.",False,"n<2: aralik/varyans tanimlanamaz, interpolasyon icin yeterli nokta yok; tek model yili: yil ekseninde interpolasyon bolgesi yok; guvenli olmadigi icin onerilen sayi yariya indirildi (asil oneri 2 idi)",2008-2008,"250,000-250,000","740,000-740,000"
Honda,Stream,1,1,1,2001.0,2001.0,395000.0,395000.0,395000.0,519000.0,519000.0,519000.0,0.0,,1,brand_model,median,arabam=1,1,0,True,True,CRITICAL,1,"1 gercek egitim kaydi (ham: 1). hierarchical_price destegi dusuk (n=1); model yili cesitliligi cok dusuk (1 farkli yil); UI kataloginda secilebilir (kullanici gercekten bu araci secebilir). azaltici: cok eski model (max_year=2001), piyasada nadir - dusuk oncelik.",False,"n<2: aralik/varyans tanimlanamaz, interpolasyon icin yeterli nokta yok; tek model yili: yil ekseninde interpolasyon bolgesi yok; guvenli olmadigi icin onerilen sayi yariya indirildi (asil oneri 2 idi)",2001-2001,"395,000-395,000","519,000-519,000"
Hyundai,Galloper,1,1,1,1999.0,1999.0,303000.0,303000.0,303000.0,745000.0,745000.0,745000.0,0.0,,1,brand_model,median,arabam=1,1,0,True,True,CRITICAL,1,"1 gercek egitim kaydi (ham: 1). hierarchical_price destegi dusuk (n=1); model yili cesitliligi cok dusuk (1 farkli yil); UI kataloginda secilebilir (kullanici gercekten bu araci secebilir). azaltici: cok eski model (max_year=1999), piyasada nadir - dusuk oncelik.",False,"n<2: aralik/varyans tanimlanamaz, interpolasyon icin yeterli nokta yok; tek model yili: yil ekseninde interpolasyon bolgesi yok; guvenli olmadigi icin onerilen sayi yariya indirildi (asil oneri 2 idi)",1999-1999,"303,000-303,000","745,000-745,000"
Hyundai,Trajet,1,1,1,2001.0,2001.0,350000.0,350000.0,350000.0,379000.0,379000.0,379000.0,0.0,,1,brand_model,median,arabam=1,1,0,True,True,CRITICAL,1,"1 gercek egitim kaydi (ham: 1). hierarchical_price destegi dusuk (n=1); model yili cesitliligi cok dusuk (1 farkli yil); UI kataloginda secilebilir (kullanici gercekten bu araci secebilir). azaltici: cok eski model (max_year=2001), piyasada nadir - dusuk oncelik.",False,"n<2: aralik/varyans tanimlanamaz, interpolasyon icin yeterli nokta yok; tek model yili: yil ekseninde interpolasyon bolgesi yok; guvenli olmadigi icin onerilen sayi yariya indirildi (asil oneri 2 idi)",2001-2001,"350,000-350,000","379,000-379,000"
Hyundai,ix55,1,1,1,2010.0,2010.0,335000.0,335000.0,335000.0,1180000.0,1180000.0,1180000.0,0.0,,1,brand_model,median,arabam=1,1,0,True,True,CRITICAL,1,"1 gercek egitim kaydi (ham: 1). hierarchical_price destegi dusuk (n=1); model yili cesitliligi cok dusuk (1 farkli yil); UI kataloginda secilebilir (kullanici gercekten bu araci secebilir). azaltici: cok eski model (max_year=2010), piyasada nadir - dusuk oncelik.",False,"n<2: aralik/varyans tanimlanamaz, interpolasyon icin yeterli nokta yok; tek model yili: yil ekseninde interpolasyon bolgesi yok; guvenli olmadigi icin onerilen sayi yariya indirildi (asil oneri 2 idi)",2010-2010,"335,000-335,000","1,180,000-1,180,000"
Isuzu,Gemini,1,1,1,1993.0,1993.0,258000.0,258000.0,258000.0,245000.0,245000.0,245000.0,0.0,,1,brand_model,median,kaggle=1,0,1,True,True,CRITICAL,1,"1 gercek egitim kaydi (ham: 1). hierarchical_price destegi dusuk (n=1); model yili cesitliligi cok dusuk (1 farkli yil); UI kataloginda secilebilir (kullanici gercekten bu araci secebilir). azaltici: cok eski model (max_year=1993), piyasada nadir - dusuk oncelik; dusuk fiyat etkisi (medyan 245,000 <= p25 esigi 320,000).",False,"n<2: aralik/varyans tanimlanamaz, interpolasyon icin yeterli nokta yok; tek model yili: yil ekseninde interpolasyon bolgesi yok; guvenli olmadigi icin onerilen sayi yariya indirildi (asil oneri 2 idi)",1993-1993,"258,000-258,000","245,000-245,000"
Isuzu,Trooper,1,1,1,1993.0,1993.0,409000.0,409000.0,409000.0,280000.0,280000.0,280000.0,0.0,,1,brand_model,median,arabam=1,1,0,True,True,CRITICAL,1,"1 gercek egitim kaydi (ham: 1). hierarchical_price destegi dusuk (n=1); model yili cesitliligi cok dusuk (1 farkli yil); UI kataloginda secilebilir (kullanici gercekten bu araci secebilir). azaltici: cok eski model (max_year=1993), piyasada nadir - dusuk oncelik; dusuk fiyat etkisi (medyan 280,000 <= p25 esigi 320,000).",False,"n<2: aralik/varyans tanimlanamaz, interpolasyon icin yeterli nokta yok; tek model yili: yil ekseninde interpolasyon bolgesi yok; guvenli olmadigi icin onerilen sayi yariya indirildi (asil oneri 2 idi)",1993-1993,"409,000-409,000","280,000-280,000"
Işıldar Apachi,Kent,1,1,1,2014.0,2014.0,10000.0,10000.0,10000.0,28000.0,28000.0,28000.0,0.0,,1,brand_model,median,arabam=1,1,0,True,True,CRITICAL,1,"1 gercek egitim kaydi (ham: 1). hierarchical_price destegi dusuk (n=1); model yili cesitliligi cok dusuk (1 farkli yil); UI kataloginda secilebilir (kullanici gercekten bu araci secebilir). azaltici: dusuk fiyat etkisi (medyan 28,000 <= p25 esigi 320,000).",False,"n<2: aralik/varyans tanimlanamaz, interpolasyon icin yeterli nokta yok; tek model yili: yil ekseninde interpolasyon bolgesi yok; guvenli olmadigi icin onerilen sayi yariya indirildi (asil oneri 2 idi)",2014-2014,"10,000-10,000","28,000-28,000"
Jaguar,F-Type,2,1,1,2018.0,2018.0,42000.0,42000.0,42000.0,4890000.0,4890000.0,4890000.0,0.0,,1,brand_model,median,kaggle=2,0,2,True,True,CRITICAL,3,"1 gercek egitim kaydi (ham: 2). premium fiyat segmenti (medyan 4,890,000 >= p90 esigi 3,375,000); hierarchical_price destegi dusuk (n=1); model yili cesitliligi cok dusuk (1 farkli yil); UI kataloginda secilebilir (kullanici gercekten bu araci secebilir).",False,"n<2: aralik/varyans tanimlanamaz, interpolasyon icin yeterli nokta yok; tek model yili: yil ekseninde interpolasyon bolgesi yok; guvenli olmadigi icin onerilen sayi yariya indirildi (asil oneri 6 idi)",2018-2018,"42,000-42,000","4,890,000-4,890,000"
Jaguar,XJS,1,1,1,1988.0,1988.0,500000.0,500000.0,500000.0,700000.0,700000.0,700000.0,0.0,,1,brand_model,median,kaggle=1,0,1,True,True,CRITICAL,1,"1 gercek egitim kaydi (ham: 1). hierarchical_price destegi dusuk (n=1); model yili cesitliligi cok dusuk (1 farkli yil); UI kataloginda secilebilir (kullanici gercekten bu araci secebilir). azaltici: cok eski model (max_year=1988), piyasada nadir - dusuk oncelik.",False,"n<2: aralik/varyans tanimlanamaz, interpolasyon icin yeterli nokta yok; tek model yili: yil ekseninde interpolasyon bolgesi yok; guvenli olmadigi icin onerilen sayi yariya indirildi (asil oneri 2 idi)",1988-1988,"500,000-500,000","700,000-700,000"
Jeep,CJ,1,1,1,1964.0,1964.0,12500.0,12500.0,12500.0,595000.0,595000.0,595000.0,0.0,,1,brand_model,median,arabam=1,1,0,True,True,CRITICAL,1,"1 gercek egitim kaydi (ham: 1). hierarchical_price destegi dusuk (n=1); model yili cesitliligi cok dusuk (1 farkli yil); UI kataloginda secilebilir (kullanici gercekten bu araci secebilir). azaltici: cok eski model (max_year=1964), piyasada nadir - dusuk oncelik.",False,"n<2: aralik/varyans tanimlanamaz, interpolasyon icin yeterli nokta yok; tek model yili: yil ekseninde interpolasyon bolgesi yok; guvenli olmadigi icin onerilen sayi yariya indirildi (asil oneri 2 idi)",1964-1964,"12,500-12,500","595,000-595,000"
Jeep,Commander,1,1,1,2007.0,2007.0,305000.0,305000.0,305000.0,1495000.0,1495000.0,1495000.0,0.0,,1,brand_model,median,arabam=1,1,0,True,True,CRITICAL,1,"1 gercek egitim kaydi (ham: 1). hierarchical_price destegi dusuk (n=1); model yili cesitliligi cok dusuk (1 farkli yil); UI kataloginda secilebilir (kullanici gercekten bu araci secebilir). azaltici: cok eski model (max_year=2007), piyasada nadir - dusuk oncelik.",False,"n<2: aralik/varyans tanimlanamaz, interpolasyon icin yeterli nokta yok; tek model yili: yil ekseninde interpolasyon bolgesi yok; guvenli olmadigi icin onerilen sayi yariya indirildi (asil oneri 2 idi)",2007-2007,"305,000-305,000","1,495,000-1,495,000"
Jeep,Liberty,1,1,1,2002.0,2002.0,256000.0,256000.0,256000.0,510000.0,510000.0,510000.0,0.0,,1,brand_model,median,arabam=1,1,0,True,True,CRITICAL,1,"1 gercek egitim kaydi (ham: 1). hierarchical_price destegi dusuk (n=1); model yili cesitliligi cok dusuk (1 farkli yil); UI kataloginda secilebilir (kullanici gercekten bu araci secebilir). azaltici: cok eski model (max_year=2002), piyasada nadir - dusuk oncelik.",False,"n<2: aralik/varyans tanimlanamaz, interpolasyon icin yeterli nokta yok; tek model yili: yil ekseninde interpolasyon bolgesi yok; guvenli olmadigi icin onerilen sayi yariya indirildi (asil oneri 2 idi)",2002-2002,"256,000-256,000","510,000-510,000"
Kia,Clarus,1,1,1,1998.0,1998.0,150200.0,150200.0,150200.0,249000.0,249000.0,249000.0,0.0,,1,brand_model,median,kaggle=1,0,1,True,True,CRITICAL,1,"1 gercek egitim kaydi (ham: 1). hierarchical_price destegi dusuk (n=1); model yili cesitliligi cok dusuk (1 farkli yil); UI kataloginda secilebilir (kullanici gercekten bu araci secebilir). azaltici: cok eski model (max_year=1998), piyasada nadir - dusuk oncelik; dusuk fiyat etkisi (medyan 249,000 <= p25 esigi 320,000).",False,"n<2: aralik/varyans tanimlanamaz, interpolasyon icin yeterli nokta yok; tek model yili: yil ekseninde interpolasyon bolgesi yok; guvenli olmadigi icin onerilen sayi yariya indirildi (asil oneri 2 idi)",1998-1998,"150,200-150,200","249,000-249,000"
Kia,Opirus,1,1,1,2005.0,2005.0,170000.0,170000.0,170000.0,550000.0,550000.0,550000.0,0.0,,1,brand_model,median,kaggle=1,0,1,True,True,CRITICAL,1,"1 gercek egitim kaydi (ham: 1). hierarchical_price destegi dusuk (n=1); model yili cesitliligi cok dusuk (1 farkli yil); UI kataloginda secilebilir (kullanici gercekten bu araci secebilir). azaltici: cok eski model (max_year=2005), piyasada nadir - dusuk oncelik.",False,"n<2: aralik/varyans tanimlanamaz, interpolasyon icin yeterli nokta yok; tek model yili: yil ekseninde interpolasyon bolgesi yok; guvenli olmadigi icin onerilen sayi yariya indirildi (asil oneri 2 idi)",2005-2005,"170,000-170,000","550,000-550,000"
Kia,Pregio,1,1,1,2000.0,2000.0,350000.0,350000.0,350000.0,220000.0,220000.0,220000.0,0.0,,1,brand_model,median,arabam=1,1,0,True,True,CRITICAL,1,"1 gercek egitim kaydi (ham: 1). hierarchical_price destegi dusuk (n=1); model yili cesitliligi cok dusuk (1 farkli yil); UI kataloginda secilebilir (kullanici gercekten bu araci secebilir). azaltici: cok eski model (max_year=2000), piyasada nadir - dusuk oncelik; dusuk fiyat etkisi (medyan 220,000 <= p25 esigi 320,000).",False,"n<2: aralik/varyans tanimlanamaz, interpolasyon icin yeterli nokta yok; tek model yili: yil ekseninde interpolasyon bolgesi yok; guvenli olmadigi icin onerilen sayi yariya indirildi (asil oneri 2 idi)",2000-2000,"350,000-350,000","220,000-220,000"
Kia,Stinger,1,1,1,2019.0,2019.0,72500.0,72500.0,72500.0,2625000.0,2625000.0,2625000.0,0.0,,1,brand_model,median,kaggle=1,0,1,True,True,CRITICAL,3,1 gercek egitim kaydi (ham: 1). hierarchical_price destegi dusuk (n=1); model yili cesitliligi cok dusuk (1 farkli yil); UI kataloginda secilebilir (kullanici gercekten bu araci secebilir).,False,"n<2: aralik/varyans tanimlanamaz, interpolasyon icin yeterli nokta yok; tek model yili: yil ekseninde interpolasyon bolgesi yok; guvenli olmadigi icin onerilen sayi yariya indirildi (asil oneri 6 idi)",2019-2019,"72,500-72,500","2,625,000-2,625,000"
Kimmi,Maxi Porter,1,1,1,2025.0,2025.0,0.0,0.0,0.0,90000.0,90000.0,90000.0,0.0,,1,brand_model,median,arabam=1,1,0,True,True,CRITICAL,1,"1 gercek egitim kaydi (ham: 1). hierarchical_price destegi dusuk (n=1); model yili cesitliligi cok dusuk (1 farkli yil); UI kataloginda secilebilir (kullanici gercekten bu araci secebilir). azaltici: dusuk fiyat etkisi (medyan 90,000 <= p25 esigi 320,000).",False,"n<2: aralik/varyans tanimlanamaz, interpolasyon icin yeterli nokta yok; tek model yili: yil ekseninde interpolasyon bolgesi yok; guvenli olmadigi icin onerilen sayi yariya indirildi (asil oneri 2 idi)",2025-2025,0-0,"90,000-90,000"
Kimmi,Maxi Truck 1500,2,1,1,2026.0,2026.0,0.0,0.0,0.0,127000.0,127000.0,127000.0,0.0,,1,brand_model,median,arabam=2,2,0,True,True,CRITICAL,1,"1 gercek egitim kaydi (ham: 2). hierarchical_price destegi dusuk (n=1); model yili cesitliligi cok dusuk (1 farkli yil); UI kataloginda secilebilir (kullanici gercekten bu araci secebilir). azaltici: dusuk fiyat etkisi (medyan 127,000 <= p25 esigi 320,000).",False,"n<2: aralik/varyans tanimlanamaz, interpolasyon icin yeterli nokta yok; tek model yili: yil ekseninde interpolasyon bolgesi yok; guvenli olmadigi icin onerilen sayi yariya indirildi (asil oneri 2 idi)",2026-2026,0-0,"127,000-127,000"
Kuba,Didi,1,1,1,2026.0,2026.0,0.0,0.0,0.0,138600.0,138600.0,138600.0,0.0,,1,brand_model,median,arabam=1,1,0,True,True,CRITICAL,1,"1 gercek egitim kaydi (ham: 1). hierarchical_price destegi dusuk (n=1); model yili cesitliligi cok dusuk (1 farkli yil); UI kataloginda secilebilir (kullanici gercekten bu araci secebilir). azaltici: dusuk fiyat etkisi (medyan 138,600 <= p25 esigi 320,000).",False,"n<2: aralik/varyans tanimlanamaz, interpolasyon icin yeterli nokta yok; tek model yili: yil ekseninde interpolasyon bolgesi yok; guvenli olmadigi icin onerilen sayi yariya indirildi (asil oneri 2 idi)",2026-2026,0-0,"138,600-138,600"
Kuba,E-Pickup,1,1,1,2025.0,2025.0,35.0,35.0,35.0,50000.0,50000.0,50000.0,0.0,,1,brand_model,median,arabam=1,1,0,True,True,CRITICAL,1,"1 gercek egitim kaydi (ham: 1). hierarchical_price destegi dusuk (n=1); model yili cesitliligi cok dusuk (1 farkli yil); UI kataloginda secilebilir (kullanici gercekten bu araci secebilir). azaltici: dusuk fiyat etkisi (medyan 50,000 <= p25 esigi 320,000).",False,"n<2: aralik/varyans tanimlanamaz, interpolasyon icin yeterli nokta yok; tek model yili: yil ekseninde interpolasyon bolgesi yok; guvenli olmadigi icin onerilen sayi yariya indirildi (asil oneri 2 idi)",2025-2025,35-35,"50,000-50,000"
Kuba,Eco Rider,1,1,1,2024.0,2024.0,6001.0,6001.0,6001.0,60000.0,60000.0,60000.0,0.0,,1,brand_model,median,arabam=1,1,0,True,True,CRITICAL,1,"1 gercek egitim kaydi (ham: 1). hierarchical_price destegi dusuk (n=1); model yili cesitliligi cok dusuk (1 farkli yil); UI kataloginda secilebilir (kullanici gercekten bu araci secebilir). azaltici: dusuk fiyat etkisi (medyan 60,000 <= p25 esigi 320,000).",False,"n<2: aralik/varyans tanimlanamaz, interpolasyon icin yeterli nokta yok; tek model yili: yil ekseninde interpolasyon bolgesi yok; guvenli olmadigi icin onerilen sayi yariya indirildi (asil oneri 2 idi)",2024-2024,"6,001-6,001","60,000-60,000"
Lamborghini,Aventador,1,1,1,2013.0,2013.0,31000.0,31000.0,31000.0,46500000.0,46500000.0,46500000.0,0.0,,1,brand_model,median,arabam=1,1,0,True,True,CRITICAL,3,"1 gercek egitim kaydi (ham: 1). premium fiyat segmenti (medyan 46,500,000 >= p90 esigi 3,375,000); hierarchical_price destegi dusuk (n=1); model yili cesitliligi cok dusuk (1 farkli yil); UI kataloginda secilebilir (kullanici gercekten bu araci secebilir).",False,"n<2: aralik/varyans tanimlanamaz, interpolasyon icin yeterli nokta yok; tek model yili: yil ekseninde interpolasyon bolgesi yok; guvenli olmadigi icin onerilen sayi yariya indirildi (asil oneri 6 idi)",2013-2013,"31,000-31,000","46,500,000-46,500,000"
Lancia,Phedra,1,1,1,2006.0,2006.0,326500.0,326500.0,326500.0,499000.0,499000.0,499000.0,0.0,,1,brand_model,median,arabam=1,1,0,True,True,CRITICAL,1,"1 gercek egitim kaydi (ham: 1). hierarchical_price destegi dusuk (n=1); model yili cesitliligi cok dusuk (1 farkli yil); UI kataloginda secilebilir (kullanici gercekten bu araci secebilir). azaltici: cok eski model (max_year=2006), piyasada nadir - dusuk oncelik.",False,"n<2: aralik/varyans tanimlanamaz, interpolasyon icin yeterli nokta yok; tek model yili: yil ekseninde interpolasyon bolgesi yok; guvenli olmadigi icin onerilen sayi yariya indirildi (asil oneri 2 idi)",2006-2006,"326,500-326,500","499,000-499,000"
Lexus,CT,1,1,1,2017.0,2017.0,172500.0,172500.0,172500.0,1425000.0,1425000.0,1425000.0,0.0,,1,brand_model,median,arabam=1,1,0,True,True,CRITICAL,3,1 gercek egitim kaydi (ham: 1). hierarchical_price destegi dusuk (n=1); model yili cesitliligi cok dusuk (1 farkli yil); UI kataloginda secilebilir (kullanici gercekten bu araci secebilir).,False,"n<2: aralik/varyans tanimlanamaz, interpolasyon icin yeterli nokta yok; tek model yili: yil ekseninde interpolasyon bolgesi yok; guvenli olmadigi icin onerilen sayi yariya indirildi (asil oneri 6 idi)",2017-2017,"172,500-172,500","1,425,000-1,425,000"
Lexus,LM,1,1,1,2023.0,2023.0,38960.0,38960.0,38960.0,18250000.0,18250000.0,18250000.0,0.0,,1,brand_model,median,arabam=1,1,0,True,True,CRITICAL,3,"1 gercek egitim kaydi (ham: 1). premium fiyat segmenti (medyan 18,250,000 >= p90 esigi 3,375,000); hierarchical_price destegi dusuk (n=1); model yili cesitliligi cok dusuk (1 farkli yil); UI kataloginda secilebilir (kullanici gercekten bu araci secebilir).",False,"n<2: aralik/varyans tanimlanamaz, interpolasyon icin yeterli nokta yok; tek model yili: yil ekseninde interpolasyon bolgesi yok; guvenli olmadigi icin onerilen sayi yariya indirildi (asil oneri 6 idi)",2023-2023,"38,960-38,960","18,250,000-18,250,000"
Lexus,LX,2,1,1,2026.0,2026.0,0.0,0.0,0.0,35500000.0,35500000.0,35500000.0,0.0,,1,brand_model,median,arabam=2,2,0,True,True,CRITICAL,3,"1 gercek egitim kaydi (ham: 2). premium fiyat segmenti (medyan 35,500,000 >= p90 esigi 3,375,000); hierarchical_price destegi dusuk (n=1); model yili cesitliligi cok dusuk (1 farkli yil); UI kataloginda secilebilir (kullanici gercekten bu araci secebilir).",False,"n<2: aralik/varyans tanimlanamaz, interpolasyon icin yeterli nokta yok; tek model yili: yil ekseninde interpolasyon bolgesi yok; guvenli olmadigi icin onerilen sayi yariya indirildi (asil oneri 6 idi)",2026-2026,0-0,"35,500,000-35,500,000"
Lincoln,Mark,1,1,1,1988.0,1988.0,130000.0,130000.0,130000.0,700000.0,700000.0,700000.0,0.0,,1,brand_model,median,arabam=1,1,0,True,True,CRITICAL,1,"1 gercek egitim kaydi (ham: 1). hierarchical_price destegi dusuk (n=1); model yili cesitliligi cok dusuk (1 farkli yil); UI kataloginda secilebilir (kullanici gercekten bu araci secebilir). azaltici: cok eski model (max_year=1988), piyasada nadir - dusuk oncelik.",False,"n<2: aralik/varyans tanimlanamaz, interpolasyon icin yeterli nokta yok; tek model yili: yil ekseninde interpolasyon bolgesi yok; guvenli olmadigi icin onerilen sayi yariya indirildi (asil oneri 2 idi)",1988-1988,"130,000-130,000","700,000-700,000"
Luyuan,Inno9 Lite,1,1,1,2023.0,2023.0,6100.0,6100.0,6100.0,37500.0,37500.0,37500.0,0.0,,1,brand_model,median,arabam=1,1,0,True,True,CRITICAL,1,"1 gercek egitim kaydi (ham: 1). hierarchical_price destegi dusuk (n=1); model yili cesitliligi cok dusuk (1 farkli yil); UI kataloginda secilebilir (kullanici gercekten bu araci secebilir). azaltici: dusuk fiyat etkisi (medyan 37,500 <= p25 esigi 320,000).",False,"n<2: aralik/varyans tanimlanamaz, interpolasyon icin yeterli nokta yok; tek model yili: yil ekseninde interpolasyon bolgesi yok; guvenli olmadigi icin onerilen sayi yariya indirildi (asil oneri 2 idi)",2023-2023,"6,100-6,100","37,500-37,500"
MG,F,1,1,1,2000.0,2000.0,87000.0,87000.0,87000.0,500000.0,500000.0,500000.0,0.0,,1,brand_model,median,kaggle=1,0,1,True,True,CRITICAL,1,"1 gercek egitim kaydi (ham: 1). hierarchical_price destegi dusuk (n=1); model yili cesitliligi cok dusuk (1 farkli yil); UI kataloginda secilebilir (kullanici gercekten bu araci secebilir). azaltici: cok eski model (max_year=2000), piyasada nadir - dusuk oncelik.",False,"n<2: aralik/varyans tanimlanamaz, interpolasyon icin yeterli nokta yok; tek model yili: yil ekseninde interpolasyon bolgesi yok; guvenli olmadigi icin onerilen sayi yariya indirildi (asil oneri 2 idi)",2000-2000,"87,000-87,000","500,000-500,000"
Maserati,4 Serisi,1,1,1,1994.0,1994.0,75000.0,75000.0,75000.0,1399750.0,1399750.0,1399750.0,0.0,,1,brand_model,median,kaggle=1,0,1,True,True,CRITICAL,1,"1 gercek egitim kaydi (ham: 1). hierarchical_price destegi dusuk (n=1); model yili cesitliligi cok dusuk (1 farkli yil); UI kataloginda secilebilir (kullanici gercekten bu araci secebilir). azaltici: cok eski model (max_year=1994), piyasada nadir - dusuk oncelik.",False,"n<2: aralik/varyans tanimlanamaz, interpolasyon icin yeterli nokta yok; tek model yili: yil ekseninde interpolasyon bolgesi yok; guvenli olmadigi icin onerilen sayi yariya indirildi (asil oneri 2 idi)",1994-1994,"75,000-75,000","1,399,750-1,399,750"
Maxus,e-Deliver,1,1,1,2025.0,2025.0,13000.0,13000.0,13000.0,1189900.0,1189900.0,1189900.0,0.0,,1,brand_model,median,arabam=1,1,0,True,True,CRITICAL,3,1 gercek egitim kaydi (ham: 1). hierarchical_price destegi dusuk (n=1); model yili cesitliligi cok dusuk (1 farkli yil); UI kataloginda secilebilir (kullanici gercekten bu araci secebilir).,False,"n<2: aralik/varyans tanimlanamaz, interpolasyon icin yeterli nokta yok; tek model yili: yil ekseninde interpolasyon bolgesi yok; guvenli olmadigi icin onerilen sayi yariya indirildi (asil oneri 6 idi)",2025-2025,"13,000-13,000","1,189,900-1,189,900"
Mazda,929,1,1,1,1991.0,1991.0,245000.0,245000.0,245000.0,190000.0,190000.0,190000.0,0.0,,1,brand_model,median,kaggle=1,0,1,True,True,CRITICAL,1,"1 gercek egitim kaydi (ham: 1). hierarchical_price destegi dusuk (n=1); model yili cesitliligi cok dusuk (1 farkli yil); UI kataloginda secilebilir (kullanici gercekten bu araci secebilir). azaltici: cok eski model (max_year=1991), piyasada nadir - dusuk oncelik; dusuk fiyat etkisi (medyan 190,000 <= p25 esigi 320,000).",False,"n<2: aralik/varyans tanimlanamaz, interpolasyon icin yeterli nokta yok; tek model yili: yil ekseninde interpolasyon bolgesi yok; guvenli olmadigi icin onerilen sayi yariya indirildi (asil oneri 2 idi)",1991-1991,"245,000-245,000","190,000-190,000"
Mazda,B2200,1,1,1,1993.0,1993.0,200000.0,200000.0,200000.0,270000.0,270000.0,270000.0,0.0,,1,brand_model,median,arabam=1,1,0,True,True,CRITICAL,1,"1 gercek egitim kaydi (ham: 1). hierarchical_price destegi dusuk (n=1); model yili cesitliligi cok dusuk (1 farkli yil); UI kataloginda secilebilir (kullanici gercekten bu araci secebilir). azaltici: cok eski model (max_year=1993), piyasada nadir - dusuk oncelik; dusuk fiyat etkisi (medyan 270,000 <= p25 esigi 320,000).",False,"n<2: aralik/varyans tanimlanamaz, interpolasyon icin yeterli nokta yok; tek model yili: yil ekseninde interpolasyon bolgesi yok; guvenli olmadigi icin onerilen sayi yariya indirildi (asil oneri 2 idi)",1993-1993,"200,000-200,000","270,000-270,000"
McLaren,GT,1,1,1,2020.0,2020.0,38000.0,38000.0,38000.0,40000000.0,40000000.0,40000000.0,0.0,,1,brand_model,median,arabam=1,1,0,True,True,CRITICAL,3,"1 gercek egitim kaydi (ham: 1). premium fiyat segmenti (medyan 40,000,000 >= p90 esigi 3,375,000); hierarchical_price destegi dusuk (n=1); model yili cesitliligi cok dusuk (1 farkli yil); UI kataloginda secilebilir (kullanici gercekten bu araci secebilir).",False,"n<2: aralik/varyans tanimlanamaz, interpolasyon icin yeterli nokta yok; tek model yili: yil ekseninde interpolasyon bolgesi yok; guvenli olmadigi icin onerilen sayi yariya indirildi (asil oneri 6 idi)",2020-2020,"38,000-38,000","40,000,000-40,000,000"
Mercedes - Benz,320,1,1,1,1993.0,1993.0,100000.0,100000.0,100000.0,2100000.0,2100000.0,2100000.0,0.0,,1,brand_model,median,kaggle=1,0,1,True,True,CRITICAL,1,"1 gercek egitim kaydi (ham: 1). hierarchical_price destegi dusuk (n=1); model yili cesitliligi cok dusuk (1 farkli yil); UI kataloginda secilebilir (kullanici gercekten bu araci secebilir). azaltici: cok eski model (max_year=1993), piyasada nadir - dusuk oncelik.",False,"n<2: aralik/varyans tanimlanamaz, interpolasyon icin yeterli nokta yok; tek model yili: yil ekseninde interpolasyon bolgesi yok; guvenli olmadigi icin onerilen sayi yariya indirildi (asil oneri 2 idi)",1993-1993,"100,000-100,000","2,100,000-2,100,000"
Mercury,Cougar,2,1,1,1999.0,1999.0,135000.0,135000.0,135000.0,1000000.0,1000000.0,1000000.0,0.0,,1,brand_model,median,kaggle=2,0,2,True,True,CRITICAL,1,"1 gercek egitim kaydi (ham: 2). hierarchical_price destegi dusuk (n=1); model yili cesitliligi cok dusuk (1 farkli yil); UI kataloginda secilebilir (kullanici gercekten bu araci secebilir). azaltici: cok eski model (max_year=1999), piyasada nadir - dusuk oncelik.",False,"n<2: aralik/varyans tanimlanamaz, interpolasyon icin yeterli nokta yok; tek model yili: yil ekseninde interpolasyon bolgesi yok; guvenli olmadigi icin onerilen sayi yariya indirildi (asil oneri 2 idi)",1999-1999,"135,000-135,000","1,000,000-1,000,000"
Mercury,Grand Marquis,1,1,1,1990.0,1990.0,123000.0,123000.0,123000.0,2500000.0,2500000.0,2500000.0,0.0,,1,brand_model,median,arabam=1,1,0,True,True,CRITICAL,1,"1 gercek egitim kaydi (ham: 1). hierarchical_price destegi dusuk (n=1); model yili cesitliligi cok dusuk (1 farkli yil); UI kataloginda secilebilir (kullanici gercekten bu araci secebilir). azaltici: cok eski model (max_year=1990), piyasada nadir - dusuk oncelik.",False,"n<2: aralik/varyans tanimlanamaz, interpolasyon icin yeterli nokta yok; tek model yili: yil ekseninde interpolasyon bolgesi yok; guvenli olmadigi icin onerilen sayi yariya indirildi (asil oneri 2 idi)",1990-1990,"123,000-123,000","2,500,000-2,500,000"
Mitsubishi,Eclipse,1,1,1,1991.0,1991.0,199500.0,199500.0,199500.0,490000.0,490000.0,490000.0,0.0,,1,brand_model,median,arabam=1,1,0,True,True,CRITICAL,1,"1 gercek egitim kaydi (ham: 1). hierarchical_price destegi dusuk (n=1); model yili cesitliligi cok dusuk (1 farkli yil); UI kataloginda secilebilir (kullanici gercekten bu araci secebilir). azaltici: cok eski model (max_year=1991), piyasada nadir - dusuk oncelik.",False,"n<2: aralik/varyans tanimlanamaz, interpolasyon icin yeterli nokta yok; tek model yili: yil ekseninde interpolasyon bolgesi yok; guvenli olmadigi icin onerilen sayi yariya indirildi (asil oneri 2 idi)",1991-1991,"199,500-199,500","490,000-490,000"
Mondial,E-Mon Buddy,1,1,1,2024.0,2024.0,6000.0,6000.0,6000.0,33000.0,33000.0,33000.0,0.0,,1,brand_model,median,arabam=1,1,0,True,True,CRITICAL,1,"1 gercek egitim kaydi (ham: 1). hierarchical_price destegi dusuk (n=1); model yili cesitliligi cok dusuk (1 farkli yil); UI kataloginda secilebilir (kullanici gercekten bu araci secebilir). azaltici: dusuk fiyat etkisi (medyan 33,000 <= p25 esigi 320,000).",False,"n<2: aralik/varyans tanimlanamaz, interpolasyon icin yeterli nokta yok; tek model yili: yil ekseninde interpolasyon bolgesi yok; guvenli olmadigi icin onerilen sayi yariya indirildi (asil oneri 2 idi)",2024-2024,"6,000-6,000","33,000-33,000"
Mondial,E-Mon Rigby,1,1,1,2023.0,2023.0,6000.0,6000.0,6000.0,31500.0,31500.0,31500.0,0.0,,1,brand_model,median,arabam=1,1,0,True,True,CRITICAL,1,"1 gercek egitim kaydi (ham: 1). hierarchical_price destegi dusuk (n=1); model yili cesitliligi cok dusuk (1 farkli yil); UI kataloginda secilebilir (kullanici gercekten bu araci secebilir). azaltici: dusuk fiyat etkisi (medyan 31,500 <= p25 esigi 320,000).",False,"n<2: aralik/varyans tanimlanamaz, interpolasyon icin yeterli nokta yok; tek model yili: yil ekseninde interpolasyon bolgesi yok; guvenli olmadigi icin onerilen sayi yariya indirildi (asil oneri 2 idi)",2023-2023,"6,000-6,000","31,500-31,500"
Mondial,Lontana,1,1,1,2026.0,2026.0,0.0,0.0,0.0,43500.0,43500.0,43500.0,0.0,,1,brand_model,median,arabam=1,1,0,True,True,CRITICAL,1,"1 gercek egitim kaydi (ham: 1). hierarchical_price destegi dusuk (n=1); model yili cesitliligi cok dusuk (1 farkli yil); UI kataloginda secilebilir (kullanici gercekten bu araci secebilir). azaltici: dusuk fiyat etkisi (medyan 43,500 <= p25 esigi 320,000).",False,"n<2: aralik/varyans tanimlanamaz, interpolasyon icin yeterli nokta yok; tek model yili: yil ekseninde interpolasyon bolgesi yok; guvenli olmadigi icin onerilen sayi yariya indirildi (asil oneri 2 idi)",2026-2026,0-0,"43,500-43,500"
Motolux,Cargo 7300 S,1,1,1,2025.0,2025.0,0.0,0.0,0.0,144000.0,144000.0,144000.0,0.0,,1,brand_model,median,arabam=1,1,0,True,True,CRITICAL,1,"1 gercek egitim kaydi (ham: 1). hierarchical_price destegi dusuk (n=1); model yili cesitliligi cok dusuk (1 farkli yil); UI kataloginda secilebilir (kullanici gercekten bu araci secebilir). azaltici: dusuk fiyat etkisi (medyan 144,000 <= p25 esigi 320,000).",False,"n<2: aralik/varyans tanimlanamaz, interpolasyon icin yeterli nokta yok; tek model yili: yil ekseninde interpolasyon bolgesi yok; guvenli olmadigi icin onerilen sayi yariya indirildi (asil oneri 2 idi)",2025-2025,0-0,"144,000-144,000"
Motolux,Cargo 8800,1,1,1,2026.0,2026.0,0.0,0.0,0.0,139990.0,139990.0,139990.0,0.0,,1,brand_model,median,arabam=1,1,0,True,True,CRITICAL,1,"1 gercek egitim kaydi (ham: 1). hierarchical_price destegi dusuk (n=1); model yili cesitliligi cok dusuk (1 farkli yil); UI kataloginda secilebilir (kullanici gercekten bu araci secebilir). azaltici: dusuk fiyat etkisi (medyan 139,990 <= p25 esigi 320,000).",False,"n<2: aralik/varyans tanimlanamaz, interpolasyon icin yeterli nokta yok; tek model yili: yil ekseninde interpolasyon bolgesi yok; guvenli olmadigi icin onerilen sayi yariya indirildi (asil oneri 2 idi)",2026-2026,0-0,"139,990-139,990"
Motolux,F7,1,1,1,2026.0,2026.0,0.0,0.0,0.0,46999.0,46999.0,46999.0,0.0,,1,brand_model,median,arabam=1,1,0,True,True,CRITICAL,1,"1 gercek egitim kaydi (ham: 1). hierarchical_price destegi dusuk (n=1); model yili cesitliligi cok dusuk (1 farkli yil); UI kataloginda secilebilir (kullanici gercekten bu araci secebilir). azaltici: dusuk fiyat etkisi (medyan 46,999 <= p25 esigi 320,000).",False,"n<2: aralik/varyans tanimlanamaz, interpolasyon icin yeterli nokta yok; tek model yili: yil ekseninde interpolasyon bolgesi yok; guvenli olmadigi icin onerilen sayi yariya indirildi (asil oneri 2 idi)",2026-2026,0-0,"46,999-46,999"
Motolux,Fayton 8100,1,1,1,2026.0,2026.0,11251.0,11251.0,11251.0,95000.0,95000.0,95000.0,0.0,,1,brand_model,median,arabam=1,1,0,True,True,CRITICAL,1,"1 gercek egitim kaydi (ham: 1). hierarchical_price destegi dusuk (n=1); model yili cesitliligi cok dusuk (1 farkli yil); UI kataloginda secilebilir (kullanici gercekten bu araci secebilir). azaltici: dusuk fiyat etkisi (medyan 95,000 <= p25 esigi 320,000).",False,"n<2: aralik/varyans tanimlanamaz, interpolasyon icin yeterli nokta yok; tek model yili: yil ekseninde interpolasyon bolgesi yok; guvenli olmadigi icin onerilen sayi yariya indirildi (asil oneri 2 idi)",2026-2026,"11,251-11,251","95,000-95,000"
Musatti,Marsilya 1600,1,1,1,2025.0,2025.0,0.0,0.0,0.0,89900.0,89900.0,89900.0,0.0,,1,brand_model,median,arabam=1,1,0,True,True,CRITICAL,1,"1 gercek egitim kaydi (ham: 1). hierarchical_price destegi dusuk (n=1); model yili cesitliligi cok dusuk (1 farkli yil); UI kataloginda secilebilir (kullanici gercekten bu araci secebilir). azaltici: dusuk fiyat etkisi (medyan 89,900 <= p25 esigi 320,000).",False,"n<2: aralik/varyans tanimlanamaz, interpolasyon icin yeterli nokta yok; tek model yili: yil ekseninde interpolasyon bolgesi yok; guvenli olmadigi icin onerilen sayi yariya indirildi (asil oneri 2 idi)",2025-2025,0-0,"89,900-89,900"
Musatti,Marsilya Max 1600,1,1,1,2026.0,2026.0,0.0,0.0,0.0,99800.0,99800.0,99800.0,0.0,,1,brand_model,median,arabam=1,1,0,True,True,CRITICAL,1,"1 gercek egitim kaydi (ham: 1). hierarchical_price destegi dusuk (n=1); model yili cesitliligi cok dusuk (1 farkli yil); UI kataloginda secilebilir (kullanici gercekten bu araci secebilir). azaltici: dusuk fiyat etkisi (medyan 99,800 <= p25 esigi 320,000).",False,"n<2: aralik/varyans tanimlanamaz, interpolasyon icin yeterli nokta yok; tek model yili: yil ekseninde interpolasyon bolgesi yok; guvenli olmadigi icin onerilen sayi yariya indirildi (asil oneri 2 idi)",2026-2026,0-0,"99,800-99,800"
Nissan,Altima,1,1,1,2008.0,2008.0,302000.0,302000.0,302000.0,635000.0,635000.0,635000.0,0.0,,1,brand_model,median,arabam=1,1,0,True,True,CRITICAL,1,"1 gercek egitim kaydi (ham: 1). hierarchical_price destegi dusuk (n=1); model yili cesitliligi cok dusuk (1 farkli yil); UI kataloginda secilebilir (kullanici gercekten bu araci secebilir). azaltici: cok eski model (max_year=2008), piyasada nadir - dusuk oncelik.",False,"n<2: aralik/varyans tanimlanamaz, interpolasyon icin yeterli nokta yok; tek model yili: yil ekseninde interpolasyon bolgesi yok; guvenli olmadigi icin onerilen sayi yariya indirildi (asil oneri 2 idi)",2008-2008,"302,000-302,000","635,000-635,000"
Nissan,GT-R,2,1,1,2011.0,2011.0,260000.0,260000.0,260000.0,695000.0,695000.0,695000.0,0.0,,1,brand_model,median,arabam=2,2,0,True,True,CRITICAL,3,1 gercek egitim kaydi (ham: 2). hierarchical_price destegi dusuk (n=1); model yili cesitliligi cok dusuk (1 farkli yil); UI kataloginda secilebilir (kullanici gercekten bu araci secebilir).,False,"n<2: aralik/varyans tanimlanamaz, interpolasyon icin yeterli nokta yok; tek model yili: yil ekseninde interpolasyon bolgesi yok; guvenli olmadigi icin onerilen sayi yariya indirildi (asil oneri 6 idi)",2011-2011,"260,000-260,000","695,000-695,000"
Nissan,Murano,1,1,1,2011.0,2011.0,340000.0,340000.0,340000.0,1500000.0,1500000.0,1500000.0,0.0,,1,brand_model,median,arabam=1,1,0,True,True,CRITICAL,3,1 gercek egitim kaydi (ham: 1). hierarchical_price destegi dusuk (n=1); model yili cesitliligi cok dusuk (1 farkli yil); UI kataloginda secilebilir (kullanici gercekten bu araci secebilir).,False,"n<2: aralik/varyans tanimlanamaz, interpolasyon icin yeterli nokta yok; tek model yili: yil ekseninde interpolasyon bolgesi yok; guvenli olmadigi icin onerilen sayi yariya indirildi (asil oneri 6 idi)",2011-2011,"340,000-340,000","1,500,000-1,500,000"
Nissan,Townstar,1,1,1,2025.0,2025.0,50.0,50.0,50.0,1125000.0,1125000.0,1125000.0,0.0,,1,brand_model,median,arabam=1,1,0,True,True,CRITICAL,3,1 gercek egitim kaydi (ham: 1). hierarchical_price destegi dusuk (n=1); model yili cesitliligi cok dusuk (1 farkli yil); UI kataloginda secilebilir (kullanici gercekten bu araci secebilir).,False,"n<2: aralik/varyans tanimlanamaz, interpolasyon icin yeterli nokta yok; tek model yili: yil ekseninde interpolasyon bolgesi yok; guvenli olmadigi icin onerilen sayi yariya indirildi (asil oneri 6 idi)",2025-2025,50-50,"1,125,000-1,125,000"
Nissan,Vanette,1,1,1,2001.0,2001.0,255000.0,255000.0,255000.0,250000.0,250000.0,250000.0,0.0,,1,brand_model,median,arabam=1,1,0,True,True,CRITICAL,1,"1 gercek egitim kaydi (ham: 1). hierarchical_price destegi dusuk (n=1); model yili cesitliligi cok dusuk (1 farkli yil); UI kataloginda secilebilir (kullanici gercekten bu araci secebilir). azaltici: cok eski model (max_year=2001), piyasada nadir - dusuk oncelik; dusuk fiyat etkisi (medyan 250,000 <= p25 esigi 320,000).",False,"n<2: aralik/varyans tanimlanamaz, interpolasyon icin yeterli nokta yok; tek model yili: yil ekseninde interpolasyon bolgesi yok; guvenli olmadigi icin onerilen sayi yariya indirildi (asil oneri 2 idi)",2001-2001,"255,000-255,000","250,000-250,000"
Peugeot,605,1,1,1,1995.0,1995.0,245000.0,245000.0,245000.0,190000.0,190000.0,190000.0,0.0,,1,brand_model,median,kaggle=1,0,1,True,True,CRITICAL,1,"1 gercek egitim kaydi (ham: 1). hierarchical_price destegi dusuk (n=1); model yili cesitliligi cok dusuk (1 farkli yil); UI kataloginda secilebilir (kullanici gercekten bu araci secebilir). azaltici: cok eski model (max_year=1995), piyasada nadir - dusuk oncelik; dusuk fiyat etkisi (medyan 190,000 <= p25 esigi 320,000).",False,"n<2: aralik/varyans tanimlanamaz, interpolasyon icin yeterli nokta yok; tek model yili: yil ekseninde interpolasyon bolgesi yok; guvenli olmadigi icin onerilen sayi yariya indirildi (asil oneri 2 idi)",1995-1995,"245,000-245,000","190,000-190,000"
Plymouth,Savoy,1,1,1,1952.0,1952.0,381696.0,381696.0,381696.0,1200000.0,1200000.0,1200000.0,0.0,,1,brand_model,median,arabam=1,1,0,True,True,CRITICAL,1,"1 gercek egitim kaydi (ham: 1). hierarchical_price destegi dusuk (n=1); model yili cesitliligi cok dusuk (1 farkli yil); UI kataloginda secilebilir (kullanici gercekten bu araci secebilir). azaltici: cok eski model (max_year=1952), piyasada nadir - dusuk oncelik.",False,"n<2: aralik/varyans tanimlanamaz, interpolasyon icin yeterli nokta yok; tek model yili: yil ekseninde interpolasyon bolgesi yok; guvenli olmadigi icin onerilen sayi yariya indirildi (asil oneri 2 idi)",1952-1952,"381,696-381,696","1,200,000-1,200,000"
Proton,Persona,1,1,1,1988.0,1988.0,343000.0,343000.0,343000.0,116750.0,116750.0,116750.0,0.0,,1,brand_model,median,kaggle=1,0,1,True,True,CRITICAL,1,"1 gercek egitim kaydi (ham: 1). hierarchical_price destegi dusuk (n=1); model yili cesitliligi cok dusuk (1 farkli yil); UI kataloginda secilebilir (kullanici gercekten bu araci secebilir). azaltici: cok eski model (max_year=1988), piyasada nadir - dusuk oncelik; dusuk fiyat etkisi (medyan 116,750 <= p25 esigi 320,000).",False,"n<2: aralik/varyans tanimlanamaz, interpolasyon icin yeterli nokta yok; tek model yili: yil ekseninde interpolasyon bolgesi yok; guvenli olmadigi icin onerilen sayi yariya indirildi (asil oneri 2 idi)",1988-1988,"343,000-343,000","116,750-116,750"
Proton,Saga,1,1,1,2010.0,2010.0,217000.0,217000.0,217000.0,260000.0,260000.0,260000.0,0.0,,1,brand_model,median,kaggle=1,0,1,True,True,CRITICAL,1,"1 gercek egitim kaydi (ham: 1). hierarchical_price destegi dusuk (n=1); model yili cesitliligi cok dusuk (1 farkli yil); UI kataloginda secilebilir (kullanici gercekten bu araci secebilir). azaltici: cok eski model (max_year=2010), piyasada nadir - dusuk oncelik; dusuk fiyat etkisi (medyan 260,000 <= p25 esigi 320,000).",False,"n<2: aralik/varyans tanimlanamaz, interpolasyon icin yeterli nokta yok; tek model yili: yil ekseninde interpolasyon bolgesi yok; guvenli olmadigi icin onerilen sayi yariya indirildi (asil oneri 2 idi)",2010-2010,"217,000-217,000","260,000-260,000"
RKS,A1,1,1,1,2022.0,2022.0,6001.0,6001.0,6001.0,219000.0,219000.0,219000.0,0.0,,1,brand_model,median,arabam=1,1,0,True,True,CRITICAL,1,"1 gercek egitim kaydi (ham: 1). hierarchical_price destegi dusuk (n=1); model yili cesitliligi cok dusuk (1 farkli yil); UI kataloginda secilebilir (kullanici gercekten bu araci secebilir). azaltici: dusuk fiyat etkisi (medyan 219,000 <= p25 esigi 320,000).",False,"n<2: aralik/varyans tanimlanamaz, interpolasyon icin yeterli nokta yok; tek model yili: yil ekseninde interpolasyon bolgesi yok; guvenli olmadigi icin onerilen sayi yariya indirildi (asil oneri 2 idi)",2022-2022,"6,001-6,001","219,000-219,000"
RKS,MT3,2,1,1,2022.0,2022.0,6001.0,6001.0,6001.0,200000.0,200000.0,200000.0,0.0,,1,brand_model,median,kaggle=2,0,2,True,True,CRITICAL,1,"1 gercek egitim kaydi (ham: 2). hierarchical_price destegi dusuk (n=1); model yili cesitliligi cok dusuk (1 farkli yil); UI kataloginda secilebilir (kullanici gercekten bu araci secebilir). azaltici: dusuk fiyat etkisi (medyan 200,000 <= p25 esigi 320,000).",False,"n<2: aralik/varyans tanimlanamaz, interpolasyon icin yeterli nokta yok; tek model yili: yil ekseninde interpolasyon bolgesi yok; guvenli olmadigi icin onerilen sayi yariya indirildi (asil oneri 2 idi)",2022-2022,"6,001-6,001","200,000-200,000"
Regal Raptor,K3 KLS,1,1,1,2025.0,2025.0,6001.0,6001.0,6001.0,120000.0,120000.0,120000.0,0.0,,1,brand_model,median,arabam=1,1,0,True,True,CRITICAL,1,"1 gercek egitim kaydi (ham: 1). hierarchical_price destegi dusuk (n=1); model yili cesitliligi cok dusuk (1 farkli yil); UI kataloginda secilebilir (kullanici gercekten bu araci secebilir). azaltici: dusuk fiyat etkisi (medyan 120,000 <= p25 esigi 320,000).",False,"n<2: aralik/varyans tanimlanamaz, interpolasyon icin yeterli nokta yok; tek model yili: yil ekseninde interpolasyon bolgesi yok; guvenli olmadigi icin onerilen sayi yariya indirildi (asil oneri 2 idi)",2025-2025,"6,001-6,001","120,000-120,000"
Regal Raptor,K5,1,1,1,2026.0,2026.0,0.0,0.0,0.0,99000.0,99000.0,99000.0,0.0,,1,brand_model,median,arabam=1,1,0,True,True,CRITICAL,1,"1 gercek egitim kaydi (ham: 1). hierarchical_price destegi dusuk (n=1); model yili cesitliligi cok dusuk (1 farkli yil); UI kataloginda secilebilir (kullanici gercekten bu araci secebilir). azaltici: dusuk fiyat etkisi (medyan 99,000 <= p25 esigi 320,000).",False,"n<2: aralik/varyans tanimlanamaz, interpolasyon icin yeterli nokta yok; tek model yili: yil ekseninde interpolasyon bolgesi yok; guvenli olmadigi icin onerilen sayi yariya indirildi (asil oneri 2 idi)",2026-2026,0-0,"99,000-99,000"
Relive,N1,2,1,1,2023.0,2023.0,29000.0,29000.0,29000.0,715000.0,715000.0,715000.0,0.0,,1,brand_model,median,arabam=2,2,0,True,True,CRITICAL,3,1 gercek egitim kaydi (ham: 2). hierarchical_price destegi dusuk (n=1); model yili cesitliligi cok dusuk (1 farkli yil); UI kataloginda secilebilir (kullanici gercekten bu araci secebilir).,False,"n<2: aralik/varyans tanimlanamaz, interpolasyon icin yeterli nokta yok; tek model yili: yil ekseninde interpolasyon bolgesi yok; guvenli olmadigi icin onerilen sayi yariya indirildi (asil oneri 6 idi)",2023-2023,"29,000-29,000","715,000-715,000"
Rolls-Royce,Phantom,2,1,1,2023.0,2023.0,0.0,0.0,0.0,79500000.0,79500000.0,79500000.0,0.0,,1,brand_model,median,kaggle=2,0,2,True,True,CRITICAL,3,"1 gercek egitim kaydi (ham: 2). premium fiyat segmenti (medyan 79,500,000 >= p90 esigi 3,375,000); hierarchical_price destegi dusuk (n=1); model yili cesitliligi cok dusuk (1 farkli yil); UI kataloginda secilebilir (kullanici gercekten bu araci secebilir).",False,"n<2: aralik/varyans tanimlanamaz, interpolasyon icin yeterli nokta yok; tek model yili: yil ekseninde interpolasyon bolgesi yok; guvenli olmadigi icin onerilen sayi yariya indirildi (asil oneri 6 idi)",2023-2023,0-0,"79,500,000-79,500,000"
Rolls-Royce,Silver,1,1,1,1997.0,1997.0,900000.0,900000.0,900000.0,999999.0,999999.0,999999.0,0.0,,1,brand_model,median,kaggle=1,0,1,True,True,CRITICAL,1,"1 gercek egitim kaydi (ham: 1). hierarchical_price destegi dusuk (n=1); model yili cesitliligi cok dusuk (1 farkli yil); UI kataloginda secilebilir (kullanici gercekten bu araci secebilir). azaltici: cok eski model (max_year=1997), piyasada nadir - dusuk oncelik.",False,"n<2: aralik/varyans tanimlanamaz, interpolasyon icin yeterli nokta yok; tek model yili: yil ekseninde interpolasyon bolgesi yok; guvenli olmadigi icin onerilen sayi yariya indirildi (asil oneri 2 idi)",1997-1997,"900,000-900,000","999,999-999,999"
Rover,218,1,1,1,1997.0,1997.0,250000.0,250000.0,250000.0,155000.0,155000.0,155000.0,0.0,,1,brand_model,median,kaggle=1,0,1,True,True,CRITICAL,1,"1 gercek egitim kaydi (ham: 1). hierarchical_price destegi dusuk (n=1); model yili cesitliligi cok dusuk (1 farkli yil); UI kataloginda secilebilir (kullanici gercekten bu araci secebilir). azaltici: cok eski model (max_year=1997), piyasada nadir - dusuk oncelik; dusuk fiyat etkisi (medyan 155,000 <= p25 esigi 320,000).",False,"n<2: aralik/varyans tanimlanamaz, interpolasyon icin yeterli nokta yok; tek model yili: yil ekseninde interpolasyon bolgesi yok; guvenli olmadigi icin onerilen sayi yariya indirildi (asil oneri 2 idi)",1997-1997,"250,000-250,000","155,000-155,000"
Rover,220,1,1,1,1995.0,1995.0,233000.0,233000.0,233000.0,190000.0,190000.0,190000.0,0.0,,1,brand_model,median,kaggle=1,0,1,True,True,CRITICAL,1,"1 gercek egitim kaydi (ham: 1). hierarchical_price destegi dusuk (n=1); model yili cesitliligi cok dusuk (1 farkli yil); UI kataloginda secilebilir (kullanici gercekten bu araci secebilir). azaltici: cok eski model (max_year=1995), piyasada nadir - dusuk oncelik; dusuk fiyat etkisi (medyan 190,000 <= p25 esigi 320,000).",False,"n<2: aralik/varyans tanimlanamaz, interpolasyon icin yeterli nokta yok; tek model yili: yil ekseninde interpolasyon bolgesi yok; guvenli olmadigi icin onerilen sayi yariya indirildi (asil oneri 2 idi)",1995-1995,"233,000-233,000","190,000-190,000"
SFM,Express Max,1,1,1,2025.0,2025.0,0.0,0.0,0.0,119990.0,119990.0,119990.0,0.0,,1,brand_model,median,arabam=1,1,0,True,True,CRITICAL,1,"1 gercek egitim kaydi (ham: 1). hierarchical_price destegi dusuk (n=1); model yili cesitliligi cok dusuk (1 farkli yil); UI kataloginda secilebilir (kullanici gercekten bu araci secebilir). azaltici: dusuk fiyat etkisi (medyan 119,990 <= p25 esigi 320,000).",False,"n<2: aralik/varyans tanimlanamaz, interpolasyon icin yeterli nokta yok; tek model yili: yil ekseninde interpolasyon bolgesi yok; guvenli olmadigi icin onerilen sayi yariya indirildi (asil oneri 2 idi)",2025-2025,0-0,"119,990-119,990"
Seat,Malaga,1,1,1,1999.0,1999.0,360000.0,360000.0,360000.0,190000.0,190000.0,190000.0,0.0,,1,brand_model,median,kaggle=1,0,1,True,True,CRITICAL,1,"1 gercek egitim kaydi (ham: 1). hierarchical_price destegi dusuk (n=1); model yili cesitliligi cok dusuk (1 farkli yil); UI kataloginda secilebilir (kullanici gercekten bu araci secebilir). azaltici: cok eski model (max_year=1999), piyasada nadir - dusuk oncelik; dusuk fiyat etkisi (medyan 190,000 <= p25 esigi 320,000).",False,"n<2: aralik/varyans tanimlanamaz, interpolasyon icin yeterli nokta yok; tek model yili: yil ekseninde interpolasyon bolgesi yok; guvenli olmadigi icin onerilen sayi yariya indirildi (asil oneri 2 idi)",1999-1999,"360,000-360,000","190,000-190,000"
Seat,Marbella,1,1,1,1991.0,1991.0,78965.0,78965.0,78965.0,165000.0,165000.0,165000.0,0.0,,1,brand_model,median,kaggle=1,0,1,True,True,CRITICAL,1,"1 gercek egitim kaydi (ham: 1). hierarchical_price destegi dusuk (n=1); model yili cesitliligi cok dusuk (1 farkli yil); UI kataloginda secilebilir (kullanici gercekten bu araci secebilir). azaltici: cok eski model (max_year=1991), piyasada nadir - dusuk oncelik; dusuk fiyat etkisi (medyan 165,000 <= p25 esigi 320,000).",False,"n<2: aralik/varyans tanimlanamaz, interpolasyon icin yeterli nokta yok; tek model yili: yil ekseninde interpolasyon bolgesi yok; guvenli olmadigi icin onerilen sayi yariya indirildi (asil oneri 2 idi)",1991-1991,"78,965-78,965","165,000-165,000"
Silence,S01,2,1,1,2023.0,2023.0,35000.0,35000.0,35000.0,90000.0,90000.0,90000.0,0.0,,1,brand_model,median,arabam=2,2,0,True,True,CRITICAL,1,"1 gercek egitim kaydi (ham: 2). hierarchical_price destegi dusuk (n=1); model yili cesitliligi cok dusuk (1 farkli yil); UI kataloginda secilebilir (kullanici gercekten bu araci secebilir). azaltici: dusuk fiyat etkisi (medyan 90,000 <= p25 esigi 320,000).",False,"n<2: aralik/varyans tanimlanamaz, interpolasyon icin yeterli nokta yok; tek model yili: yil ekseninde interpolasyon bolgesi yok; guvenli olmadigi icin onerilen sayi yariya indirildi (asil oneri 2 idi)",2023-2023,"35,000-35,000","90,000-90,000"
Skyjet,EBike 1 S,1,1,1,2026.0,2026.0,7000.0,7000.0,7000.0,25000.0,25000.0,25000.0,0.0,,1,brand_model,median,arabam=1,1,0,True,True,CRITICAL,1,"1 gercek egitim kaydi (ham: 1). hierarchical_price destegi dusuk (n=1); model yili cesitliligi cok dusuk (1 farkli yil); UI kataloginda secilebilir (kullanici gercekten bu araci secebilir). azaltici: dusuk fiyat etkisi (medyan 25,000 <= p25 esigi 320,000).",False,"n<2: aralik/varyans tanimlanamaz, interpolasyon icin yeterli nokta yok; tek model yili: yil ekseninde interpolasyon bolgesi yok; guvenli olmadigi icin onerilen sayi yariya indirildi (asil oneri 2 idi)",2026-2026,"7,000-7,000","25,000-25,000"
Skyjet,EBike Light,1,1,1,2025.0,2025.0,0.0,0.0,0.0,90059.0,90059.0,90059.0,0.0,,1,brand_model,median,arabam=1,1,0,True,True,CRITICAL,1,"1 gercek egitim kaydi (ham: 1). hierarchical_price destegi dusuk (n=1); model yili cesitliligi cok dusuk (1 farkli yil); UI kataloginda secilebilir (kullanici gercekten bu araci secebilir). azaltici: dusuk fiyat etkisi (medyan 90,059 <= p25 esigi 320,000).",False,"n<2: aralik/varyans tanimlanamaz, interpolasyon icin yeterli nokta yok; tek model yili: yil ekseninde interpolasyon bolgesi yok; guvenli olmadigi icin onerilen sayi yariya indirildi (asil oneri 2 idi)",2025-2025,0-0,"90,059-90,059"
Skyjet,EBike Robusto,1,1,1,2025.0,2025.0,0.0,0.0,0.0,105000.0,105000.0,105000.0,0.0,,1,brand_model,median,arabam=1,1,0,True,True,CRITICAL,1,"1 gercek egitim kaydi (ham: 1). hierarchical_price destegi dusuk (n=1); model yili cesitliligi cok dusuk (1 farkli yil); UI kataloginda secilebilir (kullanici gercekten bu araci secebilir). azaltici: dusuk fiyat etkisi (medyan 105,000 <= p25 esigi 320,000).",False,"n<2: aralik/varyans tanimlanamaz, interpolasyon icin yeterli nokta yok; tek model yili: yil ekseninde interpolasyon bolgesi yok; guvenli olmadigi icin onerilen sayi yariya indirildi (asil oneri 2 idi)",2025-2025,0-0,"105,000-105,000"
Skyjet,Eco Line,1,1,1,2025.0,2025.0,0.0,0.0,0.0,32500.0,32500.0,32500.0,0.0,,1,brand_model,median,arabam=1,1,0,True,True,CRITICAL,1,"1 gercek egitim kaydi (ham: 1). hierarchical_price destegi dusuk (n=1); model yili cesitliligi cok dusuk (1 farkli yil); UI kataloginda secilebilir (kullanici gercekten bu araci secebilir). azaltici: dusuk fiyat etkisi (medyan 32,500 <= p25 esigi 320,000).",False,"n<2: aralik/varyans tanimlanamaz, interpolasyon icin yeterli nokta yok; tek model yili: yil ekseninde interpolasyon bolgesi yok; guvenli olmadigi icin onerilen sayi yariya indirildi (asil oneri 2 idi)",2025-2025,0-0,"32,500-32,500"
Skyjet,Optimus Ultra,1,1,1,2025.0,2025.0,6001.0,6001.0,6001.0,79750.0,79750.0,79750.0,0.0,,1,brand_model,median,arabam=1,1,0,True,True,CRITICAL,1,"1 gercek egitim kaydi (ham: 1). hierarchical_price destegi dusuk (n=1); model yili cesitliligi cok dusuk (1 farkli yil); UI kataloginda secilebilir (kullanici gercekten bu araci secebilir). azaltici: dusuk fiyat etkisi (medyan 79,750 <= p25 esigi 320,000).",False,"n<2: aralik/varyans tanimlanamaz, interpolasyon icin yeterli nokta yok; tek model yili: yil ekseninde interpolasyon bolgesi yok; guvenli olmadigi icin onerilen sayi yariya indirildi (asil oneri 2 idi)",2025-2025,"6,001-6,001","79,750-79,750"
Skyjet,RT3000,1,1,1,2026.0,2026.0,0.0,0.0,0.0,78116.0,78116.0,78116.0,0.0,,1,brand_model,median,arabam=1,1,0,True,True,CRITICAL,1,"1 gercek egitim kaydi (ham: 1). hierarchical_price destegi dusuk (n=1); model yili cesitliligi cok dusuk (1 farkli yil); UI kataloginda secilebilir (kullanici gercekten bu araci secebilir). azaltici: dusuk fiyat etkisi (medyan 78,116 <= p25 esigi 320,000).",False,"n<2: aralik/varyans tanimlanamaz, interpolasyon icin yeterli nokta yok; tek model yili: yil ekseninde interpolasyon bolgesi yok; guvenli olmadigi icin onerilen sayi yariya indirildi (asil oneri 2 idi)",2026-2026,0-0,"78,116-78,116"
Skyjet,Sky Car,1,1,1,2026.0,2026.0,0.0,0.0,0.0,93800.0,93800.0,93800.0,0.0,,1,brand_model,median,arabam=1,1,0,True,True,CRITICAL,1,"1 gercek egitim kaydi (ham: 1). hierarchical_price destegi dusuk (n=1); model yili cesitliligi cok dusuk (1 farkli yil); UI kataloginda secilebilir (kullanici gercekten bu araci secebilir). azaltici: dusuk fiyat etkisi (medyan 93,800 <= p25 esigi 320,000).",False,"n<2: aralik/varyans tanimlanamaz, interpolasyon icin yeterli nokta yok; tek model yili: yil ekseninde interpolasyon bolgesi yok; guvenli olmadigi icin onerilen sayi yariya indirildi (asil oneri 2 idi)",2026-2026,0-0,"93,800-93,800"
Stmax,GF 500,1,1,1,2017.0,2017.0,12000.0,12000.0,12000.0,38000.0,38000.0,38000.0,0.0,,1,brand_model,median,arabam=1,1,0,True,True,CRITICAL,1,"1 gercek egitim kaydi (ham: 1). hierarchical_price destegi dusuk (n=1); model yili cesitliligi cok dusuk (1 farkli yil); UI kataloginda secilebilir (kullanici gercekten bu araci secebilir). azaltici: dusuk fiyat etkisi (medyan 38,000 <= p25 esigi 320,000).",False,"n<2: aralik/varyans tanimlanamaz, interpolasyon icin yeterli nokta yok; tek model yili: yil ekseninde interpolasyon bolgesi yok; guvenli olmadigi icin onerilen sayi yariya indirildi (asil oneri 2 idi)",2017-2017,"12,000-12,000","38,000-38,000"
Stmax,GF 950,1,1,1,2023.0,2023.0,11000.0,11000.0,11000.0,40000.0,40000.0,40000.0,0.0,,1,brand_model,median,arabam=1,1,0,True,True,CRITICAL,1,"1 gercek egitim kaydi (ham: 1). hierarchical_price destegi dusuk (n=1); model yili cesitliligi cok dusuk (1 farkli yil); UI kataloginda secilebilir (kullanici gercekten bu araci secebilir). azaltici: dusuk fiyat etkisi (medyan 40,000 <= p25 esigi 320,000).",False,"n<2: aralik/varyans tanimlanamaz, interpolasyon icin yeterli nokta yok; tek model yili: yil ekseninde interpolasyon bolgesi yok; guvenli olmadigi icin onerilen sayi yariya indirildi (asil oneri 2 idi)",2023-2023,"11,000-11,000","40,000-40,000"
Stmax,Kobra 1500,1,1,1,2023.0,2023.0,6000.0,6000.0,6000.0,25000.0,25000.0,25000.0,0.0,,1,brand_model,median,arabam=1,1,0,True,True,CRITICAL,1,"1 gercek egitim kaydi (ham: 1). hierarchical_price destegi dusuk (n=1); model yili cesitliligi cok dusuk (1 farkli yil); UI kataloginda secilebilir (kullanici gercekten bu araci secebilir). azaltici: dusuk fiyat etkisi (medyan 25,000 <= p25 esigi 320,000).",False,"n<2: aralik/varyans tanimlanamaz, interpolasyon icin yeterli nokta yok; tek model yili: yil ekseninde interpolasyon bolgesi yok; guvenli olmadigi icin onerilen sayi yariya indirildi (asil oneri 2 idi)",2023-2023,"6,000-6,000","25,000-25,000"
The London Taxi,TX4,2,1,1,2022.0,2022.0,0.0,0.0,0.0,5550000.0,5550000.0,5550000.0,0.0,,1,brand_model,median,kaggle=2,0,2,True,True,CRITICAL,3,"1 gercek egitim kaydi (ham: 2). premium fiyat segmenti (medyan 5,550,000 >= p90 esigi 3,375,000); hierarchical_price destegi dusuk (n=1); model yili cesitliligi cok dusuk (1 farkli yil); UI kataloginda secilebilir (kullanici gercekten bu araci secebilir).",False,"n<2: aralik/varyans tanimlanamaz, interpolasyon icin yeterli nokta yok; tek model yili: yil ekseninde interpolasyon bolgesi yok; guvenli olmadigi icin onerilen sayi yariya indirildi (asil oneri 6 idi)",2022-2022,0-0,"5,550,000-5,550,000"
Toyota,4 Runner,1,1,1,1993.0,1993.0,522000.0,522000.0,522000.0,800000.0,800000.0,800000.0,0.0,,1,brand_model,median,arabam=1,1,0,True,True,CRITICAL,1,"1 gercek egitim kaydi (ham: 1). hierarchical_price destegi dusuk (n=1); model yili cesitliligi cok dusuk (1 farkli yil); UI kataloginda secilebilir (kullanici gercekten bu araci secebilir). azaltici: cok eski model (max_year=1993), piyasada nadir - dusuk oncelik.",False,"n<2: aralik/varyans tanimlanamaz, interpolasyon icin yeterli nokta yok; tek model yili: yil ekseninde interpolasyon bolgesi yok; guvenli olmadigi icin onerilen sayi yariya indirildi (asil oneri 2 idi)",1993-1993,"522,000-522,000","800,000-800,000"
Toyota,GT86,1,1,1,2012.0,2012.0,66000.0,66000.0,66000.0,1745000.0,1745000.0,1745000.0,0.0,,1,brand_model,median,arabam=1,1,0,True,True,CRITICAL,3,1 gercek egitim kaydi (ham: 1). hierarchical_price destegi dusuk (n=1); model yili cesitliligi cok dusuk (1 farkli yil); UI kataloginda secilebilir (kullanici gercekten bu araci secebilir).,False,"n<2: aralik/varyans tanimlanamaz, interpolasyon icin yeterli nokta yok; tek model yili: yil ekseninde interpolasyon bolgesi yok; guvenli olmadigi icin onerilen sayi yariya indirildi (asil oneri 6 idi)",2012-2012,"66,000-66,000","1,745,000-1,745,000"
Toyota,Prius,1,1,1,2025.0,2025.0,6536.0,6536.0,6536.0,2480000.0,2480000.0,2480000.0,0.0,,1,brand_model,median,arabam=1,1,0,True,True,CRITICAL,3,1 gercek egitim kaydi (ham: 1). hierarchical_price destegi dusuk (n=1); model yili cesitliligi cok dusuk (1 farkli yil); UI kataloginda secilebilir (kullanici gercekten bu araci secebilir).,False,"n<2: aralik/varyans tanimlanamaz, interpolasyon icin yeterli nokta yok; tek model yili: yil ekseninde interpolasyon bolgesi yok; guvenli olmadigi icin onerilen sayi yariya indirildi (asil oneri 6 idi)",2025-2025,"6,536-6,536","2,480,000-2,480,000"
Vanderhall,Carmel,1,1,1,2021.0,2021.0,6001.0,6001.0,6001.0,3590000.0,3590000.0,3590000.0,0.0,,1,brand_model,median,arabam=1,1,0,True,True,CRITICAL,3,"1 gercek egitim kaydi (ham: 1). premium fiyat segmenti (medyan 3,590,000 >= p90 esigi 3,375,000); hierarchical_price destegi dusuk (n=1); model yili cesitliligi cok dusuk (1 farkli yil); UI kataloginda secilebilir (kullanici gercekten bu araci secebilir).",False,"n<2: aralik/varyans tanimlanamaz, interpolasyon icin yeterli nokta yok; tek model yili: yil ekseninde interpolasyon bolgesi yok; guvenli olmadigi icin onerilen sayi yariya indirildi (asil oneri 6 idi)",2021-2021,"6,001-6,001","3,590,000-3,590,000"
Volta,GreenE,1,1,1,2025.0,2025.0,0.0,0.0,0.0,48000.0,48000.0,48000.0,0.0,,1,brand_model,median,arabam=1,1,0,True,True,CRITICAL,1,"1 gercek egitim kaydi (ham: 1). hierarchical_price destegi dusuk (n=1); model yili cesitliligi cok dusuk (1 farkli yil); UI kataloginda secilebilir (kullanici gercekten bu araci secebilir). azaltici: dusuk fiyat etkisi (medyan 48,000 <= p25 esigi 320,000).",False,"n<2: aralik/varyans tanimlanamaz, interpolasyon icin yeterli nokta yok; tek model yili: yil ekseninde interpolasyon bolgesi yok; guvenli olmadigi icin onerilen sayi yariya indirildi (asil oneri 2 idi)",2025-2025,0-0,"48,000-48,000"
Volta,ReVolt,1,1,1,2025.0,2025.0,0.0,0.0,0.0,42999.0,42999.0,42999.0,0.0,,1,brand_model,median,arabam=1,1,0,True,True,CRITICAL,1,"1 gercek egitim kaydi (ham: 1). hierarchical_price destegi dusuk (n=1); model yili cesitliligi cok dusuk (1 farkli yil); UI kataloginda secilebilir (kullanici gercekten bu araci secebilir). azaltici: dusuk fiyat etkisi (medyan 42,999 <= p25 esigi 320,000).",False,"n<2: aralik/varyans tanimlanamaz, interpolasyon icin yeterli nokta yok; tek model yili: yil ekseninde interpolasyon bolgesi yok; guvenli olmadigi icin onerilen sayi yariya indirildi (asil oneri 2 idi)",2025-2025,0-0,"42,999-42,999"
Volta,VC3,1,1,1,2025.0,2025.0,0.0,0.0,0.0,42999.0,42999.0,42999.0,0.0,,1,brand_model,median,arabam=1,1,0,True,True,CRITICAL,1,"1 gercek egitim kaydi (ham: 1). hierarchical_price destegi dusuk (n=1); model yili cesitliligi cok dusuk (1 farkli yil); UI kataloginda secilebilir (kullanici gercekten bu araci secebilir). azaltici: dusuk fiyat etkisi (medyan 42,999 <= p25 esigi 320,000).",False,"n<2: aralik/varyans tanimlanamaz, interpolasyon icin yeterli nokta yok; tek model yili: yil ekseninde interpolasyon bolgesi yok; guvenli olmadigi icin onerilen sayi yariya indirildi (asil oneri 2 idi)",2025-2025,0-0,"42,999-42,999"
Volta,VM1,1,1,1,2025.0,2025.0,0.0,0.0,0.0,94999.0,94999.0,94999.0,0.0,,1,brand_model,median,arabam=1,1,0,True,True,CRITICAL,1,"1 gercek egitim kaydi (ham: 1). hierarchical_price destegi dusuk (n=1); model yili cesitliligi cok dusuk (1 farkli yil); UI kataloginda secilebilir (kullanici gercekten bu araci secebilir). azaltici: dusuk fiyat etkisi (medyan 94,999 <= p25 esigi 320,000).",False,"n<2: aralik/varyans tanimlanamaz, interpolasyon icin yeterli nokta yok; tek model yili: yil ekseninde interpolasyon bolgesi yok; guvenli olmadigi icin onerilen sayi yariya indirildi (asil oneri 2 idi)",2025-2025,0-0,"94,999-94,999"
Volta,VM4,1,1,1,2025.0,2025.0,0.0,0.0,0.0,54990.0,54990.0,54990.0,0.0,,1,brand_model,median,arabam=1,1,0,True,True,CRITICAL,1,"1 gercek egitim kaydi (ham: 1). hierarchical_price destegi dusuk (n=1); model yili cesitliligi cok dusuk (1 farkli yil); UI kataloginda secilebilir (kullanici gercekten bu araci secebilir). azaltici: dusuk fiyat etkisi (medyan 54,990 <= p25 esigi 320,000).",False,"n<2: aralik/varyans tanimlanamaz, interpolasyon icin yeterli nokta yok; tek model yili: yil ekseninde interpolasyon bolgesi yok; guvenli olmadigi icin onerilen sayi yariya indirildi (asil oneri 2 idi)",2025-2025,0-0,"54,990-54,990"
Volta,VM5,1,1,1,2025.0,2025.0,0.0,0.0,0.0,110000.0,110000.0,110000.0,0.0,,1,brand_model,median,arabam=1,1,0,True,True,CRITICAL,1,"1 gercek egitim kaydi (ham: 1). hierarchical_price destegi dusuk (n=1); model yili cesitliligi cok dusuk (1 farkli yil); UI kataloginda secilebilir (kullanici gercekten bu araci secebilir). azaltici: dusuk fiyat etkisi (medyan 110,000 <= p25 esigi 320,000).",False,"n<2: aralik/varyans tanimlanamaz, interpolasyon icin yeterli nokta yok; tek model yili: yil ekseninde interpolasyon bolgesi yok; guvenli olmadigi icin onerilen sayi yariya indirildi (asil oneri 2 idi)",2025-2025,0-0,"110,000-110,000"
Volta,VSX,1,1,1,2025.0,2025.0,0.0,0.0,0.0,39999.0,39999.0,39999.0,0.0,,1,brand_model,median,arabam=1,1,0,True,True,CRITICAL,1,"1 gercek egitim kaydi (ham: 1). hierarchical_price destegi dusuk (n=1); model yili cesitliligi cok dusuk (1 farkli yil); UI kataloginda secilebilir (kullanici gercekten bu araci secebilir). azaltici: dusuk fiyat etkisi (medyan 39,999 <= p25 esigi 320,000).",False,"n<2: aralik/varyans tanimlanamaz, interpolasyon icin yeterli nokta yok; tek model yili: yil ekseninde interpolasyon bolgesi yok; guvenli olmadigi icin onerilen sayi yariya indirildi (asil oneri 2 idi)",2025-2025,0-0,"39,999-39,999"
Volvo,240,1,1,1,1989.0,1989.0,169000.0,169000.0,169000.0,550000.0,550000.0,550000.0,0.0,,1,brand_model,median,arabam=1,1,0,True,True,CRITICAL,1,"1 gercek egitim kaydi (ham: 1). hierarchical_price destegi dusuk (n=1); model yili cesitliligi cok dusuk (1 farkli yil); UI kataloginda secilebilir (kullanici gercekten bu araci secebilir). azaltici: cok eski model (max_year=1989), piyasada nadir - dusuk oncelik.",False,"n<2: aralik/varyans tanimlanamaz, interpolasyon icin yeterli nokta yok; tek model yili: yil ekseninde interpolasyon bolgesi yok; guvenli olmadigi icin onerilen sayi yariya indirildi (asil oneri 2 idi)",1989-1989,"169,000-169,000","550,000-550,000"
Volvo,460,1,1,1,1995.0,1995.0,295000.0,295000.0,295000.0,185000.0,185000.0,185000.0,0.0,,1,brand_model,median,kaggle=1,0,1,True,True,CRITICAL,1,"1 gercek egitim kaydi (ham: 1). hierarchical_price destegi dusuk (n=1); model yili cesitliligi cok dusuk (1 farkli yil); UI kataloginda secilebilir (kullanici gercekten bu araci secebilir). azaltici: cok eski model (max_year=1995), piyasada nadir - dusuk oncelik; dusuk fiyat etkisi (medyan 185,000 <= p25 esigi 320,000).",False,"n<2: aralik/varyans tanimlanamaz, interpolasyon icin yeterli nokta yok; tek model yili: yil ekseninde interpolasyon bolgesi yok; guvenli olmadigi icin onerilen sayi yariya indirildi (asil oneri 2 idi)",1995-1995,"295,000-295,000","185,000-185,000"
Volvo,740,1,1,1,1990.0,1990.0,335000.0,335000.0,335000.0,270000.0,270000.0,270000.0,0.0,,1,brand_model,median,kaggle=1,0,1,True,True,CRITICAL,1,"1 gercek egitim kaydi (ham: 1). hierarchical_price destegi dusuk (n=1); model yili cesitliligi cok dusuk (1 farkli yil); UI kataloginda secilebilir (kullanici gercekten bu araci secebilir). azaltici: cok eski model (max_year=1990), piyasada nadir - dusuk oncelik; dusuk fiyat etkisi (medyan 270,000 <= p25 esigi 320,000).",False,"n<2: aralik/varyans tanimlanamaz, interpolasyon icin yeterli nokta yok; tek model yili: yil ekseninde interpolasyon bolgesi yok; guvenli olmadigi icin onerilen sayi yariya indirildi (asil oneri 2 idi)",1990-1990,"335,000-335,000","270,000-270,000"
Yiben,YB 1500DZH,1,1,1,2025.0,2025.0,6001.0,6001.0,6001.0,93000.0,93000.0,93000.0,0.0,,1,brand_model,median,arabam=1,1,0,True,True,CRITICAL,1,"1 gercek egitim kaydi (ham: 1). hierarchical_price destegi dusuk (n=1); model yili cesitliligi cok dusuk (1 farkli yil); UI kataloginda secilebilir (kullanici gercekten bu araci secebilir). azaltici: dusuk fiyat etkisi (medyan 93,000 <= p25 esigi 320,000).",False,"n<2: aralik/varyans tanimlanamaz, interpolasyon icin yeterli nokta yok; tek model yili: yil ekseninde interpolasyon bolgesi yok; guvenli olmadigi icin onerilen sayi yariya indirildi (asil oneri 2 idi)",2025-2025,"6,001-6,001","93,000-93,000"
Yuki,Pony Twin,1,1,1,2026.0,2026.0,0.0,0.0,0.0,63290.0,63290.0,63290.0,0.0,,1,brand_model,median,arabam=1,1,0,True,True,CRITICAL,1,"1 gercek egitim kaydi (ham: 1). hierarchical_price destegi dusuk (n=1); model yili cesitliligi cok dusuk (1 farkli yil); UI kataloginda secilebilir (kullanici gercekten bu araci secebilir). azaltici: dusuk fiyat etkisi (medyan 63,290 <= p25 esigi 320,000).",False,"n<2: aralik/varyans tanimlanamaz, interpolasyon icin yeterli nokta yok; tek model yili: yil ekseninde interpolasyon bolgesi yok; guvenli olmadigi icin onerilen sayi yariya indirildi (asil oneri 2 idi)",2026-2026,0-0,"63,290-63,290"
Yuki,YK-03 Halley,1,1,1,2014.0,2014.0,12500.0,12500.0,12500.0,20850.0,20850.0,20850.0,0.0,,1,brand_model,median,arabam=1,1,0,True,True,CRITICAL,1,"1 gercek egitim kaydi (ham: 1). hierarchical_price destegi dusuk (n=1); model yili cesitliligi cok dusuk (1 farkli yil); UI kataloginda secilebilir (kullanici gercekten bu araci secebilir). azaltici: dusuk fiyat etkisi (medyan 20,850 <= p25 esigi 320,000).",False,"n<2: aralik/varyans tanimlanamaz, interpolasyon icin yeterli nokta yok; tek model yili: yil ekseninde interpolasyon bolgesi yok; guvenli olmadigi icin onerilen sayi yariya indirildi (asil oneri 2 idi)",2014-2014,"12,500-12,500","20,850-20,850"
Zelsun,ZLS V6 Venüs,1,1,1,2025.0,2025.0,0.0,0.0,0.0,99000.0,99000.0,99000.0,0.0,,1,brand_model,median,arabam=1,1,0,True,True,CRITICAL,1,"1 gercek egitim kaydi (ham: 1). hierarchical_price destegi dusuk (n=1); model yili cesitliligi cok dusuk (1 farkli yil); UI kataloginda secilebilir (kullanici gercekten bu araci secebilir). azaltici: dusuk fiyat etkisi (medyan 99,000 <= p25 esigi 320,000).",False,"n<2: aralik/varyans tanimlanamaz, interpolasyon icin yeterli nokta yok; tek model yili: yil ekseninde interpolasyon bolgesi yok; guvenli olmadigi icin onerilen sayi yariya indirildi (asil oneri 2 idi)",2025-2025,0-0,"99,000-99,000"
Acura,CL,3,2,2,1997.0,1998.0,200000.0,350000.0,500000.0,175000.0,337500.0,500000.0,0.4815,,2,brand_model,median,"arabam=1, kaggle=2",1,2,True,True,CRITICAL,3,"2 gercek egitim kaydi (ham: 3). hierarchical_price destegi dusuk (n=2); model yili cesitliligi cok dusuk (2 farkli yil); UI kataloginda secilebilir (kullanici gercekten bu araci secebilir). azaltici: cok eski model (max_year=1998), piyasada nadir - dusuk oncelik.",True,,1997-1998,"200,000-500,000","175,000-500,000"
Alfa Romeo,Brera,2,2,2,2006.0,2007.0,101000.0,105312.5,109625.0,1515000.0,1702500.0,1890000.0,0.1101,,2,brand_model,median,kaggle=2,0,2,True,True,CRITICAL,3,"2 gercek egitim kaydi (ham: 2). hierarchical_price destegi dusuk (n=2); model yili cesitliligi cok dusuk (2 farkli yil); UI kataloginda secilebilir (kullanici gercekten bu araci secebilir). azaltici: cok eski model (max_year=2007), piyasada nadir - dusuk oncelik.",True,,2006-2007,"101,000-109,625","1,515,000-1,890,000"
Alfa Romeo,GTV,2,2,2,1996.0,2002.0,103000.0,202250.0,301500.0,970000.0,1232500.0,1495000.0,0.213,,2,brand_model,median,arabam=2,2,0,True,True,CRITICAL,3,"2 gercek egitim kaydi (ham: 2). hierarchical_price destegi dusuk (n=2); model yili cesitliligi cok dusuk (2 farkli yil); UI kataloginda secilebilir (kullanici gercekten bu araci secebilir). azaltici: cok eski model (max_year=2002), piyasada nadir - dusuk oncelik.",True,,1996-2002,"103,000-301,500","970,000-1,495,000"
Alfa Romeo,Spider,2,2,2,1996.0,1997.0,86000.0,141000.0,196000.0,1200000.0,1300000.0,1400000.0,0.0769,,2,brand_model,median,"arabam=1, kaggle=1",1,1,True,True,CRITICAL,3,"2 gercek egitim kaydi (ham: 2). hierarchical_price destegi dusuk (n=2); model yili cesitliligi cok dusuk (2 farkli yil); UI kataloginda secilebilir (kullanici gercekten bu araci secebilir). azaltici: cok eski model (max_year=1997), piyasada nadir - dusuk oncelik.",True,,1996-1997,"86,000-196,000","1,200,000-1,400,000"
Apec,APM5,2,2,1,2026.0,2026.0,0.0,0.0,0.0,69990.0,72495.0,75000.0,0.0346,,2,brand_model,median,arabam=2,2,0,True,True,CRITICAL,1,"2 gercek egitim kaydi (ham: 2). hierarchical_price destegi dusuk (n=2); model yili cesitliligi cok dusuk (1 farkli yil); UI kataloginda secilebilir (kullanici gercekten bu araci secebilir). azaltici: dusuk fiyat etkisi (medyan 72,495 <= p25 esigi 320,000).",False,tek model yili: yil ekseninde interpolasyon bolgesi yok; guvenli olmadigi icin onerilen sayi yariya indirildi (asil oneri 2 idi),2026-2026,0-0,"69,990-75,000"
Apec,APT4,3,2,2,2025.0,2026.0,0.0,0.0,0.0,64990.0,66995.0,69000.0,0.0299,,2,brand_model,median,arabam=3,3,0,True,True,CRITICAL,3,"2 gercek egitim kaydi (ham: 3). hierarchical_price destegi dusuk (n=2); model yili cesitliligi cok dusuk (2 farkli yil); UI kataloginda secilebilir (kullanici gercekten bu araci secebilir). azaltici: dusuk fiyat etkisi (medyan 66,995 <= p25 esigi 320,000).",True,,2025-2026,0-0,"64,990-69,000"
Arora,AR 15000 Moped,2,2,2,2025.0,2026.0,0.0,0.0,0.0,115000.0,120000.0,125000.0,0.0417,,2,brand_model,median,arabam=2,2,0,True,True,CRITICAL,3,"2 gercek egitim kaydi (ham: 2). hierarchical_price destegi dusuk (n=2); model yili cesitliligi cok dusuk (2 farkli yil); UI kataloginda secilebilir (kullanici gercekten bu araci secebilir). azaltici: dusuk fiyat etkisi (medyan 120,000 <= p25 esigi 320,000).",True,,2025-2026,0-0,"115,000-125,000"
Arora,Angel Pro,2,2,2,2018.0,2026.0,0.0,3000.0,6000.0,45000.0,90000.0,135000.0,0.5,,2,brand_model,median,arabam=2,2,0,True,True,CRITICAL,3,"2 gercek egitim kaydi (ham: 2). hierarchical_price destegi dusuk (n=2); model yili cesitliligi cok dusuk (2 farkli yil); fiyat araligi cok genis (max/min=3.0x); UI kataloginda secilebilir (kullanici gercekten bu araci secebilir). azaltici: dusuk fiyat etkisi (medyan 90,000 <= p25 esigi 320,000).",True,,2018-2026,"0-6,000","45,000-135,000"
Arora,Felix,2,2,1,2025.0,2025.0,0.0,0.0,0.0,90000.0,92450.0,94900.0,0.0265,,2,brand_model,median,arabam=2,2,0,True,True,CRITICAL,1,"2 gercek egitim kaydi (ham: 2). hierarchical_price destegi dusuk (n=2); model yili cesitliligi cok dusuk (1 farkli yil); UI kataloginda secilebilir (kullanici gercekten bu araci secebilir). azaltici: dusuk fiyat etkisi (medyan 92,450 <= p25 esigi 320,000).",False,tek model yili: yil ekseninde interpolasyon bolgesi yok; guvenli olmadigi icin onerilen sayi yariya indirildi (asil oneri 2 idi),2025-2025,0-0,"90,000-94,900"
Arora,S1,3,2,1,2025.0,2025.0,6001.0,6050.5,6100.0,259000.0,267000.0,275000.0,0.03,,2,brand_model,median,arabam=3,3,0,True,True,CRITICAL,1,"2 gercek egitim kaydi (ham: 3). hierarchical_price destegi dusuk (n=2); model yili cesitliligi cok dusuk (1 farkli yil); UI kataloginda secilebilir (kullanici gercekten bu araci secebilir). azaltici: dusuk fiyat etkisi (medyan 267,000 <= p25 esigi 320,000).",False,tek model yili: yil ekseninde interpolasyon bolgesi yok; guvenli olmadigi icin onerilen sayi yariya indirildi (asil oneri 2 idi),2025-2025,"6,001-6,100","259,000-275,000"
Aston Martin,Rapide,2,2,1,2011.0,2011.0,66700.0,68225.0,69750.0,9350000.0,9862500.0,10375000.0,0.052,,2,brand_model,median,"arabam=1, kaggle=1",1,1,True,True,CRITICAL,3,"2 gercek egitim kaydi (ham: 2). premium fiyat segmenti (medyan 9,862,500 >= p90 esigi 3,375,000); hierarchical_price destegi dusuk (n=2); model yili cesitliligi cok dusuk (1 farkli yil); UI kataloginda secilebilir (kullanici gercekten bu araci secebilir).",False,tek model yili: yil ekseninde interpolasyon bolgesi yok; guvenli olmadigi icin onerilen sayi yariya indirildi (asil oneri 6 idi),2011-2011,"66,700-69,750","9,350,000-10,375,000"
Audi,200 Serisi,2,2,2,1985.0,1990.0,161271.0,163135.5,165000.0,350000.0,925000.0,1500000.0,0.6216,,2,brand_model,median,"arabam=1, kaggle=1",1,1,True,True,CRITICAL,3,"2 gercek egitim kaydi (ham: 2). hierarchical_price destegi dusuk (n=2); model yili cesitliligi cok dusuk (2 farkli yil); fiyat araligi cok genis (max/min=4.3x); UI kataloginda secilebilir (kullanici gercekten bu araci secebilir). azaltici: cok eski model (max_year=1990), piyasada nadir - dusuk oncelik.",True,,1985-1990,"161,271-165,000","350,000-1,500,000"
Cadillac,DeVille,2,2,2,1997.0,2002.0,161313.0,236656.5,312000.0,2250000.0,2254925.0,2259850.0,0.0022,,2,brand_model,median,"arabam=1, kaggle=1",1,1,True,True,CRITICAL,3,"2 gercek egitim kaydi (ham: 2). hierarchical_price destegi dusuk (n=2); model yili cesitliligi cok dusuk (2 farkli yil); UI kataloginda secilebilir (kullanici gercekten bu araci secebilir). azaltici: cok eski model (max_year=2002), piyasada nadir - dusuk oncelik.",True,,1997-2002,"161,313-312,000","2,250,000-2,259,850"
Chevrolet,Cavalier,2,2,2,1992.0,1993.0,160000.0,160500.0,161000.0,255000.0,260000.0,265000.0,0.0192,,2,brand_model,median,kaggle=2,0,2,True,True,CRITICAL,3,"2 gercek egitim kaydi (ham: 2). hierarchical_price destegi dusuk (n=2); model yili cesitliligi cok dusuk (2 farkli yil); UI kataloginda secilebilir (kullanici gercekten bu araci secebilir). azaltici: cok eski model (max_year=1993), piyasada nadir - dusuk oncelik; dusuk fiyat etkisi (medyan 260,000 <= p25 esigi 320,000).",True,,1992-1993,"160,000-161,000","255,000-265,000"
Chevrolet,Silverado,5,2,2,2000.0,2026.0,1.0,165000.5,330000.0,2000000.0,2165000.0,2330000.0,0.0762,,2,brand_model,median,arabam=5,5,0,True,True,CRITICAL,6,2 gercek egitim kaydi (ham: 5). hierarchical_price destegi dusuk (n=2); model yili cesitliligi cok dusuk (2 farkli yil); UI kataloginda secilebilir (kullanici gercekten bu araci secebilir).,True,,2000-2026,"1-330,000","2,000,000-2,330,000"
Chevrolet,Suburban,2,2,2,1993.0,2004.0,117000.0,196000.0,275000.0,1750000.0,2100000.0,2450000.0,0.1667,,2,brand_model,median,arabam=2,2,0,True,True,CRITICAL,3,"2 gercek egitim kaydi (ham: 2). hierarchical_price destegi dusuk (n=2); model yili cesitliligi cok dusuk (2 farkli yil); UI kataloginda secilebilir (kullanici gercekten bu araci secebilir). azaltici: cok eski model (max_year=2004), piyasada nadir - dusuk oncelik.",True,,1993-2004,"117,000-275,000","1,750,000-2,450,000"
Chrysler,LHS,2,2,2,1996.0,1997.0,247700.0,248350.0,249000.0,499000.0,637000.0,775000.0,0.2166,,2,brand_model,median,"arabam=1, kaggle=1",1,1,True,True,CRITICAL,3,"2 gercek egitim kaydi (ham: 2). hierarchical_price destegi dusuk (n=2); model yili cesitliligi cok dusuk (2 farkli yil); UI kataloginda secilebilir (kullanici gercekten bu araci secebilir). azaltici: cok eski model (max_year=1997), piyasada nadir - dusuk oncelik.",True,,1996-1997,"247,700-249,000","499,000-775,000"
Daewoo,Super Saloon,2,2,1,1997.0,1997.0,111111.0,220555.5,330000.0,51500.0,70750.0,90000.0,0.2721,,2,brand_model,median,"arabam=1, kaggle=1",1,1,True,True,CRITICAL,1,"2 gercek egitim kaydi (ham: 2). hierarchical_price destegi dusuk (n=2); model yili cesitliligi cok dusuk (1 farkli yil); UI kataloginda secilebilir (kullanici gercekten bu araci secebilir). azaltici: cok eski model (max_year=1997), piyasada nadir - dusuk oncelik; dusuk fiyat etkisi (medyan 70,750 <= p25 esigi 320,000).",False,tek model yili: yil ekseninde interpolasyon bolgesi yok; guvenli olmadigi icin onerilen sayi yariya indirildi (asil oneri 2 idi),1997-1997,"111,111-330,000","51,500-90,000"
Dodge,Avenger,2,2,2,2007.0,2008.0,356000.0,383000.0,410000.0,630000.0,640000.0,650000.0,0.0156,,2,brand_model,median,arabam=2,2,0,True,True,CRITICAL,3,"2 gercek egitim kaydi (ham: 2). hierarchical_price destegi dusuk (n=2); model yili cesitliligi cok dusuk (2 farkli yil); UI kataloginda secilebilir (kullanici gercekten bu araci secebilir). azaltici: cok eski model (max_year=2008), piyasada nadir - dusuk oncelik.",True,,2007-2008,"356,000-410,000","630,000-650,000"
Ferrari,360,2,2,2,2000.0,2004.0,65000.0,72000.0,79000.0,6150000.0,6350000.0,6550000.0,0.0315,,2,brand_model,median,kaggle=2,0,2,True,True,CRITICAL,3,"2 gercek egitim kaydi (ham: 2). premium fiyat segmenti (medyan 6,350,000 >= p90 esigi 3,375,000); hierarchical_price destegi dusuk (n=2); model yili cesitliligi cok dusuk (2 farkli yil); UI kataloginda secilebilir (kullanici gercekten bu araci secebilir). azaltici: cok eski model (max_year=2004), piyasada nadir - dusuk oncelik.",True,,2000-2004,"65,000-79,000","6,150,000-6,550,000"
Ferrari,F12,2,2,1,2013.0,2013.0,48700.0,48700.0,48700.0,36500000.0,36500000.0,36500000.0,0.0,,2,brand_model,median,arabam=2,2,0,True,True,CRITICAL,3,"2 gercek egitim kaydi (ham: 2). premium fiyat segmenti (medyan 36,500,000 >= p90 esigi 3,375,000); hierarchical_price destegi dusuk (n=2); model yili cesitliligi cok dusuk (1 farkli yil); UI kataloginda secilebilir (kullanici gercekten bu araci secebilir).",False,tek model yili: yil ekseninde interpolasyon bolgesi yok; guvenli olmadigi icin onerilen sayi yariya indirildi (asil oneri 6 idi),2013-2013,"48,700-48,700","36,500,000-36,500,000"
Fiat,Coupe,2,2,1,1996.0,1996.0,256000.0,262000.0,268000.0,380000.0,477500.0,575000.0,0.2042,,2,brand_model,median,arabam=2,2,0,True,True,CRITICAL,1,"2 gercek egitim kaydi (ham: 2). hierarchical_price destegi dusuk (n=2); model yili cesitliligi cok dusuk (1 farkli yil); UI kataloginda secilebilir (kullanici gercekten bu araci secebilir). azaltici: cok eski model (max_year=1996), piyasada nadir - dusuk oncelik.",False,tek model yili: yil ekseninde interpolasyon bolgesi yok; guvenli olmadigi icin onerilen sayi yariya indirildi (asil oneri 2 idi),1996-1996,"256,000-268,000","380,000-575,000"
Ford,Expedition,2,2,1,1997.0,1997.0,188500.0,188500.0,188500.0,1650000.0,1650000.0,1650000.0,0.0,,2,brand_model,median,arabam=2,2,0,True,True,CRITICAL,1,"2 gercek egitim kaydi (ham: 2). hierarchical_price destegi dusuk (n=2); model yili cesitliligi cok dusuk (1 farkli yil); UI kataloginda secilebilir (kullanici gercekten bu araci secebilir). azaltici: cok eski model (max_year=1997), piyasada nadir - dusuk oncelik.",False,tek model yili: yil ekseninde interpolasyon bolgesi yok; guvenli olmadigi icin onerilen sayi yariya indirildi (asil oneri 2 idi),1997-1997,"188,500-188,500","1,650,000-1,650,000"
Ford,Scorpio,2,2,2,1990.0,1997.0,226090.0,235545.0,245000.0,260000.0,370000.0,480000.0,0.2973,,2,brand_model,median,"arabam=1, kaggle=1",1,1,True,True,CRITICAL,3,"2 gercek egitim kaydi (ham: 2). hierarchical_price destegi dusuk (n=2); model yili cesitliligi cok dusuk (2 farkli yil); UI kataloginda secilebilir (kullanici gercekten bu araci secebilir). azaltici: cok eski model (max_year=1997), piyasada nadir - dusuk oncelik.",True,,1990-1997,"226,090-245,000","260,000-480,000"
Honda,E,2,2,2,2020.0,2021.0,6500.0,25750.0,45000.0,1500000.0,1587500.0,1675000.0,0.0551,,2,brand_model,median,arabam=2,2,0,True,True,CRITICAL,6,2 gercek egitim kaydi (ham: 2). hierarchical_price destegi dusuk (n=2); model yili cesitliligi cok dusuk (2 farkli yil); UI kataloginda secilebilir (kullanici gercekten bu araci secebilir).,True,,2020-2021,"6,500-45,000","1,500,000-1,675,000"
Infiniti,G,3,2,2,2010.0,2011.0,150000.0,153970.0,157940.0,1499000.0,2323950.0,3148900.0,0.355,,2,brand_model,median,"arabam=1, kaggle=2",1,2,True,True,CRITICAL,6,2 gercek egitim kaydi (ham: 3). hierarchical_price destegi dusuk (n=2); model yili cesitliligi cok dusuk (2 farkli yil); UI kataloginda secilebilir (kullanici gercekten bu araci secebilir).,True,,2010-2011,"150,000-157,940","1,499,000-3,148,900"
Infiniti,Q60,2,2,1,2017.0,2017.0,108599.0,128299.5,148000.0,2260060.0,2642530.0,3025000.0,0.1447,,2,brand_model,median,"arabam=1, kaggle=1",1,1,True,True,CRITICAL,3,2 gercek egitim kaydi (ham: 2). hierarchical_price destegi dusuk (n=2); model yili cesitliligi cok dusuk (1 farkli yil); UI kataloginda secilebilir (kullanici gercekten bu araci secebilir).,False,tek model yili: yil ekseninde interpolasyon bolgesi yok; guvenli olmadigi icin onerilen sayi yariya indirildi (asil oneri 6 idi),2017-2017,"108,599-148,000","2,260,060-3,025,000"
Jaguar,XKR,2,2,2,2001.0,2008.0,66000.0,79500.0,93000.0,3995000.0,4372500.0,4750000.0,0.0863,,2,brand_model,median,"arabam=1, kaggle=1",1,1,True,True,CRITICAL,3,"2 gercek egitim kaydi (ham: 2). premium fiyat segmenti (medyan 4,372,500 >= p90 esigi 3,375,000); hierarchical_price destegi dusuk (n=2); model yili cesitliligi cok dusuk (2 farkli yil); UI kataloginda secilebilir (kullanici gercekten bu araci secebilir). azaltici: cok eski model (max_year=2008), piyasada nadir - dusuk oncelik.",True,,2001-2008,"66,000-93,000","3,995,000-4,750,000"
Joyce,One,2,2,1,2023.0,2023.0,6001.0,6001.0,6001.0,375000.0,375000.0,375000.0,0.0,,2,brand_model,median,kaggle=2,0,2,True,True,CRITICAL,3,2 gercek egitim kaydi (ham: 2). hierarchical_price destegi dusuk (n=2); model yili cesitliligi cok dusuk (1 farkli yil); UI kataloginda secilebilir (kullanici gercekten bu araci secebilir).,False,tek model yili: yil ekseninde interpolasyon bolgesi yok; guvenli olmadigi icin onerilen sayi yariya indirildi (asil oneri 6 idi),2023-2023,"6,001-6,001","375,000-375,000"
Lada,Nova,2,2,2,1992.0,1993.0,200000.0,200000.0,200000.0,130000.0,140000.0,150000.0,0.0714,,2,brand_model,median,kaggle=2,0,2,True,True,CRITICAL,3,"2 gercek egitim kaydi (ham: 2). hierarchical_price destegi dusuk (n=2); model yili cesitliligi cok dusuk (2 farkli yil); UI kataloginda secilebilir (kullanici gercekten bu araci secebilir). azaltici: cok eski model (max_year=1993), piyasada nadir - dusuk oncelik; dusuk fiyat etkisi (medyan 140,000 <= p25 esigi 320,000).",True,,1992-1993,"200,000-200,000","130,000-150,000"
Lamborghini,Huracan,3,2,2,2015.0,2020.0,17000.0,20500.0,24000.0,28500000.0,33250000.0,38000000.0,0.1429,,2,brand_model,median,kaggle=3,0,3,True,True,CRITICAL,6,"2 gercek egitim kaydi (ham: 3). premium fiyat segmenti (medyan 33,250,000 >= p90 esigi 3,375,000); hierarchical_price destegi dusuk (n=2); model yili cesitliligi cok dusuk (2 farkli yil); UI kataloginda secilebilir (kullanici gercekten bu araci secebilir).",True,,2015-2020,"17,000-24,000","28,500,000-38,000,000"
Lexus,IS,2,2,2,2006.0,2016.0,77000.0,112000.0,147000.0,1500000.0,1825000.0,2150000.0,0.1781,,2,brand_model,median,"arabam=1, kaggle=1",1,1,True,True,CRITICAL,6,2 gercek egitim kaydi (ham: 2). hierarchical_price destegi dusuk (n=2); model yili cesitliligi cok dusuk (2 farkli yil); UI kataloginda secilebilir (kullanici gercekten bu araci secebilir).,True,,2006-2016,"77,000-147,000","1,500,000-2,150,000"
Lexus,LC,2,2,2,2021.0,2023.0,6100.0,13378.5,20657.0,10500000.0,14000000.0,17500000.0,0.25,,2,brand_model,median,arabam=2,2,0,True,True,CRITICAL,6,"2 gercek egitim kaydi (ham: 2). premium fiyat segmenti (medyan 14,000,000 >= p90 esigi 3,375,000); hierarchical_price destegi dusuk (n=2); model yili cesitliligi cok dusuk (2 farkli yil); UI kataloginda secilebilir (kullanici gercekten bu araci secebilir).",True,,2021-2023,"6,100-20,657","10,500,000-17,500,000"
Lincoln,Town Car,3,2,2,1989.0,1999.0,125000.0,140000.0,155000.0,1199900.0,1524950.0,1850000.0,0.2132,,2,brand_model,median,"arabam=2, kaggle=1",2,1,True,True,CRITICAL,3,"2 gercek egitim kaydi (ham: 3). hierarchical_price destegi dusuk (n=2); model yili cesitliligi cok dusuk (2 farkli yil); UI kataloginda secilebilir (kullanici gercekten bu araci secebilir). azaltici: cok eski model (max_year=1999), piyasada nadir - dusuk oncelik.",True,,1989-1999,"125,000-155,000","1,199,900-1,850,000"
Lotus,Esprit,2,2,2,1995.0,1998.0,6530.0,33329.0,60128.0,3600000.0,5450000.0,7300000.0,0.3394,,2,brand_model,median,"arabam=1, kaggle=1",1,1,True,True,CRITICAL,3,"2 gercek egitim kaydi (ham: 2). premium fiyat segmenti (medyan 5,450,000 >= p90 esigi 3,375,000); hierarchical_price destegi dusuk (n=2); model yili cesitliligi cok dusuk (2 farkli yil); UI kataloginda secilebilir (kullanici gercekten bu araci secebilir). azaltici: cok eski model (max_year=1998), piyasada nadir - dusuk oncelik.",True,,1995-1998,"6,530-60,128","3,600,000-7,300,000"
Maserati,GranCabrio,2,2,1,2013.0,2013.0,85000.0,85000.0,85000.0,5490000.0,6190000.0,6890000.0,0.1131,,2,brand_model,median,"arabam=1, kaggle=1",1,1,True,True,CRITICAL,3,"2 gercek egitim kaydi (ham: 2). premium fiyat segmenti (medyan 6,190,000 >= p90 esigi 3,375,000); hierarchical_price destegi dusuk (n=2); model yili cesitliligi cok dusuk (1 farkli yil); UI kataloginda secilebilir (kullanici gercekten bu araci secebilir).",False,tek model yili: yil ekseninde interpolasyon bolgesi yok; guvenli olmadigi icin onerilen sayi yariya indirildi (asil oneri 6 idi),2013-2013,"85,000-85,000","5,490,000-6,890,000"
Mazda,CX-9,2,2,2,2010.0,2011.0,205000.0,267500.0,330000.0,795000.0,1022500.0,1250000.0,0.2225,,2,brand_model,median,arabam=2,2,0,True,True,CRITICAL,6,2 gercek egitim kaydi (ham: 2). hierarchical_price destegi dusuk (n=2); model yili cesitliligi cok dusuk (2 farkli yil); UI kataloginda secilebilir (kullanici gercekten bu araci secebilir).,True,,2010-2011,"205,000-330,000","795,000-1,250,000"
Mercedes - Benz,240,2,2,2,1978.0,1984.0,149000.0,160500.0,172000.0,235000.0,350000.0,465000.0,0.3286,,2,brand_model,median,"arabam=1, kaggle=1",1,1,True,True,CRITICAL,3,"2 gercek egitim kaydi (ham: 2). hierarchical_price destegi dusuk (n=2); model yili cesitliligi cok dusuk (2 farkli yil); UI kataloginda secilebilir (kullanici gercekten bu araci secebilir). azaltici: cok eski model (max_year=1984), piyasada nadir - dusuk oncelik.",True,,1978-1984,"149,000-172,000","235,000-465,000"
Mercedes - Benz,GLE,2,2,1,2015.0,2015.0,196000.0,203000.0,210000.0,3350000.0,3917500.0,4485000.0,0.1449,,2,brand_model,median,arabam=2,2,0,True,True,CRITICAL,3,"2 gercek egitim kaydi (ham: 2). premium fiyat segmenti (medyan 3,917,500 >= p90 esigi 3,375,000); hierarchical_price destegi dusuk (n=2); model yili cesitliligi cok dusuk (1 farkli yil); UI kataloginda secilebilir (kullanici gercekten bu araci secebilir).",False,tek model yili: yil ekseninde interpolasyon bolgesi yok; guvenli olmadigi icin onerilen sayi yariya indirildi (asil oneri 6 idi),2015-2015,"196,000-210,000","3,350,000-4,485,000"
Mercedes - Benz,SLC,2,2,2,2016.0,2017.0,89444.0,143222.0,197000.0,1950000.0,2287500.0,2625000.0,0.1475,,2,brand_model,median,kaggle=2,0,2,True,True,CRITICAL,6,2 gercek egitim kaydi (ham: 2). hierarchical_price destegi dusuk (n=2); model yili cesitliligi cok dusuk (2 farkli yil); UI kataloginda secilebilir (kullanici gercekten bu araci secebilir).,True,,2016-2017,"89,444-197,000","1,950,000-2,625,000"
Mini,Paceman,2,2,1,2013.0,2013.0,120000.0,135000.0,150000.0,1160000.0,1277500.0,1395000.0,0.092,,2,brand_model,median,arabam=2,2,0,True,True,CRITICAL,3,2 gercek egitim kaydi (ham: 2). hierarchical_price destegi dusuk (n=2); model yili cesitliligi cok dusuk (1 farkli yil); UI kataloginda secilebilir (kullanici gercekten bu araci secebilir).,False,tek model yili: yil ekseninde interpolasyon bolgesi yok; guvenli olmadigi icin onerilen sayi yariya indirildi (asil oneri 6 idi),2013-2013,"120,000-150,000","1,160,000-1,395,000"
Mitsubishi,Diamante,2,2,1,1992.0,1992.0,210000.0,210000.0,210000.0,600000.0,637500.0,675000.0,0.0588,,2,brand_model,median,"arabam=1, kaggle=1",1,1,True,True,CRITICAL,1,"2 gercek egitim kaydi (ham: 2). hierarchical_price destegi dusuk (n=2); model yili cesitliligi cok dusuk (1 farkli yil); UI kataloginda secilebilir (kullanici gercekten bu araci secebilir). azaltici: cok eski model (max_year=1992), piyasada nadir - dusuk oncelik.",False,tek model yili: yil ekseninde interpolasyon bolgesi yok; guvenli olmadigi icin onerilen sayi yariya indirildi (asil oneri 2 idi),1992-1992,"210,000-210,000","600,000-675,000"
Nissan,100 NX,2,2,2,1991.0,1992.0,224000.0,232000.0,240000.0,210000.0,280000.0,350000.0,0.25,,2,brand_model,median,kaggle=2,0,2,True,True,CRITICAL,3,"2 gercek egitim kaydi (ham: 2). hierarchical_price destegi dusuk (n=2); model yili cesitliligi cok dusuk (2 farkli yil); UI kataloginda secilebilir (kullanici gercekten bu araci secebilir). azaltici: cok eski model (max_year=1992), piyasada nadir - dusuk oncelik; dusuk fiyat etkisi (medyan 280,000 <= p25 esigi 320,000).",True,,1991-1992,"224,000-240,000","210,000-350,000"
Nissan,200 SX,2,2,2,1997.0,1999.0,99999.0,130499.5,161000.0,1900000.0,2200000.0,2500000.0,0.1364,,2,brand_model,median,"arabam=1, kaggle=1",1,1,True,True,CRITICAL,3,"2 gercek egitim kaydi (ham: 2). hierarchical_price destegi dusuk (n=2); model yili cesitliligi cok dusuk (2 farkli yil); UI kataloginda secilebilir (kullanici gercekten bu araci secebilir). azaltici: cok eski model (max_year=1999), piyasada nadir - dusuk oncelik.",True,,1997-1999,"99,999-161,000","1,900,000-2,500,000"
Nissan,Bluebird,2,2,2,1986.0,1987.0,290000.0,367500.0,445000.0,95000.0,100000.0,105000.0,0.05,,2,brand_model,median,kaggle=2,0,2,True,True,CRITICAL,3,"2 gercek egitim kaydi (ham: 2). hierarchical_price destegi dusuk (n=2); model yili cesitliligi cok dusuk (2 farkli yil); UI kataloginda secilebilir (kullanici gercekten bu araci secebilir). azaltici: cok eski model (max_year=1987), piyasada nadir - dusuk oncelik; dusuk fiyat etkisi (medyan 100,000 <= p25 esigi 320,000).",True,,1986-1987,"290,000-445,000","95,000-105,000"
Nissan,Patrol,3,2,2,2001.0,2003.0,391000.0,418000.0,445000.0,1725000.0,1937500.0,2150000.0,0.1097,,2,brand_model,median,arabam=3,3,0,True,True,CRITICAL,3,"2 gercek egitim kaydi (ham: 3). hierarchical_price destegi dusuk (n=2); model yili cesitliligi cok dusuk (2 farkli yil); UI kataloginda secilebilir (kullanici gercekten bu araci secebilir). azaltici: cok eski model (max_year=2003), piyasada nadir - dusuk oncelik.",True,,2001-2003,"391,000-445,000","1,725,000-2,150,000"
Opel,Ascona,2,2,2,1983.0,1984.0,65000.0,88055.5,111111.0,53000.0,81500.0,110000.0,0.3497,,2,brand_model,median,"arabam=1, kaggle=1",1,1,True,True,CRITICAL,3,"2 gercek egitim kaydi (ham: 2). hierarchical_price destegi dusuk (n=2); model yili cesitliligi cok dusuk (2 farkli yil); UI kataloginda secilebilir (kullanici gercekten bu araci secebilir). azaltici: cok eski model (max_year=1984), piyasada nadir - dusuk oncelik; dusuk fiyat etkisi (medyan 81,500 <= p25 esigi 320,000).",True,,1983-1984,"65,000-111,111","53,000-110,000"
Opel,Calibra,2,2,2,1994.0,1995.0,188000.0,279000.0,370000.0,160000.0,447500.0,735000.0,0.6425,,2,brand_model,median,"arabam=1, kaggle=1",1,1,True,True,CRITICAL,3,"2 gercek egitim kaydi (ham: 2). hierarchical_price destegi dusuk (n=2); model yili cesitliligi cok dusuk (2 farkli yil); fiyat araligi cok genis (max/min=4.6x); UI kataloginda secilebilir (kullanici gercekten bu araci secebilir). azaltici: cok eski model (max_year=1995), piyasada nadir - dusuk oncelik.",True,,1994-1995,"188,000-370,000","160,000-735,000"
Opel,Cascada,2,2,1,2013.0,2013.0,178000.0,186500.0,195000.0,1410000.0,1497500.0,1585000.0,0.0584,,2,brand_model,median,arabam=2,2,0,True,True,CRITICAL,3,2 gercek egitim kaydi (ham: 2). hierarchical_price destegi dusuk (n=2); model yili cesitliligi cok dusuk (1 farkli yil); UI kataloginda secilebilir (kullanici gercekten bu araci secebilir).,False,tek model yili: yil ekseninde interpolasyon bolgesi yok; guvenli olmadigi icin onerilen sayi yariya indirildi (asil oneri 6 idi),2013-2013,"178,000-195,000","1,410,000-1,585,000"
Opel,Combo Elektrik,3,2,1,2025.0,2025.0,14090.0,19545.0,25000.0,1689000.0,1709450.0,1729900.0,0.012,,2,brand_model,median,arabam=3,3,0,True,True,CRITICAL,3,2 gercek egitim kaydi (ham: 3). hierarchical_price destegi dusuk (n=2); model yili cesitliligi cok dusuk (1 farkli yil); UI kataloginda secilebilir (kullanici gercekten bu araci secebilir).,False,tek model yili: yil ekseninde interpolasyon bolgesi yok; guvenli olmadigi icin onerilen sayi yariya indirildi (asil oneri 6 idi),2025-2025,"14,090-25,000","1,689,000-1,729,900"
Peugeot,309,2,2,2,1989.0,1990.0,280000.0,290000.0,300000.0,79000.0,139250.0,199500.0,0.4327,,2,brand_model,median,"arabam=1, kaggle=1",1,1,True,True,CRITICAL,3,"2 gercek egitim kaydi (ham: 2). hierarchical_price destegi dusuk (n=2); model yili cesitliligi cok dusuk (2 farkli yil); UI kataloginda secilebilir (kullanici gercekten bu araci secebilir). azaltici: cok eski model (max_year=1990), piyasada nadir - dusuk oncelik; dusuk fiyat etkisi (medyan 139,250 <= p25 esigi 320,000).",True,,1989-1990,"280,000-300,000","79,000-199,500"
Peugeot,4007,2,2,2,2009.0,2011.0,6001.0,172250.5,338500.0,625000.0,755000.0,885000.0,0.1722,,2,brand_model,median,arabam=2,2,0,True,True,CRITICAL,6,2 gercek egitim kaydi (ham: 2). hierarchical_price destegi dusuk (n=2); model yili cesitliligi cok dusuk (2 farkli yil); UI kataloginda secilebilir (kullanici gercekten bu araci secebilir).,True,,2009-2011,"6,001-338,500","625,000-885,000"
Peugeot,806,2,2,2,1999.0,2001.0,332421.0,416210.5,500000.0,140000.0,170000.0,200000.0,0.1765,,2,brand_model,median,arabam=2,2,0,True,True,CRITICAL,3,"2 gercek egitim kaydi (ham: 2). hierarchical_price destegi dusuk (n=2); model yili cesitliligi cok dusuk (2 farkli yil); UI kataloginda secilebilir (kullanici gercekten bu araci secebilir). azaltici: cok eski model (max_year=2001), piyasada nadir - dusuk oncelik; dusuk fiyat etkisi (medyan 170,000 <= p25 esigi 320,000).",True,,1999-2001,"332,421-500,000","140,000-200,000"
Proton,413,2,2,1,1998.0,1998.0,221800.0,250400.0,279000.0,160000.0,190000.0,220000.0,0.1579,,2,brand_model,median,kaggle=2,0,2,True,True,CRITICAL,1,"2 gercek egitim kaydi (ham: 2). hierarchical_price destegi dusuk (n=2); model yili cesitliligi cok dusuk (1 farkli yil); UI kataloginda secilebilir (kullanici gercekten bu araci secebilir). azaltici: cok eski model (max_year=1998), piyasada nadir - dusuk oncelik; dusuk fiyat etkisi (medyan 190,000 <= p25 esigi 320,000).",False,tek model yili: yil ekseninde interpolasyon bolgesi yok; guvenli olmadigi icin onerilen sayi yariya indirildi (asil oneri 2 idi),1998-1998,"221,800-279,000","160,000-220,000"
Renault,R 25,2,2,1,1991.0,1991.0,186000.0,213000.0,240000.0,105000.0,112500.0,120000.0,0.0667,,2,brand_model,median,"arabam=1, kaggle=1",1,1,True,True,CRITICAL,1,"2 gercek egitim kaydi (ham: 2). hierarchical_price destegi dusuk (n=2); model yili cesitliligi cok dusuk (1 farkli yil); UI kataloginda secilebilir (kullanici gercekten bu araci secebilir). azaltici: cok eski model (max_year=1991), piyasada nadir - dusuk oncelik; dusuk fiyat etkisi (medyan 112,500 <= p25 esigi 320,000).",False,tek model yili: yil ekseninde interpolasyon bolgesi yok; guvenli olmadigi icin onerilen sayi yariya indirildi (asil oneri 2 idi),1991-1991,"186,000-240,000","105,000-120,000"
Renault,Vel Satis,2,2,2,2006.0,2007.0,303500.0,316750.0,330000.0,400000.0,427500.0,455000.0,0.0643,,2,brand_model,median,"arabam=1, kaggle=1",1,1,True,True,CRITICAL,3,"2 gercek egitim kaydi (ham: 2). hierarchical_price destegi dusuk (n=2); model yili cesitliligi cok dusuk (2 farkli yil); UI kataloginda secilebilir (kullanici gercekten bu araci secebilir). azaltici: cok eski model (max_year=2007), piyasada nadir - dusuk oncelik.",True,,2006-2007,"303,500-330,000","400,000-455,000"
Rover,200,2,2,1,1998.0,1998.0,168000.0,234000.0,300000.0,210000.0,230000.0,250000.0,0.087,,2,brand_model,median,"arabam=1, kaggle=1",1,1,True,True,CRITICAL,1,"2 gercek egitim kaydi (ham: 2). hierarchical_price destegi dusuk (n=2); model yili cesitliligi cok dusuk (1 farkli yil); UI kataloginda secilebilir (kullanici gercekten bu araci secebilir). azaltici: cok eski model (max_year=1998), piyasada nadir - dusuk oncelik; dusuk fiyat etkisi (medyan 230,000 <= p25 esigi 320,000).",False,tek model yili: yil ekseninde interpolasyon bolgesi yok; guvenli olmadigi icin onerilen sayi yariya indirildi (asil oneri 2 idi),1998-1998,"168,000-300,000","210,000-250,000"
Rover,623 Si,2,2,1,1996.0,1996.0,320000.0,321111.0,322222.0,275000.0,293500.0,312000.0,0.063,,2,brand_model,median,"arabam=1, kaggle=1",1,1,True,True,CRITICAL,1,"2 gercek egitim kaydi (ham: 2). hierarchical_price destegi dusuk (n=2); model yili cesitliligi cok dusuk (1 farkli yil); UI kataloginda secilebilir (kullanici gercekten bu araci secebilir). azaltici: cok eski model (max_year=1996), piyasada nadir - dusuk oncelik; dusuk fiyat etkisi (medyan 293,500 <= p25 esigi 320,000).",False,tek model yili: yil ekseninde interpolasyon bolgesi yok; guvenli olmadigi icin onerilen sayi yariya indirildi (asil oneri 2 idi),1996-1996,"320,000-322,222","275,000-312,000"
Rover,Streetwise,2,2,1,2004.0,2004.0,110000.0,236000.0,362000.0,210000.0,265000.0,320000.0,0.2075,,2,brand_model,median,"arabam=1, kaggle=1",1,1,True,True,CRITICAL,1,"2 gercek egitim kaydi (ham: 2). hierarchical_price destegi dusuk (n=2); model yili cesitliligi cok dusuk (1 farkli yil); UI kataloginda secilebilir (kullanici gercekten bu araci secebilir). azaltici: cok eski model (max_year=2004), piyasada nadir - dusuk oncelik; dusuk fiyat etkisi (medyan 265,000 <= p25 esigi 320,000).",False,tek model yili: yil ekseninde interpolasyon bolgesi yok; guvenli olmadigi icin onerilen sayi yariya indirildi (asil oneri 2 idi),2004-2004,"110,000-362,000","210,000-320,000"
SFM,Magneta E 1800,2,2,2,2025.0,2026.0,0.0,0.0,0.0,90000.0,92500.0,95000.0,0.027,,2,brand_model,median,arabam=2,2,0,True,True,CRITICAL,3,"2 gercek egitim kaydi (ham: 2). hierarchical_price destegi dusuk (n=2); model yili cesitliligi cok dusuk (2 farkli yil); UI kataloginda secilebilir (kullanici gercekten bu araci secebilir). azaltici: dusuk fiyat etkisi (medyan 92,500 <= p25 esigi 320,000).",True,,2025-2026,0-0,"90,000-95,000"
Saab,900,2,2,2,1989.0,1994.0,295000.0,322500.0,350000.0,420000.0,522500.0,625000.0,0.1962,,2,brand_model,median,kaggle=2,0,2,True,True,CRITICAL,3,"2 gercek egitim kaydi (ham: 2). hierarchical_price destegi dusuk (n=2); model yili cesitliligi cok dusuk (2 farkli yil); UI kataloginda secilebilir (kullanici gercekten bu araci secebilir). azaltici: cok eski model (max_year=1994), piyasada nadir - dusuk oncelik.",True,,1989-1994,"295,000-350,000","420,000-625,000"
Saab,9000,2,2,2,1994.0,1995.0,270000.0,327500.0,385000.0,155000.0,227500.0,300000.0,0.3187,,2,brand_model,median,"arabam=1, kaggle=1",1,1,True,True,CRITICAL,3,"2 gercek egitim kaydi (ham: 2). hierarchical_price destegi dusuk (n=2); model yili cesitliligi cok dusuk (2 farkli yil); UI kataloginda secilebilir (kullanici gercekten bu araci secebilir). azaltici: cok eski model (max_year=1995), piyasada nadir - dusuk oncelik; dusuk fiyat etkisi (medyan 227,500 <= p25 esigi 320,000).",True,,1994-1995,"270,000-385,000","155,000-300,000"
Skyjet,Super Truck,2,2,1,2026.0,2026.0,0.0,0.0,0.0,89250.0,101745.0,114240.0,0.1228,,2,brand_model,median,arabam=2,2,0,True,True,CRITICAL,1,"2 gercek egitim kaydi (ham: 2). hierarchical_price destegi dusuk (n=2); model yili cesitliligi cok dusuk (1 farkli yil); UI kataloginda secilebilir (kullanici gercekten bu araci secebilir). azaltici: dusuk fiyat etkisi (medyan 101,745 <= p25 esigi 320,000).",False,tek model yili: yil ekseninde interpolasyon bolgesi yok; guvenli olmadigi icin onerilen sayi yariya indirildi (asil oneri 2 idi),2026-2026,0-0,"89,250-114,240"
Smart,Roadster,2,2,1,2004.0,2004.0,126000.0,129500.0,133000.0,550000.0,612500.0,675000.0,0.102,,2,brand_model,median,kaggle=2,0,2,True,True,CRITICAL,1,"2 gercek egitim kaydi (ham: 2). hierarchical_price destegi dusuk (n=2); model yili cesitliligi cok dusuk (1 farkli yil); UI kataloginda secilebilir (kullanici gercekten bu araci secebilir). azaltici: cok eski model (max_year=2004), piyasada nadir - dusuk oncelik.",False,tek model yili: yil ekseninde interpolasyon bolgesi yok; guvenli olmadigi icin onerilen sayi yariya indirildi (asil oneri 2 idi),2004-2004,"126,000-133,000","550,000-675,000"
Ssangyong,XLV,2,2,2,2016.0,2017.0,112416.0,124708.0,137000.0,1200000.0,1215000.0,1230000.0,0.0123,,2,brand_model,median,arabam=2,2,0,True,True,CRITICAL,6,2 gercek egitim kaydi (ham: 2). hierarchical_price destegi dusuk (n=2); model yili cesitliligi cok dusuk (2 farkli yil); UI kataloginda secilebilir (kullanici gercekten bu araci secebilir).,True,,2016-2017,"112,416-137,000","1,200,000-1,230,000"
Subaru,Solterra,2,2,1,2023.0,2023.0,71000.0,71750.0,72500.0,1890000.0,1982500.0,2075000.0,0.0467,,2,brand_model,median,arabam=2,2,0,True,True,CRITICAL,3,2 gercek egitim kaydi (ham: 2). hierarchical_price destegi dusuk (n=2); model yili cesitliligi cok dusuk (1 farkli yil); UI kataloginda secilebilir (kullanici gercekten bu araci secebilir).,False,tek model yili: yil ekseninde interpolasyon bolgesi yok; guvenli olmadigi icin onerilen sayi yariya indirildi (asil oneri 6 idi),2023-2023,"71,000-72,500","1,890,000-2,075,000"
Tesla,Model X,3,2,1,2017.0,2017.0,145000.0,151000.0,157000.0,3550000.0,3725000.0,3900000.0,0.047,,2,brand_model,median,arabam=3,3,0,True,True,CRITICAL,3,"2 gercek egitim kaydi (ham: 3). premium fiyat segmenti (medyan 3,725,000 >= p90 esigi 3,375,000); hierarchical_price destegi dusuk (n=2); model yili cesitliligi cok dusuk (1 farkli yil); UI kataloginda secilebilir (kullanici gercekten bu araci secebilir).",False,tek model yili: yil ekseninde interpolasyon bolgesi yok; guvenli olmadigi icin onerilen sayi yariya indirildi (asil oneri 6 idi),2017-2017,"145,000-157,000","3,550,000-3,900,000"
Toyota,FJ Cruiser,3,2,1,1994.0,1994.0,220000.0,226000.0,232000.0,1175000.0,1837500.0,2500000.0,0.3605,,2,brand_model,median,arabam=3,3,0,True,True,CRITICAL,1,"2 gercek egitim kaydi (ham: 3). hierarchical_price destegi dusuk (n=2); model yili cesitliligi cok dusuk (1 farkli yil); UI kataloginda secilebilir (kullanici gercekten bu araci secebilir). azaltici: cok eski model (max_year=1994), piyasada nadir - dusuk oncelik.",False,tek model yili: yil ekseninde interpolasyon bolgesi yok; guvenli olmadigi icin onerilen sayi yariya indirildi (asil oneri 2 idi),1994-1994,"220,000-232,000","1,175,000-2,500,000"
Toyota,Proace Max,2,2,1,2025.0,2025.0,0.0,5750.0,11500.0,1370000.0,1472500.0,1575000.0,0.0696,,2,brand_model,median,arabam=2,2,0,True,True,CRITICAL,3,2 gercek egitim kaydi (ham: 2). hierarchical_price destegi dusuk (n=2); model yili cesitliligi cok dusuk (1 farkli yil); UI kataloginda secilebilir (kullanici gercekten bu araci secebilir).,False,tek model yili: yil ekseninde interpolasyon bolgesi yok; guvenli olmadigi icin onerilen sayi yariya indirildi (asil oneri 6 idi),2025-2025,"0-11,500","1,370,000-1,575,000"
Volkswagen,Passat Alltrack,4,2,1,2022.0,2022.0,61000.0,75000.0,89000.0,2695000.0,2782500.0,2870000.0,0.0314,,2,brand_model,median,arabam=4,4,0,True,True,CRITICAL,3,2 gercek egitim kaydi (ham: 4). hierarchical_price destegi dusuk (n=2); model yili cesitliligi cok dusuk (1 farkli yil); UI kataloginda secilebilir (kullanici gercekten bu araci secebilir).,False,tek model yili: yil ekseninde interpolasyon bolgesi yok; guvenli olmadigi icin onerilen sayi yariya indirildi (asil oneri 6 idi),2022-2022,"61,000-89,000","2,695,000-2,870,000"
Volkswagen,Up Club,2,2,1,2023.0,2023.0,14000.0,14000.0,14000.0,1225000.0,1225000.0,1225000.0,0.0,,2,brand_model,median,arabam=2,2,0,True,True,CRITICAL,3,2 gercek egitim kaydi (ham: 2). hierarchical_price destegi dusuk (n=2); model yili cesitliligi cok dusuk (1 farkli yil); UI kataloginda secilebilir (kullanici gercekten bu araci secebilir).,False,tek model yili: yil ekseninde interpolasyon bolgesi yok; guvenli olmadigi icin onerilen sayi yariya indirildi (asil oneri 6 idi),2023-2023,"14,000-14,000","1,225,000-1,225,000"
Yuki,YK EB02,2,2,2,2022.0,2025.0,0.0,3000.5,6001.0,34000.0,39500.0,45000.0,0.1392,,2,brand_model,median,arabam=2,2,0,True,True,CRITICAL,3,"2 gercek egitim kaydi (ham: 2). hierarchical_price destegi dusuk (n=2); model yili cesitliligi cok dusuk (2 farkli yil); UI kataloginda secilebilir (kullanici gercekten bu araci secebilir). azaltici: dusuk fiyat etkisi (medyan 39,500 <= p25 esigi 320,000).",True,,2022-2025,"0-6,001","34,000-45,000"
Alfa Romeo,166,3,3,2,1999.0,2002.0,140000.0,304000.0,304000.0,375000.0,465000.0,900000.0,0.3952,-0.9718,3,brand_model,theil_sen,"arabam=2, kaggle=1",2,1,True,True,CRITICAL,5,"3 gercek egitim kaydi (ham: 3). hierarchical_price destegi dusuk (n=3); model yili cesitliligi cok dusuk (2 farkli yil); UI kataloginda secilebilir (kullanici gercekten bu araci secebilir). azaltici: cok eski model (max_year=2002), piyasada nadir - dusuk oncelik.",True,,1999-2002,"140,000-304,000","375,000-900,000"
Alfa Romeo,Giulia,7,3,2,2017.0,2020.0,62000.0,93000.0,159000.0,2250000.0,2725000.0,2740000.0,0.0885,-0.9997,3,brand_model,theil_sen,"arabam=2, kaggle=5",2,5,True,True,CRITICAL,9,3 gercek egitim kaydi (ham: 7). hierarchical_price destegi dusuk (n=3); model yili cesitliligi cok dusuk (2 farkli yil); UI kataloginda secilebilir (kullanici gercekten bu araci secebilir).,True,,2017-2020,"62,000-159,000","2,250,000-2,740,000"
Alfa Romeo,Junior Speciale,3,3,2,2024.0,2025.0,11950.0,21500.0,25690.0,1800000.0,1829950.0,1975000.0,0.0409,0.3486,3,brand_model,theil_sen,arabam=3,3,0,True,True,CRITICAL,9,3 gercek egitim kaydi (ham: 3). hierarchical_price destegi dusuk (n=3); model yili cesitliligi cok dusuk (2 farkli yil); UI kataloginda secilebilir (kullanici gercekten bu araci secebilir).,True,,2024-2025,"11,950-25,690","1,800,000-1,975,000"
Apachi,Kont,3,3,2,2023.0,2026.0,0.0,0.0,0.0,52900.0,55000.0,159500.0,0.5583,-0.5267,3,brand_model,theil_sen,arabam=3,3,0,True,True,CRITICAL,5,"3 gercek egitim kaydi (ham: 3). hierarchical_price destegi dusuk (n=3); model yili cesitliligi cok dusuk (2 farkli yil); fiyat araligi cok genis (max/min=3.0x); UI kataloginda secilebilir (kullanici gercekten bu araci secebilir). azaltici: dusuk fiyat etkisi (medyan 55,000 <= p25 esigi 320,000).",True,,2023-2026,0-0,"52,900-159,500"
Arora,Jaguar,3,3,2,2025.0,2026.0,0.0,0.0,0.0,55070.0,58680.0,78000.0,0.1575,0.3443,3,brand_model,theil_sen,arabam=3,3,0,True,True,CRITICAL,5,"3 gercek egitim kaydi (ham: 3). hierarchical_price destegi dusuk (n=3); model yili cesitliligi cok dusuk (2 farkli yil); UI kataloginda secilebilir (kullanici gercekten bu araci secebilir). azaltici: dusuk fiyat etkisi (medyan 58,680 <= p25 esigi 320,000).",True,,2025-2026,0-0,"55,070-78,000"
Audi,90 Serisi,3,3,2,1986.0,1990.0,180100.0,300000.0,445000.0,185000.0,360000.0,400000.0,0.2964,-0.992,3,brand_model,theil_sen,arabam=3,3,0,True,True,CRITICAL,5,"3 gercek egitim kaydi (ham: 3). hierarchical_price destegi dusuk (n=3); model yili cesitliligi cok dusuk (2 farkli yil); UI kataloginda secilebilir (kullanici gercekten bu araci secebilir). azaltici: cok eski model (max_year=1990), piyasada nadir - dusuk oncelik.",True,,1986-1990,"180,100-445,000","185,000-400,000"
Buick,Regal,3,3,3,1990.0,1993.0,95000.0,115000.0,130000.0,590000.0,900000.0,950000.0,0.1958,-0.684,3,brand_model,theil_sen,"arabam=2, kaggle=1",2,1,True,True,CRITICAL,5,"3 gercek egitim kaydi (ham: 3). hierarchical_price destegi dusuk (n=3); UI kataloginda secilebilir (kullanici gercekten bu araci secebilir). azaltici: cok eski model (max_year=1993), piyasada nadir - dusuk oncelik.",True,,1990-1993,"95,000-130,000","590,000-950,000"
Cadillac,SRX,3,3,1,2005.0,2005.0,162000.0,177500.0,192000.0,1550000.0,1640000.0,1750000.0,0.0497,,3,brand_model,median,arabam=3,3,0,True,True,CRITICAL,2,"3 gercek egitim kaydi (ham: 3). hierarchical_price destegi dusuk (n=3); model yili cesitliligi cok dusuk (1 farkli yil); UI kataloginda secilebilir (kullanici gercekten bu araci secebilir). azaltici: cok eski model (max_year=2005), piyasada nadir - dusuk oncelik.",False,tek model yili: yil ekseninde interpolasyon bolgesi yok; guvenli olmadigi icin onerilen sayi yariya indirildi (asil oneri 4 idi),2005-2005,"162,000-192,000","1,550,000-1,750,000"
Cadillac,Seville,3,3,3,1992.0,2001.0,79000.0,100000.0,287000.0,849750.0,2100000.0,3750000.0,0.5319,-0.5547,3,brand_model,theil_sen,"arabam=1, kaggle=2",1,2,True,True,CRITICAL,5,"3 gercek egitim kaydi (ham: 3). hierarchical_price destegi dusuk (n=3); fiyat araligi cok genis (max/min=4.4x); UI kataloginda secilebilir (kullanici gercekten bu araci secebilir). azaltici: cok eski model (max_year=2001), piyasada nadir - dusuk oncelik.",True,,1992-2001,"79,000-287,000","849,750-3,750,000"
Chery,Niche,3,3,2,2011.0,2012.0,78000.0,93000.0,205000.0,375000.0,535000.0,540000.0,0.1585,0.9997,3,brand_model,theil_sen,"arabam=1, kaggle=2",1,2,True,True,CRITICAL,9,3 gercek egitim kaydi (ham: 3). hierarchical_price destegi dusuk (n=3); model yili cesitliligi cok dusuk (2 farkli yil); UI kataloginda secilebilir (kullanici gercekten bu araci secebilir).,True,,2011-2012,"78,000-205,000","375,000-540,000"
Chrysler,Crossfire,3,3,2,2004.0,2006.0,174000.0,310000.0,320000.0,1200000.0,1250000.0,1375000.0,0.0577,-0.9564,3,brand_model,theil_sen,arabam=3,3,0,True,True,CRITICAL,5,"3 gercek egitim kaydi (ham: 3). hierarchical_price destegi dusuk (n=3); model yili cesitliligi cok dusuk (2 farkli yil); UI kataloginda secilebilir (kullanici gercekten bu araci secebilir). azaltici: cok eski model (max_year=2006), piyasada nadir - dusuk oncelik.",True,,2004-2006,"174,000-320,000","1,200,000-1,375,000"
Citroen,Evasion,3,3,2,2000.0,2003.0,318000.0,400000.0,430000.0,185000.0,220000.0,250000.0,0.1217,-0.0868,3,brand_model,theil_sen,"arabam=1, kaggle=2",1,2,True,True,CRITICAL,5,"3 gercek egitim kaydi (ham: 3). hierarchical_price destegi dusuk (n=3); model yili cesitliligi cok dusuk (2 farkli yil); UI kataloginda secilebilir (kullanici gercekten bu araci secebilir). azaltici: cok eski model (max_year=2003), piyasada nadir - dusuk oncelik; dusuk fiyat etkisi (medyan 220,000 <= p25 esigi 320,000).",True,,2000-2003,"318,000-430,000","185,000-250,000"
Citroen,XM,3,3,3,1994.0,1997.0,78500.0,303000.0,373000.0,420000.0,450000.0,1450000.0,0.6189,-0.7226,3,brand_model,theil_sen,arabam=3,3,0,True,True,CRITICAL,5,"3 gercek egitim kaydi (ham: 3). hierarchical_price destegi dusuk (n=3); fiyat araligi cok genis (max/min=3.5x); UI kataloginda secilebilir (kullanici gercekten bu araci secebilir). azaltici: cok eski model (max_year=1997), piyasada nadir - dusuk oncelik.",True,,1994-1997,"78,500-373,000","420,000-1,450,000"
Dodge,Caliber,3,3,1,2007.0,2007.0,168000.0,270000.0,378000.0,630000.0,649000.0,730000.0,0.0648,,3,brand_model,median,arabam=3,3,0,True,True,CRITICAL,2,"3 gercek egitim kaydi (ham: 3). hierarchical_price destegi dusuk (n=3); model yili cesitliligi cok dusuk (1 farkli yil); UI kataloginda secilebilir (kullanici gercekten bu araci secebilir). azaltici: cok eski model (max_year=2007), piyasada nadir - dusuk oncelik.",False,tek model yili: yil ekseninde interpolasyon bolgesi yok; guvenli olmadigi icin onerilen sayi yariya indirildi (asil oneri 4 idi),2007-2007,"168,000-378,000","630,000-730,000"
Ferrari,F8,3,3,1,2022.0,2022.0,9720.0,9720.0,16360.0,35250000.0,46500000.0,54500000.0,0.1739,,3,brand_model,median,"arabam=1, kaggle=2",1,2,True,True,CRITICAL,4,"3 gercek egitim kaydi (ham: 3). premium fiyat segmenti (medyan 46,500,000 >= p90 esigi 3,375,000); hierarchical_price destegi dusuk (n=3); model yili cesitliligi cok dusuk (1 farkli yil); UI kataloginda secilebilir (kullanici gercekten bu araci secebilir).",False,tek model yili: yil ekseninde interpolasyon bolgesi yok; guvenli olmadigi icin onerilen sayi yariya indirildi (asil oneri 8 idi),2022-2022,"9,720-16,360","35,250,000-54,500,000"
Ferrari,Roma,3,3,2,2021.0,2022.0,50.0,8000.0,18580.0,30000000.0,32750000.0,38000000.0,0.0988,-0.1473,3,brand_model,theil_sen,arabam=3,3,0,True,True,CRITICAL,9,"3 gercek egitim kaydi (ham: 3). premium fiyat segmenti (medyan 32,750,000 >= p90 esigi 3,375,000); hierarchical_price destegi dusuk (n=3); model yili cesitliligi cok dusuk (2 farkli yil); UI kataloginda secilebilir (kullanici gercekten bu araci secebilir).",True,,2021-2022,"50-18,580","30,000,000-38,000,000"
Ford,E-Transit,4,3,1,2022.0,2022.0,18000.0,30000.0,59000.0,1655000.0,1750000.0,1920000.0,0.0618,,3,brand_model,median,arabam=4,4,0,True,True,CRITICAL,4,3 gercek egitim kaydi (ham: 4). hierarchical_price destegi dusuk (n=3); model yili cesitliligi cok dusuk (1 farkli yil); UI kataloginda secilebilir (kullanici gercekten bu araci secebilir).,False,tek model yili: yil ekseninde interpolasyon bolgesi yok; guvenli olmadigi icin onerilen sayi yariya indirildi (asil oneri 8 idi),2022-2022,"18,000-59,000","1,655,000-1,920,000"
Ford,Taurus,3,3,1,1997.0,1997.0,245000.0,248000.0,285000.0,228500.0,465000.0,627500.0,0.372,,3,brand_model,median,"arabam=2, kaggle=1",2,1,True,True,CRITICAL,2,"3 gercek egitim kaydi (ham: 3). hierarchical_price destegi dusuk (n=3); model yili cesitliligi cok dusuk (1 farkli yil); UI kataloginda secilebilir (kullanici gercekten bu araci secebilir). azaltici: cok eski model (max_year=1997), piyasada nadir - dusuk oncelik.",False,tek model yili: yil ekseninde interpolasyon bolgesi yok; guvenli olmadigi icin onerilen sayi yariya indirildi (asil oneri 4 idi),1997-1997,"245,000-285,000","228,500-627,500"
Honda,Legend,3,3,3,1988.0,2007.0,156000.0,250000.0,411000.0,456000.0,950000.0,1500000.0,0.4402,0.3519,3,brand_model,theil_sen,"arabam=1, kaggle=2",1,2,True,True,CRITICAL,5,"3 gercek egitim kaydi (ham: 3). hierarchical_price destegi dusuk (n=3); fiyat araligi cok genis (max/min=3.3x); UI kataloginda secilebilir (kullanici gercekten bu araci secebilir). azaltici: cok eski model (max_year=2007), piyasada nadir - dusuk oncelik.",True,,1988-2007,"156,000-411,000","456,000-1,500,000"
Honda,Shuttle,3,3,2,1997.0,1999.0,215600.0,348845.0,379000.0,335000.0,478750.0,500000.0,0.1674,-0.9951,3,brand_model,theil_sen,"arabam=2, kaggle=1",2,1,True,True,CRITICAL,5,"3 gercek egitim kaydi (ham: 3). hierarchical_price destegi dusuk (n=3); model yili cesitliligi cok dusuk (2 farkli yil); UI kataloginda secilebilir (kullanici gercekten bu araci secebilir). azaltici: cok eski model (max_year=1999), piyasada nadir - dusuk oncelik.",True,,1997-1999,"215,600-379,000","335,000-500,000"
Hyundai,i40,3,3,1,2012.0,2012.0,155000.0,204000.0,311000.0,600000.0,730000.0,875000.0,0.1528,,3,brand_model,median,"arabam=2, kaggle=1",2,1,True,True,CRITICAL,4,3 gercek egitim kaydi (ham: 3). hierarchical_price destegi dusuk (n=3); model yili cesitliligi cok dusuk (1 farkli yil); UI kataloginda secilebilir (kullanici gercekten bu araci secebilir).,False,tek model yili: yil ekseninde interpolasyon bolgesi yok; guvenli olmadigi icin onerilen sayi yariya indirildi (asil oneri 8 idi),2012-2012,"155,000-311,000","600,000-875,000"
Infiniti,M,3,3,2,2011.0,2012.0,120000.0,129000.0,201000.0,1450000.0,1775000.0,1950000.0,0.1201,0.9506,3,brand_model,theil_sen,"arabam=1, kaggle=2",1,2,True,True,CRITICAL,9,3 gercek egitim kaydi (ham: 3). hierarchical_price destegi dusuk (n=3); model yili cesitliligi cok dusuk (2 farkli yil); UI kataloginda secilebilir (kullanici gercekten bu araci secebilir).,True,,2011-2012,"120,000-201,000","1,450,000-1,950,000"
Infiniti,Q50,3,3,2,2013.0,2016.0,150000.0,240000.0,290000.0,1325000.0,1399999.0,1950000.0,0.1788,-0.3816,3,brand_model,theil_sen,"arabam=2, kaggle=1",2,1,True,True,CRITICAL,9,3 gercek egitim kaydi (ham: 3). hierarchical_price destegi dusuk (n=3); model yili cesitliligi cok dusuk (2 farkli yil); UI kataloginda secilebilir (kullanici gercekten bu araci secebilir).,True,,2013-2016,"150,000-290,000","1,325,000-1,950,000"
Infiniti,i30,3,3,2,1996.0,2000.0,180000.0,230000.0,298000.0,225000.0,475000.0,515000.0,0.3168,-0.5747,3,brand_model,theil_sen,kaggle=3,0,3,True,True,CRITICAL,5,"3 gercek egitim kaydi (ham: 3). hierarchical_price destegi dusuk (n=3); model yili cesitliligi cok dusuk (2 farkli yil); UI kataloginda secilebilir (kullanici gercekten bu araci secebilir). azaltici: cok eski model (max_year=2000), piyasada nadir - dusuk oncelik.",True,,1996-2000,"180,000-298,000","225,000-515,000"
Jaguar,E-Pace,3,3,1,2023.0,2023.0,6001.0,8000.0,86000.0,2819000.0,3375000.0,3475000.0,0.0895,,3,brand_model,median,arabam=3,3,0,True,True,CRITICAL,4,"3 gercek egitim kaydi (ham: 3). premium fiyat segmenti (medyan 3,375,000 >= p90 esigi 3,375,000); hierarchical_price destegi dusuk (n=3); model yili cesitliligi cok dusuk (1 farkli yil); UI kataloginda secilebilir (kullanici gercekten bu araci secebilir).",False,tek model yili: yil ekseninde interpolasyon bolgesi yok; guvenli olmadigi icin onerilen sayi yariya indirildi (asil oneri 8 idi),2023-2023,"6,001-86,000","2,819,000-3,475,000"
Jaguar,XJR,3,3,2,1996.0,1997.0,187000.0,200000.0,265000.0,1025000.0,1050000.0,1399000.0,0.1474,-0.9976,3,brand_model,theil_sen,arabam=3,3,0,True,True,CRITICAL,5,"3 gercek egitim kaydi (ham: 3). hierarchical_price destegi dusuk (n=3); model yili cesitliligi cok dusuk (2 farkli yil); UI kataloginda secilebilir (kullanici gercekten bu araci secebilir). azaltici: cok eski model (max_year=1997), piyasada nadir - dusuk oncelik.",True,,1996-1997,"187,000-265,000","1,025,000-1,399,000"
Kuba,City,4,3,2,2023.0,2024.0,0.0,6001.0,10000.0,245000.0,249000.0,279999.0,0.0606,-0.4007,3,brand_model,theil_sen,"arabam=3, kaggle=1",3,1,True,True,CRITICAL,5,"3 gercek egitim kaydi (ham: 4). hierarchical_price destegi dusuk (n=3); model yili cesitliligi cok dusuk (2 farkli yil); UI kataloginda secilebilir (kullanici gercekten bu araci secebilir). azaltici: dusuk fiyat etkisi (medyan 249,000 <= p25 esigi 320,000).",True,,2023-2024,"0-10,000","245,000-279,999"
Lamborghini,Gallardo,3,3,2,2008.0,2012.0,29000.0,71450.0,97000.0,13250000.0,15950000.0,18750000.0,0.1405,-0.8851,3,brand_model,theil_sen,"arabam=2, kaggle=1",2,1,True,True,CRITICAL,9,"3 gercek egitim kaydi (ham: 3). premium fiyat segmenti (medyan 15,950,000 >= p90 esigi 3,375,000); hierarchical_price destegi dusuk (n=3); model yili cesitliligi cok dusuk (2 farkli yil); UI kataloginda secilebilir (kullanici gercekten bu araci secebilir).",True,,2008-2012,"29,000-97,000","13,250,000-18,750,000"
Lexus,RZ,3,3,1,2023.0,2023.0,6001.0,8400.0,21000.0,3850000.0,4200000.0,4275000.0,0.0451,,3,brand_model,median,arabam=3,3,0,True,True,CRITICAL,4,"3 gercek egitim kaydi (ham: 3). premium fiyat segmenti (medyan 4,200,000 >= p90 esigi 3,375,000); hierarchical_price destegi dusuk (n=3); model yili cesitliligi cok dusuk (1 farkli yil); UI kataloginda secilebilir (kullanici gercekten bu araci secebilir).",False,tek model yili: yil ekseninde interpolasyon bolgesi yok; guvenli olmadigi icin onerilen sayi yariya indirildi (asil oneri 8 idi),2023-2023,"6,001-21,000","3,850,000-4,275,000"
Mazda,E 2200,3,3,2,1998.0,2005.0,240000.0,295000.0,307000.0,150000.0,200000.0,230000.0,0.1707,0.9472,3,brand_model,theil_sen,arabam=3,3,0,True,True,CRITICAL,5,"3 gercek egitim kaydi (ham: 3). hierarchical_price destegi dusuk (n=3); model yili cesitliligi cok dusuk (2 farkli yil); UI kataloginda secilebilir (kullanici gercekten bu araci secebilir). azaltici: cok eski model (max_year=2005), piyasada nadir - dusuk oncelik; dusuk fiyat etkisi (medyan 200,000 <= p25 esigi 320,000).",True,,1998-2005,"240,000-307,000","150,000-230,000"
Mazda,Premacy,3,3,2,2000.0,2001.0,195000.0,200000.0,290000.0,335000.0,375000.0,415000.0,0.0871,0.0308,3,brand_model,theil_sen,"arabam=2, kaggle=1",2,1,True,True,CRITICAL,5,"3 gercek egitim kaydi (ham: 3). hierarchical_price destegi dusuk (n=3); model yili cesitliligi cok dusuk (2 farkli yil); UI kataloginda secilebilir (kullanici gercekten bu araci secebilir). azaltici: cok eski model (max_year=2001), piyasada nadir - dusuk oncelik.",True,,2000-2001,"195,000-290,000","335,000-415,000"
Mercedes - Benz,560,3,3,3,1987.0,1989.0,153765.0,175400.0,230000.0,3500000.0,3695000.0,3950000.0,0.0496,0.4475,3,brand_model,theil_sen,"arabam=2, kaggle=1",2,1,True,True,CRITICAL,5,"3 gercek egitim kaydi (ham: 3). premium fiyat segmenti (medyan 3,695,000 >= p90 esigi 3,375,000); hierarchical_price destegi dusuk (n=3); UI kataloginda secilebilir (kullanici gercekten bu araci secebilir). azaltici: cok eski model (max_year=1989), piyasada nadir - dusuk oncelik.",True,,1987-1989,"153,765-230,000","3,500,000-3,950,000"
Mercedes - Benz,GLS,5,3,2,2016.0,2017.0,156500.0,180000.0,291000.0,6450000.0,6700000.0,7250000.0,0.0491,-0.9478,3,brand_model,theil_sen,arabam=5,5,0,True,True,CRITICAL,9,"3 gercek egitim kaydi (ham: 5). premium fiyat segmenti (medyan 6,700,000 >= p90 esigi 3,375,000); hierarchical_price destegi dusuk (n=3); model yili cesitliligi cok dusuk (2 farkli yil); UI kataloginda secilebilir (kullanici gercekten bu araci secebilir).",True,,2016-2017,"156,500-291,000","6,450,000-7,250,000"
Milyon Moto,Kurye 680,3,3,1,2025.0,2025.0,0.0,0.0,0.0,29900.0,62000.0,65000.0,0.3038,,3,brand_model,median,arabam=3,3,0,True,True,CRITICAL,2,"3 gercek egitim kaydi (ham: 3). hierarchical_price destegi dusuk (n=3); model yili cesitliligi cok dusuk (1 farkli yil); UI kataloginda secilebilir (kullanici gercekten bu araci secebilir). azaltici: dusuk fiyat etkisi (medyan 62,000 <= p25 esigi 320,000).",False,tek model yili: yil ekseninde interpolasyon bolgesi yok; guvenli olmadigi icin onerilen sayi yariya indirildi (asil oneri 4 idi),2025-2025,0-0,"29,900-65,000"
Motolux,Fayton Fx 11,3,3,2,2024.0,2025.0,0.0,0.0,6001.0,63000.0,67000.0,78000.0,0.0915,-0.96,3,brand_model,theil_sen,arabam=3,3,0,True,True,CRITICAL,5,"3 gercek egitim kaydi (ham: 3). hierarchical_price destegi dusuk (n=3); model yili cesitliligi cok dusuk (2 farkli yil); UI kataloginda secilebilir (kullanici gercekten bu araci secebilir). azaltici: dusuk fiyat etkisi (medyan 67,000 <= p25 esigi 320,000).",True,,2024-2025,"0-6,001","63,000-78,000"
Nieve,Q-EN,3,3,1,2026.0,2026.0,0.0,0.0,0.0,442470.0,488000.0,488040.0,0.0454,,3,brand_model,median,arabam=3,3,0,True,True,CRITICAL,4,3 gercek egitim kaydi (ham: 3). hierarchical_price destegi dusuk (n=3); model yili cesitliligi cok dusuk (1 farkli yil); UI kataloginda secilebilir (kullanici gercekten bu araci secebilir).,False,tek model yili: yil ekseninde interpolasyon bolgesi yok; guvenli olmadigi icin onerilen sayi yariya indirildi (asil oneri 8 idi),2026-2026,0-0,"442,470-488,040"
Opel,Signum,3,3,2,2004.0,2005.0,198800.0,258000.0,370000.0,360000.0,458000.0,690000.0,0.2753,-0.7823,3,brand_model,theil_sen,"arabam=2, kaggle=1",2,1,True,True,CRITICAL,5,"3 gercek egitim kaydi (ham: 3). hierarchical_price destegi dusuk (n=3); model yili cesitliligi cok dusuk (2 farkli yil); UI kataloginda secilebilir (kullanici gercekten bu araci secebilir). azaltici: cok eski model (max_year=2005), piyasada nadir - dusuk oncelik.",True,,2004-2005,"198,800-370,000","360,000-690,000"
Peugeot,807,3,3,2,2003.0,2005.0,245000.0,259000.0,330000.0,265500.0,320000.0,550000.0,0.3257,-0.9691,3,brand_model,theil_sen,"arabam=2, kaggle=1",2,1,True,True,CRITICAL,5,"3 gercek egitim kaydi (ham: 3). hierarchical_price destegi dusuk (n=3); model yili cesitliligi cok dusuk (2 farkli yil); UI kataloginda secilebilir (kullanici gercekten bu araci secebilir). azaltici: cok eski model (max_year=2005), piyasada nadir - dusuk oncelik; dusuk fiyat etkisi (medyan 320,000 <= p25 esigi 320,000).",True,,2003-2005,"245,000-330,000","265,500-550,000"
Proton,420,3,3,2,1999.0,2000.0,158000.0,165000.0,300000.0,65000.0,100000.0,170000.0,0.3909,-0.8944,3,brand_model,theil_sen,"arabam=2, kaggle=1",2,1,True,True,CRITICAL,5,"3 gercek egitim kaydi (ham: 3). hierarchical_price destegi dusuk (n=3); model yili cesitliligi cok dusuk (2 farkli yil); UI kataloginda secilebilir (kullanici gercekten bu araci secebilir). azaltici: cok eski model (max_year=2000), piyasada nadir - dusuk oncelik; dusuk fiyat etkisi (medyan 100,000 <= p25 esigi 320,000).",True,,1999-2000,"158,000-300,000","65,000-170,000"
Rainwoll,RW10,4,3,1,2023.0,2023.0,12000.0,24250.0,51000.0,595000.0,779900.0,795000.0,0.1257,,3,brand_model,median,arabam=4,4,0,True,True,CRITICAL,4,3 gercek egitim kaydi (ham: 4). hierarchical_price destegi dusuk (n=3); model yili cesitliligi cok dusuk (1 farkli yil); UI kataloginda secilebilir (kullanici gercekten bu araci secebilir).,False,tek model yili: yil ekseninde interpolasyon bolgesi yok; guvenli olmadigi icin onerilen sayi yariya indirildi (asil oneri 8 idi),2023-2023,"12,000-51,000","595,000-795,000"
Renault,Kangoo E-tech,3,3,1,2023.0,2023.0,23000.0,30000.0,70000.0,1320000.0,1345000.0,1380000.0,0.0183,,3,brand_model,median,arabam=3,3,0,True,True,CRITICAL,4,3 gercek egitim kaydi (ham: 3). hierarchical_price destegi dusuk (n=3); model yili cesitliligi cok dusuk (1 farkli yil); UI kataloginda secilebilir (kullanici gercekten bu araci secebilir).,False,tek model yili: yil ekseninde interpolasyon bolgesi yok; guvenli olmadigi icin onerilen sayi yariya indirildi (asil oneri 8 idi),2023-2023,"23,000-70,000","1,320,000-1,380,000"
Rover,820,3,3,3,1995.0,1998.0,225000.0,236000.0,285000.0,220000.0,295000.0,299937.0,0.1346,0.9594,3,brand_model,theil_sen,"arabam=2, kaggle=1",2,1,True,True,CRITICAL,5,"3 gercek egitim kaydi (ham: 3). hierarchical_price destegi dusuk (n=3); UI kataloginda secilebilir (kullanici gercekten bu araci secebilir). azaltici: cok eski model (max_year=1998), piyasada nadir - dusuk oncelik; dusuk fiyat etkisi (medyan 295,000 <= p25 esigi 320,000).",True,,1995-1998,"225,000-285,000","220,000-299,937"
Skoda,Enyaq,3,3,1,2025.0,2025.0,8500.0,21000.0,42030.0,2480000.0,2574900.0,2619000.0,0.0227,,3,brand_model,median,arabam=3,3,0,True,True,CRITICAL,4,3 gercek egitim kaydi (ham: 3). hierarchical_price destegi dusuk (n=3); model yili cesitliligi cok dusuk (1 farkli yil); UI kataloginda secilebilir (kullanici gercekten bu araci secebilir).,False,tek model yili: yil ekseninde interpolasyon bolgesi yok; guvenli olmadigi icin onerilen sayi yariya indirildi (asil oneri 8 idi),2025-2025,"8,500-42,030","2,480,000-2,619,000"
Stmax,Elit 2000,3,3,3,2024.0,2026.0,0.0,0.0,0.0,99900.0,112500.0,119900.0,0.0745,-0.6412,3,brand_model,theil_sen,arabam=3,3,0,True,True,CRITICAL,5,"3 gercek egitim kaydi (ham: 3). hierarchical_price destegi dusuk (n=3); UI kataloginda secilebilir (kullanici gercekten bu araci secebilir). azaltici: dusuk fiyat etkisi (medyan 112,500 <= p25 esigi 320,000).",True,,2024-2026,0-0,"99,900-119,900"
Subaru,Crosstrek,3,3,2,2023.0,2024.0,32000.0,74500.0,105000.0,2199999.0,2215000.0,2650000.0,0.0886,-0.9995,3,brand_model,theil_sen,arabam=3,3,0,True,True,CRITICAL,9,3 gercek egitim kaydi (ham: 3). hierarchical_price destegi dusuk (n=3); model yili cesitliligi cok dusuk (2 farkli yil); UI kataloginda secilebilir (kullanici gercekten bu araci secebilir).,True,,2023-2024,"32,000-105,000","2,199,999-2,650,000"
Toyota,Celica,3,3,2,1991.0,1992.0,173000.0,240000.0,394000.0,650000.0,750000.0,835000.0,0.1015,0.822,3,brand_model,theil_sen,arabam=3,3,0,True,True,CRITICAL,5,"3 gercek egitim kaydi (ham: 3). hierarchical_price destegi dusuk (n=3); model yili cesitliligi cok dusuk (2 farkli yil); UI kataloginda secilebilir (kullanici gercekten bu araci secebilir). azaltici: cok eski model (max_year=1992), piyasada nadir - dusuk oncelik.",True,,1991-1992,"173,000-394,000","650,000-835,000"
Volkswagen,ID. Buzz,3,3,1,2024.0,2024.0,15500.0,30000.0,31000.0,2225000.0,2975000.0,2990000.0,0.1308,,3,brand_model,median,arabam=3,3,0,True,True,CRITICAL,4,3 gercek egitim kaydi (ham: 3). hierarchical_price destegi dusuk (n=3); model yili cesitliligi cok dusuk (1 farkli yil); UI kataloginda secilebilir (kullanici gercekten bu araci secebilir).,False,tek model yili: yil ekseninde interpolasyon bolgesi yok; guvenli olmadigi icin onerilen sayi yariya indirildi (asil oneri 8 idi),2024-2024,"15,500-31,000","2,225,000-2,990,000"
Volkswagen,Phaeton,3,3,3,2005.0,2009.0,122000.0,177000.0,178000.0,1849000.0,2500000.0,2850000.0,0.1728,-0.0187,3,brand_model,theil_sen,arabam=3,3,0,True,True,CRITICAL,5,"3 gercek egitim kaydi (ham: 3). hierarchical_price destegi dusuk (n=3); UI kataloginda secilebilir (kullanici gercekten bu araci secebilir). azaltici: cok eski model (max_year=2009), piyasada nadir - dusuk oncelik.",True,,2005-2009,"122,000-178,000","1,849,000-2,850,000"
Volta,VS2,3,3,3,2024.0,2026.0,0.0,6000.0,6001.0,36500.0,37500.0,38900.0,0.0262,-0.9962,3,brand_model,theil_sen,arabam=3,3,0,True,True,CRITICAL,5,"3 gercek egitim kaydi (ham: 3). hierarchical_price destegi dusuk (n=3); UI kataloginda secilebilir (kullanici gercekten bu araci secebilir). azaltici: dusuk fiyat etkisi (medyan 37,500 <= p25 esigi 320,000).",True,,2024-2026,"0-6,001","36,500-38,900"
Alfa Romeo,33,4,4,2,1990.0,1991.0,45000.0,154500.0,210000.0,78500.0,114999.5,715000.0,1.0384,0.3307,4,brand_model,theil_sen,"arabam=1, kaggle=3",1,3,True,True,CRITICAL,2,"4 gercek egitim kaydi (ham: 4). hierarchical_price destegi dusuk (n=4); model yili cesitliligi cok dusuk (2 farkli yil); fiyat araligi cok genis (max/min=9.1x); UI kataloginda secilebilir (kullanici gercekten bu araci secebilir). azaltici: cok eski model (max_year=1991), piyasada nadir - dusuk oncelik; dusuk fiyat etkisi (medyan 115,000 <= p25 esigi 320,000).",False,fiyat varyasyonu asiri yuksek (cv=1.04>0.85) ve yasla aciklanamiyor (corr=0.3307) - veri ici tutarsizlik supheli; guvenli olmadigi icin onerilen sayi yariya indirildi (asil oneri 4 idi),1990-1991,"45,000-210,000","78,500-715,000"
Chery,Chance,4,4,1,2011.0,2011.0,110000.0,117000.0,285300.0,245000.0,332500.0,400000.0,0.1702,,4,brand_model,median,"arabam=3, kaggle=1",3,1,True,True,CRITICAL,4,4 gercek egitim kaydi (ham: 4). hierarchical_price destegi dusuk (n=4); model yili cesitliligi cok dusuk (1 farkli yil); UI kataloginda secilebilir (kullanici gercekten bu araci secebilir).,False,tek model yili: yil ekseninde interpolasyon bolgesi yok; guvenli olmadigi icin onerilen sayi yariya indirildi (asil oneri 8 idi),2011-2011,"110,000-285,300","245,000-400,000"
Chevrolet,Corvette,24,4,3,1991.0,2000.0,99042.0,151750.0,201000.0,670000.0,863500.0,2500000.0,0.6071,0.1977,4,brand_model,theil_sen,"arabam=11, kaggle=13",11,13,True,True,CRITICAL,4,4 gercek egitim kaydi (ham: 24). hierarchical_price destegi dusuk (n=4); fiyat araligi cok genis (max/min=3.7x); UI kataloginda secilebilir (kullanici gercekten bu araci secebilir). azaltici: zaten yeterli GUNCEL gercek ornek (arabam=11).,True,,1991-2000,"99,042-201,000","670,000-2,500,000"
Citroen,C8,4,4,3,2003.0,2005.0,285000.0,343500.0,372000.0,200000.0,465000.0,490000.0,0.2935,-0.2193,4,brand_model,theil_sen,"arabam=2, kaggle=2",2,2,True,True,CRITICAL,4,"4 gercek egitim kaydi (ham: 4). hierarchical_price destegi dusuk (n=4); UI kataloginda secilebilir (kullanici gercekten bu araci secebilir). azaltici: cok eski model (max_year=2005), piyasada nadir - dusuk oncelik.",True,,2003-2005,"285,000-372,000","200,000-490,000"
Cupra,Born,4,4,1,2024.0,2024.0,6670.0,10650.0,20000.0,1769750.0,1920000.0,2250000.0,0.09,,4,brand_model,median,"arabam=3, kaggle=1",3,1,True,True,CRITICAL,4,4 gercek egitim kaydi (ham: 4). hierarchical_price destegi dusuk (n=4); model yili cesitliligi cok dusuk (1 farkli yil); UI kataloginda secilebilir (kullanici gercekten bu araci secebilir).,False,tek model yili: yil ekseninde interpolasyon bolgesi yok; guvenli olmadigi icin onerilen sayi yariya indirildi (asil oneri 8 idi),2024-2024,"6,670-20,000","1,769,750-2,250,000"
DS Automobiles,DS 3 Crossback,4,4,4,2018.0,2021.0,80000.0,136000.0,169000.0,1385000.0,1781200.0,2165000.0,0.1555,-0.6342,4,brand_model,theil_sen,arabam=4,4,0,True,True,CRITICAL,8,4 gercek egitim kaydi (ham: 4). hierarchical_price destegi dusuk (n=4); UI kataloginda secilebilir (kullanici gercekten bu araci secebilir).,True,,2018-2021,"80,000-169,000","1,385,000-2,165,000"
Dodge,Ram,5,4,3,2004.0,2025.0,0.0,23250.5,225000.0,2850000.0,6375000.0,7850000.0,0.3312,-0.9876,4,brand_model,theil_sen,arabam=5,5,0,True,True,CRITICAL,8,"4 gercek egitim kaydi (ham: 5). premium fiyat segmenti (medyan 6,375,000 >= p90 esigi 3,375,000); hierarchical_price destegi dusuk (n=4); UI kataloginda secilebilir (kullanici gercekten bu araci secebilir).",True,,2004-2025,"0-225,000","2,850,000-7,850,000"
Falcon,Active 1200,5,4,3,2024.0,2026.0,0.0,0.0,0.0,50000.0,91000.0,115000.0,0.3192,-0.506,4,brand_model,theil_sen,arabam=5,5,0,True,True,CRITICAL,4,"4 gercek egitim kaydi (ham: 5). hierarchical_price destegi dusuk (n=4); UI kataloginda secilebilir (kullanici gercekten bu araci secebilir). azaltici: dusuk fiyat etkisi (medyan 91,000 <= p25 esigi 320,000).",True,,2024-2026,0-0,"50,000-115,000"
Ferrari,430,4,4,2,2008.0,2009.0,23434.0,51750.0,59800.0,7850000.0,13225000.0,16250000.0,0.2713,-0.4816,4,brand_model,theil_sen,"arabam=1, kaggle=3",1,3,True,True,CRITICAL,4,"4 gercek egitim kaydi (ham: 4). premium fiyat segmenti (medyan 13,225,000 >= p90 esigi 3,375,000); hierarchical_price destegi dusuk (n=4); model yili cesitliligi cok dusuk (2 farkli yil); UI kataloginda secilebilir (kullanici gercekten bu araci secebilir). azaltici: cok eski model (max_year=2009), piyasada nadir - dusuk oncelik.",True,,2008-2009,"23,434-59,800","7,850,000-16,250,000"
Ferrari,California,4,4,2,2010.0,2011.0,42012.0,74950.0,77800.0,8365000.0,10370000.0,11500000.0,0.1162,-0.8946,4,brand_model,theil_sen,"arabam=1, kaggle=3",1,3,True,True,CRITICAL,8,"4 gercek egitim kaydi (ham: 4). premium fiyat segmenti (medyan 10,370,000 >= p90 esigi 3,375,000); hierarchical_price destegi dusuk (n=4); model yili cesitliligi cok dusuk (2 farkli yil); UI kataloginda secilebilir (kullanici gercekten bu araci secebilir).",True,,2010-2011,"42,012-77,800","8,365,000-11,500,000"
Honda,CR-Z,4,4,2,2011.0,2012.0,71500.0,206000.0,275000.0,500000.0,600000.0,800000.0,0.1752,-0.7684,4,brand_model,theil_sen,"arabam=2, kaggle=2",2,2,True,True,CRITICAL,8,4 gercek egitim kaydi (ham: 4). hierarchical_price destegi dusuk (n=4); model yili cesitliligi cok dusuk (2 farkli yil); UI kataloginda secilebilir (kullanici gercekten bu araci secebilir).,True,,2011-2012,"71,500-275,000","500,000-800,000"
Honda,S2000,13,4,1,2005.0,2005.0,130000.0,157000.0,168000.0,2175000.0,2315000.0,2375000.0,0.0338,,4,brand_model,median,"arabam=9, kaggle=4",9,4,True,True,CRITICAL,4,4 gercek egitim kaydi (ham: 13). hierarchical_price destegi dusuk (n=4); model yili cesitliligi cok dusuk (1 farkli yil); UI kataloginda secilebilir (kullanici gercekten bu araci secebilir).,False,tek model yili: yil ekseninde interpolasyon bolgesi yok; guvenli olmadigi icin onerilen sayi yariya indirildi (asil oneri 8 idi),2005-2005,"130,000-168,000","2,175,000-2,375,000"
Hyundai,Genesis,4,4,2,2010.0,2011.0,110773.0,166500.0,185000.0,980000.0,1142500.0,1250000.0,0.0895,0.8701,4,brand_model,theil_sen,"arabam=3, kaggle=1",3,1,True,True,CRITICAL,8,4 gercek egitim kaydi (ham: 4). hierarchical_price destegi dusuk (n=4); model yili cesitliligi cok dusuk (2 farkli yil); UI kataloginda secilebilir (kullanici gercekten bu araci secebilir).,True,,2010-2011,"110,773-185,000","980,000-1,250,000"
Jaguar,Daimler,4,4,3,1992.0,1998.0,155000.0,235000.0,313000.0,800000.0,1167500.0,1750000.0,0.2817,-0.0164,4,brand_model,theil_sen,kaggle=4,0,4,True,True,CRITICAL,4,"4 gercek egitim kaydi (ham: 4). hierarchical_price destegi dusuk (n=4); UI kataloginda secilebilir (kullanici gercekten bu araci secebilir). azaltici: cok eski model (max_year=1998), piyasada nadir - dusuk oncelik.",True,,1992-1998,"155,000-313,000","800,000-1,750,000"
Jaguar,Sovereign,4,4,3,1988.0,1995.0,145000.0,266000.0,285000.0,585000.0,1375000.0,1650000.0,0.3271,-0.5022,4,brand_model,theil_sen,"arabam=3, kaggle=1",3,1,True,True,CRITICAL,4,"4 gercek egitim kaydi (ham: 4). hierarchical_price destegi dusuk (n=4); UI kataloginda secilebilir (kullanici gercekten bu araci secebilir). azaltici: cok eski model (max_year=1995), piyasada nadir - dusuk oncelik.",True,,1988-1995,"145,000-285,000","585,000-1,650,000"
Kimmi,Triporter,4,4,2,2025.0,2026.0,0.0,0.0,0.0,123000.0,129900.0,139000.0,0.0513,-0.4752,4,brand_model,theil_sen,arabam=4,4,0,True,True,CRITICAL,4,"4 gercek egitim kaydi (ham: 4). hierarchical_price destegi dusuk (n=4); model yili cesitliligi cok dusuk (2 farkli yil); UI kataloginda secilebilir (kullanici gercekten bu araci secebilir). azaltici: dusuk fiyat etkisi (medyan 129,900 <= p25 esigi 320,000).",True,,2025-2026,0-0,"123,000-139,000"
Mazda,5,4,4,4,2006.0,2013.0,175000.0,255650.0,275000.0,534750.0,677500.0,750000.0,0.1268,-0.9349,4,brand_model,theil_sen,"arabam=2, kaggle=2",2,2,True,True,CRITICAL,8,4 gercek egitim kaydi (ham: 4). hierarchical_price destegi dusuk (n=4); UI kataloginda secilebilir (kullanici gercekten bu araci secebilir).,True,,2006-2013,"175,000-275,000","534,750-750,000"
Mazda,MX,12,4,4,1990.0,2018.0,72000.0,104000.0,152000.0,1199000.0,1325000.0,1420000.0,0.0654,0.2857,4,brand_model,theil_sen,"arabam=7, kaggle=5",7,5,True,True,CRITICAL,8,4 gercek egitim kaydi (ham: 12). hierarchical_price destegi dusuk (n=4); UI kataloginda secilebilir (kullanici gercekten bu araci secebilir).,True,,1990-2018,"72,000-152,000","1,199,000-1,420,000"
Mazda,Xedos,4,4,2,1997.0,1998.0,195000.0,286000.0,330000.0,365000.0,425000.0,1200000.0,0.5731,0.5341,4,brand_model,theil_sen,"arabam=1, kaggle=3",1,3,True,True,CRITICAL,4,"4 gercek egitim kaydi (ham: 4). hierarchical_price destegi dusuk (n=4); model yili cesitliligi cok dusuk (2 farkli yil); fiyat araligi cok genis (max/min=3.3x); UI kataloginda secilebilir (kullanici gercekten bu araci secebilir). azaltici: cok eski model (max_year=1998), piyasada nadir - dusuk oncelik.",True,,1997-1998,"195,000-330,000","365,000-1,200,000"
Mitsubishi,Space Wagon,4,4,2,1996.0,1998.0,400000.0,440000.0,500000.0,130000.0,230000.0,461000.0,0.5285,-0.3791,4,brand_model,theil_sen,"arabam=1, kaggle=3",1,3,True,True,CRITICAL,4,"4 gercek egitim kaydi (ham: 4). hierarchical_price destegi dusuk (n=4); model yili cesitliligi cok dusuk (2 farkli yil); fiyat araligi cok genis (max/min=3.5x); UI kataloginda secilebilir (kullanici gercekten bu araci secebilir). azaltici: cok eski model (max_year=1998), piyasada nadir - dusuk oncelik; dusuk fiyat etkisi (medyan 230,000 <= p25 esigi 320,000).",True,,1996-1998,"400,000-500,000","130,000-461,000"
Nieve,Evzoom,5,4,1,2023.0,2023.0,17000.0,21500.0,34000.0,1150000.0,1250000.0,1253000.0,0.0357,,4,brand_model,median,"arabam=2, kaggle=3",2,3,True,True,CRITICAL,4,4 gercek egitim kaydi (ham: 5). hierarchical_price destegi dusuk (n=4); model yili cesitliligi cok dusuk (1 farkli yil); UI kataloginda secilebilir (kullanici gercekten bu araci secebilir).,False,tek model yili: yil ekseninde interpolasyon bolgesi yok; guvenli olmadigi icin onerilen sayi yariya indirildi (asil oneri 8 idi),2023-2023,"17,000-34,000","1,150,000-1,253,000"
Nissan,Rally Raid,4,4,2,2005.0,2006.0,365000.0,445125.0,589000.0,400000.0,475000.0,630000.0,0.2002,0.5603,4,brand_model,theil_sen,arabam=4,4,0,True,True,CRITICAL,4,"4 gercek egitim kaydi (ham: 4). hierarchical_price destegi dusuk (n=4); model yili cesitliligi cok dusuk (2 farkli yil); UI kataloginda secilebilir (kullanici gercekten bu araci secebilir). azaltici: cok eski model (max_year=2006), piyasada nadir - dusuk oncelik.",True,,2005-2006,"365,000-589,000","400,000-630,000"
Ortimobil,Omobil,4,4,1,2026.0,2026.0,0.0,0.0,0.0,825000.0,920000.0,945000.0,0.0545,,4,brand_model,median,arabam=4,4,0,True,True,CRITICAL,4,4 gercek egitim kaydi (ham: 4). hierarchical_price destegi dusuk (n=4); model yili cesitliligi cok dusuk (1 farkli yil); UI kataloginda secilebilir (kullanici gercekten bu araci secebilir).,False,tek model yili: yil ekseninde interpolasyon bolgesi yok; guvenli olmadigi icin onerilen sayi yariya indirildi (asil oneri 8 idi),2026-2026,0-0,"825,000-945,000"
Pontiac,Firebird,5,4,2,1994.0,1997.0,98000.0,101021.0,105000.0,2250000.0,2450000.0,3000000.0,0.1135,0.9125,4,brand_model,theil_sen,"arabam=3, kaggle=2",3,2,True,True,CRITICAL,4,"4 gercek egitim kaydi (ham: 5). hierarchical_price destegi dusuk (n=4); model yili cesitliligi cok dusuk (2 farkli yil); UI kataloginda secilebilir (kullanici gercekten bu araci secebilir). azaltici: cok eski model (max_year=1997), piyasada nadir - dusuk oncelik.",True,,1994-1997,"98,000-105,000","2,250,000-3,000,000"
Renault,Twizy,4,4,4,2013.0,2018.0,12000.0,27415.5,43000.0,365000.0,377450.0,480000.0,0.1183,0.3258,4,brand_model,theil_sen,"arabam=2, kaggle=2",2,2,True,True,CRITICAL,8,4 gercek egitim kaydi (ham: 4). hierarchical_price destegi dusuk (n=4); UI kataloginda secilebilir (kullanici gercekten bu araci secebilir).,True,,2013-2018,"12,000-43,000","365,000-480,000"
Rolls-Royce,Spectre,4,4,2,2023.0,2024.0,6001.0,6155.5,12000.0,35500000.0,37875000.0,40500000.0,0.0494,-0.7623,4,brand_model,theil_sen,"arabam=2, kaggle=2",2,2,True,True,CRITICAL,8,"4 gercek egitim kaydi (ham: 4). premium fiyat segmenti (medyan 37,875,000 >= p90 esigi 3,375,000); hierarchical_price destegi dusuk (n=4); model yili cesitliligi cok dusuk (2 farkli yil); UI kataloginda secilebilir (kullanici gercekten bu araci secebilir).",True,,2023-2024,"6,001-12,000","35,500,000-40,500,000"
SFM,Ihlara SF 400,5,4,1,2025.0,2025.0,0.0,0.0,6001.0,92000.0,112500.0,120000.0,0.0967,,4,brand_model,median,arabam=5,5,0,True,True,CRITICAL,2,"4 gercek egitim kaydi (ham: 5). hierarchical_price destegi dusuk (n=4); model yili cesitliligi cok dusuk (1 farkli yil); UI kataloginda secilebilir (kullanici gercekten bu araci secebilir). azaltici: dusuk fiyat etkisi (medyan 112,500 <= p25 esigi 320,000).",False,tek model yili: yil ekseninde interpolasyon bolgesi yok; guvenli olmadigi icin onerilen sayi yariya indirildi (asil oneri 4 idi),2025-2025,"0-6,001","92,000-120,000"
Saab,9-5,4,4,4,1998.0,2006.0,274500.0,339750.0,490000.0,300000.0,395000.0,615000.0,0.2715,-0.6026,4,brand_model,theil_sen,arabam=4,4,0,True,True,CRITICAL,4,"4 gercek egitim kaydi (ham: 4). hierarchical_price destegi dusuk (n=4); UI kataloginda secilebilir (kullanici gercekten bu araci secebilir). azaltici: cok eski model (max_year=2006), piyasada nadir - dusuk oncelik.",True,,1998-2006,"274,500-490,000","300,000-615,000"
Subaru,BRZ,4,4,3,2012.0,2016.0,64900.0,105000.0,128000.0,1297500.0,1899500.0,2950000.0,0.3204,0.3647,4,brand_model,theil_sen,"arabam=2, kaggle=2",2,2,True,True,CRITICAL,8,4 gercek egitim kaydi (ham: 4). hierarchical_price destegi dusuk (n=4); UI kataloginda secilebilir (kullanici gercekten bu araci secebilir).,True,,2012-2016,"64,900-128,000","1,297,500-2,950,000"
Tesla,Model S,6,4,1,2017.0,2017.0,34000.0,110500.0,160000.0,2490000.0,2762500.0,2850000.0,0.05,,4,brand_model,median,"arabam=1, kaggle=5",1,5,True,True,CRITICAL,4,4 gercek egitim kaydi (ham: 6). hierarchical_price destegi dusuk (n=4); model yili cesitliligi cok dusuk (1 farkli yil); UI kataloginda secilebilir (kullanici gercekten bu araci secebilir).,False,tek model yili: yil ekseninde interpolasyon bolgesi yok; guvenli olmadigi icin onerilen sayi yariya indirildi (asil oneri 8 idi),2017-2017,"34,000-160,000","2,490,000-2,850,000"
Toyota,Urban Cruiser,4,4,1,2010.0,2010.0,124000.0,267750.0,415000.0,478000.0,612450.0,800000.0,0.1832,,4,brand_model,median,"arabam=3, kaggle=1",3,1,True,True,CRITICAL,2,"4 gercek egitim kaydi (ham: 4). hierarchical_price destegi dusuk (n=4); model yili cesitliligi cok dusuk (1 farkli yil); UI kataloginda secilebilir (kullanici gercekten bu araci secebilir). azaltici: cok eski model (max_year=2010), piyasada nadir - dusuk oncelik.",False,tek model yili: yil ekseninde interpolasyon bolgesi yok; guvenli olmadigi icin onerilen sayi yariya indirildi (asil oneri 4 idi),2010-2010,"124,000-415,000","478,000-800,000"
Volkswagen,Lupo,4,4,2,2001.0,2003.0,229000.0,243500.0,278000.0,250000.0,272500.0,380000.0,0.1807,-0.0656,4,brand_model,theil_sen,arabam=4,4,0,True,True,CRITICAL,4,"4 gercek egitim kaydi (ham: 4). hierarchical_price destegi dusuk (n=4); model yili cesitliligi cok dusuk (2 farkli yil); UI kataloginda secilebilir (kullanici gercekten bu araci secebilir). azaltici: cok eski model (max_year=2003), piyasada nadir - dusuk oncelik; dusuk fiyat etkisi (medyan 272,500 <= p25 esigi 320,000).",True,,2001-2003,"229,000-278,000","250,000-380,000"
Volvo,960,4,4,1,1996.0,1996.0,82000.0,290000.0,390000.0,140000.0,404500.0,500000.0,0.3852,,4,brand_model,median,"arabam=2, kaggle=2",2,2,True,True,CRITICAL,2,"4 gercek egitim kaydi (ham: 4). hierarchical_price destegi dusuk (n=4); model yili cesitliligi cok dusuk (1 farkli yil); fiyat araligi cok genis (max/min=3.6x); UI kataloginda secilebilir (kullanici gercekten bu araci secebilir). azaltici: cok eski model (max_year=1996), piyasada nadir - dusuk oncelik.",False,tek model yili: yil ekseninde interpolasyon bolgesi yok; guvenli olmadigi icin onerilen sayi yariya indirildi (asil oneri 4 idi),1996-1996,"82,000-390,000","140,000-500,000"
Volvo,XC70,4,4,4,2001.0,2011.0,275000.0,368750.0,403000.0,400000.0,852500.0,1365000.0,0.4269,-0.995,4,brand_model,theil_sen,arabam=4,4,0,True,True,CRITICAL,8,4 gercek egitim kaydi (ham: 4). hierarchical_price destegi dusuk (n=4); fiyat araligi cok genis (max/min=3.4x); UI kataloginda secilebilir (kullanici gercekten bu araci secebilir).,True,,2001-2011,"275,000-403,000","400,000-1,365,000"
Yuki,Hector,4,4,3,2023.0,2026.0,0.0,3025.0,9000.0,295000.0,422500.0,498780.0,0.1811,-0.9733,4,brand_model,theil_sen,arabam=4,4,0,True,True,CRITICAL,8,4 gercek egitim kaydi (ham: 4). hierarchical_price destegi dusuk (n=4); UI kataloginda secilebilir (kullanici gercekten bu araci secebilir).,True,,2023-2026,"0-9,000","295,000-498,780"
Alfa Romeo,GT,5,5,3,2006.0,2008.0,111000.0,200000.0,270000.0,475000.0,580000.0,700000.0,0.1397,0.9236,5,brand_model,theil_sen,"arabam=3, kaggle=2",3,2,True,True,CRITICAL,6,"5 gercek egitim kaydi (ham: 5). hierarchical_price destegi dusuk (n=5); UI kataloginda secilebilir (kullanici gercekten bu araci secebilir). azaltici: cok eski model (max_year=2008), piyasada nadir - dusuk oncelik.",True,,2006-2008,"111,000-270,000","475,000-700,000"
Apec,APM2,5,5,1,2026.0,2026.0,0.0,0.0,6000.0,55000.0,61900.0,61900.0,0.0456,,5,brand_model,median,arabam=5,5,0,True,True,CRITICAL,3,"5 gercek egitim kaydi (ham: 5). hierarchical_price destegi dusuk (n=5); model yili cesitliligi cok dusuk (1 farkli yil); UI kataloginda secilebilir (kullanici gercekten bu araci secebilir). azaltici: dusuk fiyat etkisi (medyan 61,900 <= p25 esigi 320,000).",False,tek model yili: yil ekseninde interpolasyon bolgesi yok; guvenli olmadigi icin onerilen sayi yariya indirildi (asil oneri 6 idi),2026-2026,"0-6,000","55,000-61,900"
Audi,Q4 Sportback,5,5,2,2024.0,2025.0,17000.0,29000.0,40000.0,3170000.0,3299000.0,3840000.0,0.0715,0.4992,5,brand_model,theil_sen,arabam=5,5,0,True,True,CRITICAL,10,5 gercek egitim kaydi (ham: 5). hierarchical_price destegi dusuk (n=5); model yili cesitliligi cok dusuk (2 farkli yil); UI kataloginda secilebilir (kullanici gercekten bu araci secebilir).,True,,2024-2025,"17,000-40,000","3,170,000-3,840,000"
Chevrolet,Blazer,5,5,5,1990.0,2005.0,176000.0,360903.0,513000.0,450008.0,585000.0,945000.0,0.2889,0.7157,5,brand_model,theil_sen,arabam=5,5,0,True,True,CRITICAL,6,"5 gercek egitim kaydi (ham: 5). hierarchical_price destegi dusuk (n=5); UI kataloginda secilebilir (kullanici gercekten bu araci secebilir). azaltici: cok eski model (max_year=2005), piyasada nadir - dusuk oncelik.",True,,1990-2005,"176,000-513,000","450,008-945,000"
Chevrolet,Tahoe,6,5,3,1995.0,1997.0,177500.0,211000.0,277353.0,799000.0,1175000.0,2000000.0,0.3176,-0.4963,5,brand_model,theil_sen,arabam=6,6,0,True,True,CRITICAL,10,5 gercek egitim kaydi (ham: 6). hierarchical_price destegi dusuk (n=5); UI kataloginda secilebilir (kullanici gercekten bu araci secebilir).,True,,1995-1997,"177,500-277,353","799,000-2,000,000"
Chrysler,Concorde,5,5,3,1995.0,1997.0,113900.0,283000.0,365000.0,190000.0,475000.0,850000.0,0.5018,-0.0696,5,brand_model,theil_sen,"arabam=4, kaggle=1",4,1,True,True,CRITICAL,6,"5 gercek egitim kaydi (ham: 5). hierarchical_price destegi dusuk (n=5); fiyat araligi cok genis (max/min=4.5x); UI kataloginda secilebilir (kullanici gercekten bu araci secebilir). azaltici: cok eski model (max_year=1997), piyasada nadir - dusuk oncelik.",True,,1995-1997,"113,900-365,000","190,000-850,000"
Chrysler,Neon,5,5,3,1995.0,2001.0,128506.0,205000.0,270000.0,99500.0,199000.0,485000.0,0.5323,-0.8705,5,brand_model,theil_sen,"arabam=3, kaggle=2",3,2,True,True,CRITICAL,6,"5 gercek egitim kaydi (ham: 5). hierarchical_price destegi dusuk (n=5); fiyat araligi cok genis (max/min=4.9x); UI kataloginda secilebilir (kullanici gercekten bu araci secebilir). azaltici: cok eski model (max_year=2001), piyasada nadir - dusuk oncelik; dusuk fiyat etkisi (medyan 199,000 <= p25 esigi 320,000).",True,,1995-2001,"128,506-270,000","99,500-485,000"
Daihatsu,Move,5,5,1,1998.0,1998.0,244000.0,268500.0,283000.0,220000.0,232000.0,299000.0,0.1189,,5,brand_model,median,"arabam=1, kaggle=4",1,4,True,True,CRITICAL,3,"5 gercek egitim kaydi (ham: 5). hierarchical_price destegi dusuk (n=5); model yili cesitliligi cok dusuk (1 farkli yil); UI kataloginda secilebilir (kullanici gercekten bu araci secebilir). azaltici: cok eski model (max_year=1998), piyasada nadir - dusuk oncelik; dusuk fiyat etkisi (medyan 232,000 <= p25 esigi 320,000).",False,tek model yili: yil ekseninde interpolasyon bolgesi yok; guvenli olmadigi icin onerilen sayi yariya indirildi (asil oneri 6 idi),1998-1998,"244,000-283,000","220,000-299,000"
Dodge,Journey,5,5,3,2009.0,2011.0,261000.0,285134.0,300000.0,580000.0,780000.0,1550000.0,0.3755,-0.2316,5,brand_model,theil_sen,arabam=5,5,0,True,True,CRITICAL,10,5 gercek egitim kaydi (ham: 5). hierarchical_price destegi dusuk (n=5); UI kataloginda secilebilir (kullanici gercekten bu araci secebilir).,True,,2009-2011,"261,000-300,000","580,000-1,550,000"
Honda,Prelude,6,5,2,1993.0,1997.0,227000.0,255000.0,308000.0,300000.0,677000.0,810000.0,0.3279,-0.1426,5,brand_model,theil_sen,"arabam=4, kaggle=2",4,2,True,True,CRITICAL,10,5 gercek egitim kaydi (ham: 6). hierarchical_price destegi dusuk (n=5); model yili cesitliligi cok dusuk (2 farkli yil); UI kataloginda secilebilir (kullanici gercekten bu araci secebilir).,True,,1993-1997,"227,000-308,000","300,000-810,000"
Hyundai,H 350,5,5,1,2015.0,2015.0,138000.0,222000.0,389000.0,380000.0,500000.0,750000.0,0.2419,,5,brand_model,median,arabam=5,5,0,True,True,CRITICAL,5,5 gercek egitim kaydi (ham: 5). hierarchical_price destegi dusuk (n=5); model yili cesitliligi cok dusuk (1 farkli yil); UI kataloginda secilebilir (kullanici gercekten bu araci secebilir).,False,tek model yili: yil ekseninde interpolasyon bolgesi yok; guvenli olmadigi icin onerilen sayi yariya indirildi (asil oneri 10 idi),2015-2015,"138,000-389,000","380,000-750,000"
Infiniti,Q30,5,5,1,2016.0,2016.0,97000.0,162000.0,183000.0,1150000.0,1250000.0,1399750.0,0.07,,5,brand_model,median,"arabam=2, kaggle=3",2,3,True,True,CRITICAL,5,5 gercek egitim kaydi (ham: 5). hierarchical_price destegi dusuk (n=5); model yili cesitliligi cok dusuk (1 farkli yil); UI kataloginda secilebilir (kullanici gercekten bu araci secebilir).,False,tek model yili: yil ekseninde interpolasyon bolgesi yok; guvenli olmadigi icin onerilen sayi yariya indirildi (asil oneri 10 idi),2016-2016,"97,000-183,000","1,150,000-1,399,750"
Infiniti,QX,5,5,1,2015.0,2015.0,148000.0,199000.0,260000.0,1930000.0,2150000.0,2250000.0,0.0627,,5,brand_model,median,arabam=5,5,0,True,True,CRITICAL,5,5 gercek egitim kaydi (ham: 5). hierarchical_price destegi dusuk (n=5); model yili cesitliligi cok dusuk (1 farkli yil); UI kataloginda secilebilir (kullanici gercekten bu araci secebilir).,False,tek model yili: yil ekseninde interpolasyon bolgesi yok; guvenli olmadigi icin onerilen sayi yariya indirildi (asil oneri 10 idi),2015-2015,"148,000-260,000","1,930,000-2,250,000"
Kia,Optima,5,5,2,2012.0,2013.0,228000.0,268000.0,366000.0,835000.0,1100000.0,1150000.0,0.1204,0.8302,5,brand_model,theil_sen,"arabam=4, kaggle=1",4,1,True,True,CRITICAL,10,5 gercek egitim kaydi (ham: 5). hierarchical_price destegi dusuk (n=5); model yili cesitliligi cok dusuk (2 farkli yil); UI kataloginda secilebilir (kullanici gercekten bu araci secebilir).,True,,2012-2013,"228,000-366,000","835,000-1,150,000"
Lexus,LS,5,5,4,2015.0,2022.0,23665.0,75000.0,184000.0,5675000.0,8450000.0,9950000.0,0.2263,-0.907,5,brand_model,theil_sen,"arabam=2, kaggle=3",2,3,True,True,CRITICAL,10,"5 gercek egitim kaydi (ham: 5). premium fiyat segmenti (medyan 8,450,000 >= p90 esigi 3,375,000); hierarchical_price destegi dusuk (n=5); UI kataloginda secilebilir (kullanici gercekten bu araci secebilir).",True,,2015-2022,"23,665-184,000","5,675,000-9,950,000"
MG,EHS,5,5,3,2021.0,2024.0,30405.0,63000.0,100800.0,1660000.0,1850000.0,2258750.0,0.1139,-0.9313,5,brand_model,theil_sen,arabam=5,5,0,True,True,CRITICAL,10,5 gercek egitim kaydi (ham: 5). hierarchical_price destegi dusuk (n=5); UI kataloginda secilebilir (kullanici gercekten bu araci secebilir).,True,,2021-2024,"30,405-100,800","1,660,000-2,258,750"
Mazda,121,5,5,2,1991.0,1992.0,210000.0,250000.0,472000.0,120000.0,165000.0,225000.0,0.2352,-0.7352,5,brand_model,theil_sen,"arabam=2, kaggle=3",2,3,True,True,CRITICAL,6,"5 gercek egitim kaydi (ham: 5). hierarchical_price destegi dusuk (n=5); model yili cesitliligi cok dusuk (2 farkli yil); UI kataloginda secilebilir (kullanici gercekten bu araci secebilir). azaltici: cok eski model (max_year=1992), piyasada nadir - dusuk oncelik; dusuk fiyat etkisi (medyan 165,000 <= p25 esigi 320,000).",True,,1991-1992,"210,000-472,000","120,000-225,000"
Mazda,MPV,5,5,2,2000.0,2003.0,237000.0,248000.0,303080.0,359500.0,455000.0,597500.0,0.1815,-0.2984,5,brand_model,theil_sen,"arabam=3, kaggle=2",3,2,True,True,CRITICAL,6,"5 gercek egitim kaydi (ham: 5). hierarchical_price destegi dusuk (n=5); model yili cesitliligi cok dusuk (2 farkli yil); UI kataloginda secilebilir (kullanici gercekten bu araci secebilir). azaltici: cok eski model (max_year=2003), piyasada nadir - dusuk oncelik.",True,,2000-2003,"237,000-303,080","359,500-597,500"
Mitsubishi,Grandis,5,5,3,2005.0,2007.0,182000.0,185000.0,444000.0,475000.0,600000.0,720000.0,0.1478,0.3366,5,brand_model,theil_sen,"arabam=2, kaggle=3",2,3,True,True,CRITICAL,6,"5 gercek egitim kaydi (ham: 5). hierarchical_price destegi dusuk (n=5); UI kataloginda secilebilir (kullanici gercekten bu araci secebilir). azaltici: cok eski model (max_year=2007), piyasada nadir - dusuk oncelik.",True,,2005-2007,"182,000-444,000","475,000-720,000"
Mitsubishi,Lancer Evolution,10,5,1,2009.0,2009.0,89356.0,135000.0,186000.0,1730000.0,1839000.0,1999999.0,0.058,,5,brand_model,median,"arabam=6, kaggle=4",6,4,True,True,CRITICAL,5,5 gercek egitim kaydi (ham: 10). hierarchical_price destegi dusuk (n=5); model yili cesitliligi cok dusuk (1 farkli yil); UI kataloginda secilebilir (kullanici gercekten bu araci secebilir).,False,tek model yili: yil ekseninde interpolasyon bolgesi yok; guvenli olmadigi icin onerilen sayi yariya indirildi (asil oneri 10 idi),2009-2009,"89,356-186,000","1,730,000-1,999,999"
Nissan,Country,5,5,3,2003.0,2006.0,293000.0,336210.0,460000.0,420000.0,450000.0,510000.0,0.0714,0.8705,5,brand_model,theil_sen,arabam=5,5,0,True,True,CRITICAL,6,"5 gercek egitim kaydi (ham: 5). hierarchical_price destegi dusuk (n=5); UI kataloginda secilebilir (kullanici gercekten bu araci secebilir). azaltici: cok eski model (max_year=2006), piyasada nadir - dusuk oncelik.",True,,2003-2006,"293,000-460,000","420,000-510,000"
Peugeot,607,5,5,4,2003.0,2009.0,199000.0,220000.0,267000.0,480000.0,815000.0,1099900.0,0.3197,-0.907,5,brand_model,theil_sen,"arabam=4, kaggle=1",4,1,True,True,CRITICAL,6,"5 gercek egitim kaydi (ham: 5). hierarchical_price destegi dusuk (n=5); UI kataloginda secilebilir (kullanici gercekten bu araci secebilir). azaltici: cok eski model (max_year=2009), piyasada nadir - dusuk oncelik.",True,,2003-2009,"199,000-267,000","480,000-1,099,900"
Peugeot,e-5008,13,5,1,2025.0,2025.0,10188.0,16150.0,31001.0,2175000.0,2270000.0,2349950.0,0.0254,,5,brand_model,median,arabam=13,13,0,True,True,CRITICAL,3,5 gercek egitim kaydi (ham: 13). hierarchical_price destegi dusuk (n=5); model yili cesitliligi cok dusuk (1 farkli yil); UI kataloginda secilebilir (kullanici gercekten bu araci secebilir). azaltici: zaten yeterli GUNCEL gercek ornek (arabam=13).,False,tek model yili: yil ekseninde interpolasyon bolgesi yok; guvenli olmadigi icin onerilen sayi yariya indirildi (asil oneri 6 idi),2025-2025,"10,188-31,001","2,175,000-2,349,950"
RKS,M5,5,5,2,2022.0,2023.0,6001.0,6001.0,6500.0,210000.0,230000.0,250000.0,0.0621,0.6559,5,brand_model,theil_sen,"arabam=2, kaggle=3",2,3,True,True,CRITICAL,6,"5 gercek egitim kaydi (ham: 5). hierarchical_price destegi dusuk (n=5); model yili cesitliligi cok dusuk (2 farkli yil); UI kataloginda secilebilir (kullanici gercekten bu araci secebilir). azaltici: dusuk fiyat etkisi (medyan 230,000 <= p25 esigi 320,000).",True,,2022-2023,"6,001-6,500","210,000-250,000"
Regal Raptor,K3,6,5,2,2025.0,2026.0,0.0,0.0,0.0,145200.0,174990.0,225000.0,0.1445,0.7235,5,brand_model,theil_sen,arabam=6,6,0,True,True,CRITICAL,6,"5 gercek egitim kaydi (ham: 6). hierarchical_price destegi dusuk (n=5); model yili cesitliligi cok dusuk (2 farkli yil); UI kataloginda secilebilir (kullanici gercekten bu araci secebilir). azaltici: dusuk fiyat etkisi (medyan 174,990 <= p25 esigi 320,000).",True,,2025-2026,0-0,"145,200-225,000"
Regal Raptor,K4,5,5,3,2023.0,2026.0,0.0,6000.0,6001.0,135000.0,150000.0,163000.0,0.0767,-0.8935,5,brand_model,theil_sen,"arabam=4, kaggle=1",4,1,True,True,CRITICAL,6,"5 gercek egitim kaydi (ham: 5). hierarchical_price destegi dusuk (n=5); UI kataloginda secilebilir (kullanici gercekten bu araci secebilir). azaltici: dusuk fiyat etkisi (medyan 150,000 <= p25 esigi 320,000).",True,,2023-2026,"0-6,001","135,000-163,000"
Seat,Tarraco,21,5,2,2021.0,2023.0,87000.0,100050.0,148000.0,1995000.0,2019950.0,2150000.0,0.0278,0.822,5,brand_model,theil_sen,arabam=21,21,0,True,True,CRITICAL,6,5 gercek egitim kaydi (ham: 21). hierarchical_price destegi dusuk (n=5); model yili cesitliligi cok dusuk (2 farkli yil); UI kataloginda secilebilir (kullanici gercekten bu araci secebilir). azaltici: zaten yeterli GUNCEL gercek ornek (arabam=21).,True,,2021-2023,"87,000-148,000","1,995,000-2,150,000"
Skoda,Felicia Pickup,5,5,3,1997.0,2000.0,11111.0,225000.0,515038.0,95000.0,239000.0,245000.0,0.2835,-0.3431,5,brand_model,theil_sen,arabam=5,5,0,True,True,CRITICAL,6,"5 gercek egitim kaydi (ham: 5). hierarchical_price destegi dusuk (n=5); UI kataloginda secilebilir (kullanici gercekten bu araci secebilir). azaltici: cok eski model (max_year=2000), piyasada nadir - dusuk oncelik; dusuk fiyat etkisi (medyan 239,000 <= p25 esigi 320,000).",True,,1997-2000,"11,111-515,038","95,000-245,000"
Ssangyong,Musso,5,5,3,1997.0,2025.0,6001.0,292000.0,420000.0,12345.0,390000.0,2349000.0,0.9803,-0.7924,5,brand_model,theil_sen,arabam=5,5,0,True,True,CRITICAL,10,"5 gercek egitim kaydi (ham: 5). hierarchical_price destegi dusuk (n=5); fiyat araligi cok genis (max/min=190.3x); UI kataloginda secilebilir (kullanici gercekten bu araci secebilir). fiyat yasla guclu iliskili (corr=-0.7924) - genis fiyat araligi normal amortisman, veri tutarsizligi DEGIL; sentetik uretim DUZ interpolasyon yerine yil-fiyat egrisine gore yapilmali.",True,,1997-2025,"6,001-420,000","12,345-2,349,000"
Stmax,GF 960,5,5,3,2024.0,2026.0,0.0,0.0,0.0,69000.0,115000.0,140000.0,0.2162,-0.6821,5,brand_model,theil_sen,arabam=5,5,0,True,True,CRITICAL,6,"5 gercek egitim kaydi (ham: 5). hierarchical_price destegi dusuk (n=5); UI kataloginda secilebilir (kullanici gercekten bu araci secebilir). azaltici: dusuk fiyat etkisi (medyan 115,000 <= p25 esigi 320,000).",True,,2024-2026,0-0,"69,000-140,000"
Subaru,Justy,5,5,4,1990.0,1993.0,7000.0,175000.0,410000.0,105000.0,150000.0,190000.0,0.185,-0.1073,5,brand_model,theil_sen,"arabam=2, kaggle=3",2,3,True,True,CRITICAL,6,"5 gercek egitim kaydi (ham: 5). hierarchical_price destegi dusuk (n=5); UI kataloginda secilebilir (kullanici gercekten bu araci secebilir). azaltici: cok eski model (max_year=1993), piyasada nadir - dusuk oncelik; dusuk fiyat etkisi (medyan 150,000 <= p25 esigi 320,000).",True,,1990-1993,"7,000-410,000","105,000-190,000"
Tata,Manza,5,5,1,2012.0,2012.0,98650.0,239600.0,331000.0,285000.0,300000.0,345000.0,0.0678,,5,brand_model,median,"arabam=1, kaggle=4",1,4,True,True,CRITICAL,3,"5 gercek egitim kaydi (ham: 5). hierarchical_price destegi dusuk (n=5); model yili cesitliligi cok dusuk (1 farkli yil); UI kataloginda secilebilir (kullanici gercekten bu araci secebilir). azaltici: dusuk fiyat etkisi (medyan 300,000 <= p25 esigi 320,000).",False,tek model yili: yil ekseninde interpolasyon bolgesi yok; guvenli olmadigi icin onerilen sayi yariya indirildi (asil oneri 6 idi),2012-2012,"98,650-331,000","285,000-345,000"
Volta,VS1,5,5,2,2023.0,2025.0,0.0,6000.0,13000.0,27000.0,30000.0,45000.0,0.1976,-0.3321,5,brand_model,theil_sen,arabam=5,5,0,True,True,CRITICAL,6,"5 gercek egitim kaydi (ham: 5). hierarchical_price destegi dusuk (n=5); model yili cesitliligi cok dusuk (2 farkli yil); UI kataloginda secilebilir (kullanici gercekten bu araci secebilir). azaltici: dusuk fiyat etkisi (medyan 30,000 <= p25 esigi 320,000).",True,,2023-2025,"0-13,000","27,000-45,000"
Volta,VSM,6,5,1,2026.0,2026.0,0.0,0.0,0.0,27500.0,27500.0,27500.0,0.0,,5,brand_model,median,arabam=6,6,0,True,True,CRITICAL,3,"5 gercek egitim kaydi (ham: 6). hierarchical_price destegi dusuk (n=5); model yili cesitliligi cok dusuk (1 farkli yil); UI kataloginda secilebilir (kullanici gercekten bu araci secebilir). azaltici: dusuk fiyat etkisi (medyan 27,500 <= p25 esigi 320,000).",False,tek model yili: yil ekseninde interpolasyon bolgesi yok; guvenli olmadigi icin onerilen sayi yariya indirildi (asil oneri 6 idi),2026-2026,0-0,"27,500-27,500"
Volta,VT5,5,5,1,2026.0,2026.0,0.0,0.0,0.0,99900.0,105000.0,105000.0,0.0243,,5,brand_model,median,arabam=5,5,0,True,True,CRITICAL,3,"5 gercek egitim kaydi (ham: 5). hierarchical_price destegi dusuk (n=5); model yili cesitliligi cok dusuk (1 farkli yil); UI kataloginda secilebilir (kullanici gercekten bu araci secebilir). azaltici: dusuk fiyat etkisi (medyan 105,000 <= p25 esigi 320,000).",False,tek model yili: yil ekseninde interpolasyon bolgesi yok; guvenli olmadigi icin onerilen sayi yariya indirildi (asil oneri 6 idi),2026-2026,0-0,"99,900-105,000"
XEV,Yoyo,6,5,1,2022.0,2022.0,6001.0,6350.0,20000.0,530000.0,576500.0,650000.0,0.0742,,5,brand_model,median,"arabam=4, kaggle=2",4,2,True,True,CRITICAL,5,5 gercek egitim kaydi (ham: 6). hierarchical_price destegi dusuk (n=5); model yili cesitliligi cok dusuk (1 farkli yil); UI kataloginda secilebilir (kullanici gercekten bu araci secebilir).,False,tek model yili: yil ekseninde interpolasyon bolgesi yok; guvenli olmadigi icin onerilen sayi yariya indirildi (asil oneri 10 idi),2022-2022,"6,001-20,000","530,000-650,000"
Aston Martin,Vantage,7,6,4,2007.0,2015.0,22000.0,41050.0,108000.0,4650000.0,5770000.0,8450000.0,0.2275,-0.6539,6,brand_model,theil_sen,"arabam=2, kaggle=5",2,5,True,True,CRITICAL,9,"6 gercek egitim kaydi (ham: 7). premium fiyat segmenti (medyan 5,770,000 >= p90 esigi 3,375,000); hierarchical_price destegi dusuk (n=6); UI kataloginda secilebilir (kullanici gercekten bu araci secebilir).",True,,2007-2015,"22,000-108,000","4,650,000-8,450,000"
Audi,Q8 Sportback E-Tron,6,6,2,2023.0,2024.0,30000.0,47894.0,123000.0,3675750.0,5294499.5,5999500.0,0.1495,-0.4637,6,brand_model,theil_sen,arabam=6,6,0,True,True,CRITICAL,9,"6 gercek egitim kaydi (ham: 6). premium fiyat segmenti (medyan 5,294,500 >= p90 esigi 3,375,000); hierarchical_price destegi dusuk (n=6); model yili cesitliligi cok dusuk (2 farkli yil); UI kataloginda secilebilir (kullanici gercekten bu araci secebilir).",True,,2023-2024,"30,000-123,000","3,675,750-5,999,500"
BMW,X4,6,6,2,2014.0,2015.0,175000.0,212500.0,412000.0,1455000.0,1661950.0,2159900.0,0.1514,0.4071,6,brand_model,theil_sen,arabam=6,6,0,True,True,CRITICAL,9,6 gercek egitim kaydi (ham: 6). hierarchical_price destegi dusuk (n=6); model yili cesitliligi cok dusuk (2 farkli yil); UI kataloginda secilebilir (kullanici gercekten bu araci secebilir).,True,,2014-2015,"175,000-412,000","1,455,000-2,159,900"
Hyundai,Terracan,6,6,3,2001.0,2004.0,108000.0,200000.0,385000.0,500000.0,630000.0,950000.0,0.2276,-0.832,6,brand_model,theil_sen,arabam=6,6,0,True,True,CRITICAL,9,6 gercek egitim kaydi (ham: 6). hierarchical_price destegi dusuk (n=6); UI kataloginda secilebilir (kullanici gercekten bu araci secebilir).,True,,2001-2004,"108,000-385,000","500,000-950,000"
Mazda,BT50,6,6,3,2009.0,2011.0,231000.0,389500.0,485000.0,340000.0,560000.0,725000.0,0.2279,-0.8925,6,brand_model,theil_sen,arabam=6,6,0,True,True,CRITICAL,9,6 gercek egitim kaydi (ham: 6). hierarchical_price destegi dusuk (n=6); UI kataloginda secilebilir (kullanici gercekten bu araci secebilir).,True,,2009-2011,"231,000-485,000","340,000-725,000"
Mitsubishi,Outlander,6,6,3,2004.0,2009.0,167000.0,266200.0,535000.0,480000.0,632500.0,800000.0,0.1755,-0.5498,6,brand_model,theil_sen,arabam=6,6,0,True,True,CRITICAL,9,6 gercek egitim kaydi (ham: 6). hierarchical_price destegi dusuk (n=6); UI kataloginda secilebilir (kullanici gercekten bu araci secebilir).,True,,2004-2009,"167,000-535,000","480,000-800,000"
Opel,Adam,6,6,3,2013.0,2017.0,59000.0,137500.0,187000.0,559000.0,686260.0,959500.0,0.2111,-0.9703,6,brand_model,theil_sen,"arabam=4, kaggle=2",4,2,True,True,CRITICAL,9,6 gercek egitim kaydi (ham: 6). hierarchical_price destegi dusuk (n=6); UI kataloginda secilebilir (kullanici gercekten bu araci secebilir).,True,,2013-2017,"59,000-187,000","559,000-959,500"
Opel,Rekord,6,6,6,1972.0,1984.0,6001.0,141500.0,256000.0,170000.0,337500.0,589000.0,0.3765,0.9362,6,brand_model,theil_sen,arabam=6,6,0,True,True,CRITICAL,9,6 gercek egitim kaydi (ham: 6). hierarchical_price destegi dusuk (n=6); fiyat araligi cok genis (max/min=3.5x); UI kataloginda secilebilir (kullanici gercekten bu araci secebilir).,True,,1972-1984,"6,001-256,000","170,000-589,000"
Ortimobil,Alexa,6,6,2,2025.0,2026.0,0.0,0.0,6005.0,639900.0,745000.0,850000.0,0.0885,-0.3542,6,brand_model,theil_sen,arabam=6,6,0,True,True,CRITICAL,9,6 gercek egitim kaydi (ham: 6). hierarchical_price destegi dusuk (n=6); model yili cesitliligi cok dusuk (2 farkli yil); UI kataloginda secilebilir (kullanici gercekten bu araci secebilir).,True,,2025-2026,"0-6,005","639,900-850,000"
Renault,Zoe,6,6,2,2022.0,2023.0,6001.0,30361.0,88000.0,850000.0,969875.0,1207900.0,0.118,-0.8927,6,brand_model,theil_sen,kaggle=6,0,6,True,True,CRITICAL,9,6 gercek egitim kaydi (ham: 6). hierarchical_price destegi dusuk (n=6); model yili cesitliligi cok dusuk (2 farkli yil); UI kataloginda secilebilir (kullanici gercekten bu araci secebilir).,True,,2022-2023,"6,001-88,000","850,000-1,207,900"
Rolls-Royce,Ghost,6,6,5,2014.0,2024.0,0.0,9700.0,83000.0,21000000.0,38700000.0,59000000.0,0.3588,-0.9567,6,brand_model,theil_sen,"arabam=2, kaggle=4",2,4,True,True,CRITICAL,9,"6 gercek egitim kaydi (ham: 6). premium fiyat segmenti (medyan 38,700,000 >= p90 esigi 3,375,000); hierarchical_price destegi dusuk (n=6); UI kataloginda secilebilir (kullanici gercekten bu araci secebilir).",True,,2014-2024,"0-83,000","21,000,000-59,000,000"
Rolls-Royce,Wraith,6,6,3,2014.0,2016.0,15000.0,48000.0,87600.0,26400000.0,27750000.0,31900000.0,0.0757,-0.0275,6,brand_model,theil_sen,"arabam=2, kaggle=4",2,4,True,True,CRITICAL,9,"6 gercek egitim kaydi (ham: 6). premium fiyat segmenti (medyan 27,750,000 >= p90 esigi 3,375,000); hierarchical_price destegi dusuk (n=6); UI kataloginda secilebilir (kullanici gercekten bu araci secebilir).",True,,2014-2016,"15,000-87,600","26,400,000-31,900,000"
Volvo,V60 Cross Country,6,6,2,2020.0,2024.0,34000.0,108000.0,146161.0,2200000.0,2912500.0,3599000.0,0.1778,-0.6058,6,brand_model,theil_sen,"arabam=3, kaggle=3",3,3,True,True,CRITICAL,9,6 gercek egitim kaydi (ham: 6). hierarchical_price destegi dusuk (n=6); model yili cesitliligi cok dusuk (2 farkli yil); UI kataloginda secilebilir (kullanici gercekten bu araci secebilir).,True,,2020-2024,"34,000-146,161","2,200,000-3,599,000"
BYD,Seal U,7,7,2,2024.0,2025.0,6001.0,7000.0,50000.0,2275000.0,2515000.0,3000000.0,0.0939,0.2551,7,brand_model,theil_sen,"arabam=4, kaggle=3",4,3,True,True,CRITICAL,10,7 gercek egitim kaydi (ham: 7). hierarchical_price destegi dusuk (n=7); model yili cesitliligi cok dusuk (2 farkli yil); UI kataloginda secilebilir (kullanici gercekten bu araci secebilir).,True,,2024-2025,"6,001-50,000","2,275,000-3,000,000"
Bentley,Flying Spur,7,7,4,2013.0,2022.0,37692.0,74350.0,125000.0,10500000.0,14500000.0,35000000.0,0.4846,-0.966,7,brand_model,theil_sen,"arabam=4, kaggle=3",4,3,True,True,CRITICAL,10,"7 gercek egitim kaydi (ham: 7). premium fiyat segmenti (medyan 14,500,000 >= p90 esigi 3,375,000); hierarchical_price destegi dusuk (n=7); fiyat araligi cok genis (max/min=3.3x); UI kataloginda secilebilir (kullanici gercekten bu araci secebilir).",True,,2013-2022,"37,692-125,000","10,500,000-35,000,000"
Chrysler,PT Cruiser,7,7,4,2001.0,2005.0,49000.0,210000.0,268000.0,425000.0,780000.0,1089000.0,0.3216,-0.5849,7,brand_model,theil_sen,"arabam=3, kaggle=4",3,4,True,True,CRITICAL,10,7 gercek egitim kaydi (ham: 7). hierarchical_price destegi dusuk (n=7); UI kataloginda secilebilir (kullanici gercekten bu araci secebilir).,True,,2001-2005,"49,000-268,000","425,000-1,089,000"
Ferrari,458,7,7,3,2011.0,2013.0,15000.0,38000.0,66500.0,15800000.0,19250000.0,24750000.0,0.1568,-0.2534,7,brand_model,theil_sen,"arabam=1, kaggle=6",1,6,True,True,CRITICAL,10,"7 gercek egitim kaydi (ham: 7). premium fiyat segmenti (medyan 19,250,000 >= p90 esigi 3,375,000); hierarchical_price destegi dusuk (n=7); UI kataloginda secilebilir (kullanici gercekten bu araci secebilir).",True,,2011-2013,"15,000-66,500","15,800,000-24,750,000"
Honda,CRX,7,7,5,1990.0,1994.0,10000.0,217000.0,300000.0,370000.0,750000.0,999999.0,0.3411,-0.3757,7,brand_model,theil_sen,"arabam=6, kaggle=1",6,1,True,True,CRITICAL,10,7 gercek egitim kaydi (ham: 7). hierarchical_price destegi dusuk (n=7); UI kataloginda secilebilir (kullanici gercekten bu araci secebilir).,True,,1990-1994,"10,000-300,000","370,000-999,999"
Iveco - Otoyol,35,8,7,5,2016.0,2024.0,15000.0,89000.0,223000.0,775000.0,1450000.0,1525000.0,0.2289,-0.8925,7,brand_model,theil_sen,arabam=8,8,0,True,True,CRITICAL,10,7 gercek egitim kaydi (ham: 8). hierarchical_price destegi dusuk (n=7); UI kataloginda secilebilir (kullanici gercekten bu araci secebilir).,True,,2016-2024,"15,000-223,000","775,000-1,525,000"
Lancia,Thema,8,7,1,2012.0,2012.0,162000.0,245000.0,354000.0,1415000.0,1660000.0,1850000.0,0.0958,,7,brand_model,median,"arabam=5, kaggle=3",5,3,True,True,CRITICAL,5,7 gercek egitim kaydi (ham: 8). hierarchical_price destegi dusuk (n=7); model yili cesitliligi cok dusuk (1 farkli yil); UI kataloginda secilebilir (kullanici gercekten bu araci secebilir).,False,tek model yili: yil ekseninde interpolasyon bolgesi yok; guvenli olmadigi icin onerilen sayi yariya indirildi (asil oneri 10 idi),2012-2012,"162,000-354,000","1,415,000-1,850,000"
Lexus,ES,7,7,3,2019.0,2023.0,24000.0,83337.0,162000.0,2450000.0,3925000.0,5250000.0,0.2385,-0.7933,7,brand_model,theil_sen,"arabam=2, kaggle=5",2,5,True,True,CRITICAL,10,"7 gercek egitim kaydi (ham: 7). premium fiyat segmenti (medyan 3,925,000 >= p90 esigi 3,375,000); hierarchical_price destegi dusuk (n=7); UI kataloginda secilebilir (kullanici gercekten bu araci secebilir).",True,,2019-2023,"24,000-162,000","2,450,000-5,250,000"
Lexus,GS,7,7,2,2016.0,2023.0,8000.0,25000.0,90500.0,1265000.0,1315000.0,2745000.0,0.3314,0.9965,7,brand_model,theil_sen,kaggle=7,0,7,True,True,CRITICAL,10,7 gercek egitim kaydi (ham: 7). hierarchical_price destegi dusuk (n=7); model yili cesitliligi cok dusuk (2 farkli yil); UI kataloginda secilebilir (kullanici gercekten bu araci secebilir).,True,,2016-2023,"8,000-90,500","1,265,000-2,745,000"
Mercedes - Benz,R,7,7,3,2006.0,2008.0,200000.0,303000.0,475000.0,1125000.0,1430000.0,1475000.0,0.0809,-0.0003,7,brand_model,theil_sen,"arabam=5, kaggle=2",5,2,True,True,CRITICAL,10,7 gercek egitim kaydi (ham: 7). hierarchical_price destegi dusuk (n=7); UI kataloginda secilebilir (kullanici gercekten bu araci secebilir).,True,,2006-2008,"200,000-475,000","1,125,000-1,475,000"
Peugeot,205,7,7,5,1988.0,1994.0,65000.0,159353.0,250000.0,60000.0,420000.0,1325000.0,0.8283,0.3117,7,brand_model,theil_sen,"arabam=5, kaggle=2",5,2,True,True,CRITICAL,10,7 gercek egitim kaydi (ham: 7). hierarchical_price destegi dusuk (n=7); fiyat araligi cok genis (max/min=22.1x); UI kataloginda secilebilir (kullanici gercekten bu araci secebilir).,True,,1988-1994,"65,000-250,000","60,000-1,325,000"
Renault,Scenic RX4,7,7,3,2002.0,2004.0,189000.0,270000.0,476000.0,300000.0,360000.0,420000.0,0.0943,-0.4565,7,brand_model,theil_sen,arabam=7,7,0,True,True,CRITICAL,10,7 gercek egitim kaydi (ham: 7). hierarchical_price destegi dusuk (n=7); UI kataloginda secilebilir (kullanici gercekten bu araci secebilir).,True,,2002-2004,"189,000-476,000","300,000-420,000"
Rover,75,9,7,2,2000.0,2002.0,187000.0,289000.0,342000.0,375000.0,485000.0,627000.0,0.1592,-0.2896,7,brand_model,theil_sen,"arabam=4, kaggle=5",4,5,True,True,CRITICAL,10,7 gercek egitim kaydi (ham: 9). hierarchical_price destegi dusuk (n=7); model yili cesitliligi cok dusuk (2 farkli yil); UI kataloginda secilebilir (kullanici gercekten bu araci secebilir).,True,,2000-2002,"187,000-342,000","375,000-627,000"
Toyota,Cressida,7,7,2,1991.0,1992.0,200000.0,330000.0,560000.0,182000.0,350000.0,480000.0,0.2898,0.0882,7,brand_model,theil_sen,"arabam=4, kaggle=3",4,3,True,True,CRITICAL,10,7 gercek egitim kaydi (ham: 7). hierarchical_price destegi dusuk (n=7); model yili cesitliligi cok dusuk (2 farkli yil); UI kataloginda secilebilir (kullanici gercekten bu araci secebilir).,True,,1991-1992,"200,000-560,000","182,000-480,000"
Alfa Romeo,Junior Elettrica,8,8,2,2024.0,2025.0,6100.0,15500.0,28000.0,1679000.0,1824950.0,2227500.0,0.0822,-0.2993,8,brand_model,theil_sen,arabam=8,8,0,True,True,CRITICAL,10,8 gercek egitim kaydi (ham: 8). hierarchical_price destegi dusuk (n=8); model yili cesitliligi cok dusuk (2 farkli yil); UI kataloginda secilebilir (kullanici gercekten bu araci secebilir).,True,,2024-2025,"6,100-28,000","1,679,000-2,227,500"
BYD,Atto 2,8,8,1,2025.0,2025.0,6000.0,7950.0,14500.0,1675000.0,1872500.0,1960000.0,0.0464,,8,brand_model,median,arabam=8,8,0,True,True,CRITICAL,5,8 gercek egitim kaydi (ham: 8). hierarchical_price destegi dusuk (n=8); model yili cesitliligi cok dusuk (1 farkli yil); UI kataloginda secilebilir (kullanici gercekten bu araci secebilir).,False,tek model yili: yil ekseninde interpolasyon bolgesi yok; guvenli olmadigi icin onerilen sayi yariya indirildi (asil oneri 10 idi),2025-2025,"6,000-14,500","1,675,000-1,960,000"
Chrysler,300 M,8,8,4,1999.0,2004.0,190000.0,270000.0,350000.0,360000.0,457450.0,785000.0,0.3077,-0.5902,8,brand_model,theil_sen,"arabam=2, kaggle=6",2,6,True,True,CRITICAL,10,8 gercek egitim kaydi (ham: 8). hierarchical_price destegi dusuk (n=8); UI kataloginda secilebilir (kullanici gercekten bu araci secebilir).,True,,1999-2004,"190,000-350,000","360,000-785,000"
Ford,Explorer,9,8,6,1997.0,2025.0,33000.0,216000.0,320000.0,430000.0,699875.0,1885000.0,0.5176,-0.8071,8,brand_model,theil_sen,arabam=9,9,0,True,True,CRITICAL,10,8 gercek egitim kaydi (ham: 9). hierarchical_price destegi dusuk (n=8); fiyat araligi cok genis (max/min=4.4x); UI kataloginda secilebilir (kullanici gercekten bu araci secebilir).,True,,1997-2025,"33,000-320,000","430,000-1,885,000"
Lexus,LBX,8,8,2,2024.0,2025.0,8000.0,14321.0,62120.0,2120000.0,2457500.0,2975000.0,0.1049,-0.8753,8,brand_model,theil_sen,arabam=8,8,0,True,True,CRITICAL,10,8 gercek egitim kaydi (ham: 8). hierarchical_price destegi dusuk (n=8); model yili cesitliligi cok dusuk (2 farkli yil); UI kataloginda secilebilir (kullanici gercekten bu araci secebilir).,True,,2024-2025,"8,000-62,120","2,120,000-2,975,000"
Mazda,CX-5,8,8,4,2012.0,2015.0,162000.0,203000.0,241000.0,885000.0,1145000.0,1550000.0,0.2215,-0.5067,8,brand_model,theil_sen,arabam=8,8,0,True,True,CRITICAL,10,8 gercek egitim kaydi (ham: 8). hierarchical_price destegi dusuk (n=8); UI kataloginda secilebilir (kullanici gercekten bu araci secebilir).,True,,2012-2015,"162,000-241,000","885,000-1,550,000"
Mercedes - Benz,500,8,8,7,1983.0,1993.0,191554.0,271151.5,386000.0,650000.0,1675000.0,2375000.0,0.3814,0.3766,8,brand_model,theil_sen,"arabam=4, kaggle=4",4,4,True,True,CRITICAL,10,8 gercek egitim kaydi (ham: 8). hierarchical_price destegi dusuk (n=8); fiyat araligi cok genis (max/min=3.7x); UI kataloginda secilebilir (kullanici gercekten bu araci secebilir).,True,,1983-1993,"191,554-386,000","650,000-2,375,000"
Porsche,Boxster,8,8,7,1997.0,2014.0,68000.0,150599.5,235000.0,1300000.0,2074450.0,5650000.0,0.5079,-0.9046,8,brand_model,theil_sen,"arabam=3, kaggle=5",3,5,True,True,CRITICAL,10,8 gercek egitim kaydi (ham: 8). hierarchical_price destegi dusuk (n=8); fiyat araligi cok genis (max/min=4.3x); UI kataloginda secilebilir (kullanici gercekten bu araci secebilir).,True,,1997-2014,"68,000-235,000","1,300,000-5,650,000"
Skoda,Enyaq Coupe,8,8,1,2025.0,2025.0,6001.0,13000.0,50000.0,2300000.0,2637500.0,2890000.0,0.0717,,8,brand_model,median,arabam=8,8,0,True,True,CRITICAL,5,8 gercek egitim kaydi (ham: 8). hierarchical_price destegi dusuk (n=8); model yili cesitliligi cok dusuk (1 farkli yil); UI kataloginda secilebilir (kullanici gercekten bu araci secebilir).,False,tek model yili: yil ekseninde interpolasyon bolgesi yok; guvenli olmadigi icin onerilen sayi yariya indirildi (asil oneri 10 idi),2025-2025,"6,001-50,000","2,300,000-2,890,000"
Ssangyong,Rodius,8,8,5,2008.0,2015.0,164000.0,253000.0,329350.0,628000.0,932500.0,1100000.0,0.204,-0.965,8,brand_model,theil_sen,arabam=8,8,0,True,True,CRITICAL,10,8 gercek egitim kaydi (ham: 8). hierarchical_price destegi dusuk (n=8); UI kataloginda secilebilir (kullanici gercekten bu araci secebilir).,True,,2008-2015,"164,000-329,350","628,000-1,100,000"
Audi,TTS,9,9,5,2008.0,2016.0,69000.0,169000.0,248000.0,1199000.0,1555000.0,3845000.0,0.4302,-0.8972,9,brand_model,theil_sen,"arabam=4, kaggle=5",4,5,True,True,CRITICAL,11,9 gercek egitim kaydi (ham: 9). hierarchical_price destegi dusuk (n=9); fiyat araligi cok genis (max/min=3.2x); UI kataloginda secilebilir (kullanici gercekten bu araci secebilir).,True,,2008-2016,"69,000-248,000","1,199,000-3,845,000"
Ford,Grand C-Max,10,9,4,2011.0,2015.0,155400.0,245000.0,340000.0,570000.0,750000.0,1150000.0,0.215,-0.4926,9,brand_model,theil_sen,"arabam=6, kaggle=4",6,4,True,True,CRITICAL,11,9 gercek egitim kaydi (ham: 10). hierarchical_price destegi dusuk (n=9); UI kataloginda secilebilir (kullanici gercekten bu araci secebilir).,True,,2011-2015,"155,400-340,000","570,000-1,150,000"
Ford,Puma- E,9,9,1,2025.0,2025.0,6001.0,7850.0,24225.0,1350000.0,1695000.0,2175000.0,0.1163,,9,brand_model,median,arabam=9,9,0,True,True,CRITICAL,5,9 gercek egitim kaydi (ham: 9). hierarchical_price destegi dusuk (n=9); model yili cesitliligi cok dusuk (1 farkli yil); UI kataloginda secilebilir (kullanici gercekten bu araci secebilir).,False,tek model yili: yil ekseninde interpolasyon bolgesi yok; guvenli olmadigi icin onerilen sayi yariya indirildi (asil oneri 10 idi),2025-2025,"6,001-24,225","1,350,000-2,175,000"
Kia,Magentis,9,9,3,2003.0,2008.0,199200.0,265000.0,340000.0,200000.0,350000.0,600000.0,0.3062,-0.0014,9,brand_model,theil_sen,"arabam=4, kaggle=5",4,5,True,True,CRITICAL,11,9 gercek egitim kaydi (ham: 9). hierarchical_price destegi dusuk (n=9); fiyat araligi cok genis (max/min=3.0x); UI kataloginda secilebilir (kullanici gercekten bu araci secebilir).,True,,2003-2008,"199,200-340,000","200,000-600,000"
Leapmotor,T03,10,9,3,2022.0,2024.0,25000.0,51000.0,88000.0,708888.0,979000.0,1095000.0,0.1293,-0.4825,9,brand_model,theil_sen,"arabam=9, kaggle=1",9,1,True,True,CRITICAL,11,9 gercek egitim kaydi (ham: 10). hierarchical_price destegi dusuk (n=9); UI kataloginda secilebilir (kullanici gercekten bu araci secebilir).,True,,2022-2024,"25,000-88,000","708,888-1,095,000"
Skoda,Elroq,9,9,1,2025.0,2025.0,6001.0,9500.0,18000.0,2100000.0,2160000.0,2300000.0,0.0286,,9,brand_model,median,arabam=9,9,0,True,True,CRITICAL,5,9 gercek egitim kaydi (ham: 9). hierarchical_price destegi dusuk (n=9); model yili cesitliligi cok dusuk (1 farkli yil); UI kataloginda secilebilir (kullanici gercekten bu araci secebilir).,False,tek model yili: yil ekseninde interpolasyon bolgesi yok; guvenli olmadigi icin onerilen sayi yariya indirildi (asil oneri 10 idi),2025-2025,"6,001-18,000","2,100,000-2,300,000"
Volkswagen,The Beetle,9,9,2,1974.0,1979.0,92635.0,157050.0,240000.0,149999.0,450000.0,950000.0,0.5286,0.6823,9,brand_model,theil_sen,arabam=9,9,0,True,True,CRITICAL,11,9 gercek egitim kaydi (ham: 9). hierarchical_price destegi dusuk (n=9); model yili cesitliligi cok dusuk (2 farkli yil); fiyat araligi cok genis (max/min=6.3x); UI kataloginda secilebilir (kullanici gercekten bu araci secebilir).,True,,1974-1979,"92,635-240,000","149,999-950,000"
Volvo,C70,9,9,6,2000.0,2012.0,89118.0,176000.0,225369.0,490000.0,1070000.0,2150000.0,0.414,-0.9828,9,brand_model,theil_sen,"arabam=3, kaggle=6",3,6,True,True,CRITICAL,11,9 gercek egitim kaydi (ham: 9). hierarchical_price destegi dusuk (n=9); fiyat araligi cok genis (max/min=4.4x); UI kataloginda secilebilir (kullanici gercekten bu araci secebilir).,True,,2000-2012,"89,118-225,369","490,000-2,150,000"
Yuki,Amy,10,9,4,2022.0,2025.0,6001.0,7000.0,13000.0,215000.0,379000.0,489000.0,0.2043,0.0823,9,brand_model,theil_sen,"arabam=6, kaggle=4",6,4,True,True,CRITICAL,11,9 gercek egitim kaydi (ham: 10). hierarchical_price destegi dusuk (n=9); UI kataloginda secilebilir (kullanici gercekten bu araci secebilir).,True,,2022-2025,"6,001-13,000","215,000-489,000"
Daihatsu,Charade,6,6,2,1998.0,1999.0,150000.0,200284.0,343000.0,199000.0,232875.0,280000.0,0.1079,-0.7216,6,brand_model,theil_sen,"arabam=3, kaggle=3",3,3,True,True,HIGH,5,"6 gercek egitim kaydi (ham: 6). hierarchical_price destegi dusuk (n=6); model yili cesitliligi cok dusuk (2 farkli yil); UI kataloginda secilebilir (kullanici gercekten bu araci secebilir). azaltici: dusuk fiyat etkisi (medyan 232,875 <= p25 esigi 320,000).",True,,1998-1999,"150,000-343,000","199,000-280,000"
Fiat,126 Bis,6,6,4,1978.0,1995.0,6000.0,139000.0,219000.0,95000.0,134950.0,165000.0,0.1808,-0.812,6,brand_model,theil_sen,"arabam=5, kaggle=1",5,1,True,True,HIGH,5,"6 gercek egitim kaydi (ham: 6). hierarchical_price destegi dusuk (n=6); UI kataloginda secilebilir (kullanici gercekten bu araci secebilir). azaltici: dusuk fiyat etkisi (medyan 134,950 <= p25 esigi 320,000).",True,,1978-1995,"6,000-219,000","95,000-165,000"
Mercedes - Benz,Maybach S,25,6,4,2015.0,2019.0,102000.0,131500.0,240869.0,7950000.0,10600000.0,11900000.0,0.1413,-0.9062,6,brand_model,theil_sen,"arabam=16, kaggle=9",16,9,True,True,HIGH,5,"6 gercek egitim kaydi (ham: 25). premium fiyat segmenti (medyan 10,600,000 >= p90 esigi 3,375,000); hierarchical_price destegi dusuk (n=6); UI kataloginda secilebilir (kullanici gercekten bu araci secebilir). azaltici: zaten yeterli GUNCEL gercek ornek (arabam=16).",True,,2015-2019,"102,000-240,869","7,950,000-11,900,000"
Nissan,NX Coupe,6,6,2,1992.0,1993.0,123000.0,280000.0,540000.0,200000.0,290000.0,420000.0,0.255,0.0676,6,brand_model,theil_sen,"arabam=5, kaggle=1",5,1,True,True,HIGH,5,"6 gercek egitim kaydi (ham: 6). hierarchical_price destegi dusuk (n=6); model yili cesitliligi cok dusuk (2 farkli yil); UI kataloginda secilebilir (kullanici gercekten bu araci secebilir). azaltici: dusuk fiyat etkisi (medyan 290,000 <= p25 esigi 320,000).",True,,1992-1993,"123,000-540,000","200,000-420,000"
Rover,420,6,6,3,1997.0,1999.0,240000.0,325500.0,395000.0,165000.0,197000.0,240000.0,0.126,-0.0488,6,brand_model,theil_sen,"arabam=2, kaggle=4",2,4,True,True,HIGH,5,"6 gercek egitim kaydi (ham: 6). hierarchical_price destegi dusuk (n=6); UI kataloginda secilebilir (kullanici gercekten bu araci secebilir). azaltici: dusuk fiyat etkisi (medyan 197,000 <= p25 esigi 320,000).",True,,1997-1999,"240,000-395,000","165,000-240,000"
Rover,45,6,6,2,2000.0,2005.0,199000.0,243711.5,469000.0,165500.0,227000.0,360000.0,0.2812,-0.7693,6,brand_model,theil_sen,"arabam=3, kaggle=3",3,3,True,True,HIGH,5,"6 gercek egitim kaydi (ham: 6). hierarchical_price destegi dusuk (n=6); model yili cesitliligi cok dusuk (2 farkli yil); UI kataloginda secilebilir (kullanici gercekten bu araci secebilir). azaltici: dusuk fiyat etkisi (medyan 227,000 <= p25 esigi 320,000).",True,,2000-2005,"199,000-469,000","165,500-360,000"
Suzuki,Liana,6,6,2,2002.0,2003.0,272000.0,303000.0,320000.0,229000.0,281500.0,385000.0,0.1865,-0.2986,6,brand_model,theil_sen,"arabam=4, kaggle=2",4,2,True,True,HIGH,5,"6 gercek egitim kaydi (ham: 6). hierarchical_price destegi dusuk (n=6); model yili cesitliligi cok dusuk (2 farkli yil); UI kataloginda secilebilir (kullanici gercekten bu araci secebilir). azaltici: dusuk fiyat etkisi (medyan 281,500 <= p25 esigi 320,000).",True,,2002-2003,"272,000-320,000","229,000-385,000"
Arora,Polo Plus,7,7,2,2025.0,2026.0,0.0,0.0,6001.0,135000.0,174990.0,209999.0,0.1227,-0.6778,7,brand_model,theil_sen,arabam=7,7,0,True,True,HIGH,6,"7 gercek egitim kaydi (ham: 7). hierarchical_price destegi dusuk (n=7); model yili cesitliligi cok dusuk (2 farkli yil); UI kataloginda secilebilir (kullanici gercekten bu araci secebilir). azaltici: dusuk fiyat etkisi (medyan 174,990 <= p25 esigi 320,000).",True,,2025-2026,"0-6,001","135,000-209,999"
Daewoo,Leganza,7,7,2,1998.0,1999.0,207000.0,226000.0,380000.0,175000.0,215000.0,385000.0,0.2831,-0.807,7,brand_model,theil_sen,"arabam=4, kaggle=3",4,3,True,True,HIGH,6,"7 gercek egitim kaydi (ham: 7). hierarchical_price destegi dusuk (n=7); model yili cesitliligi cok dusuk (2 farkli yil); UI kataloginda secilebilir (kullanici gercekten bu araci secebilir). azaltici: dusuk fiyat etkisi (medyan 215,000 <= p25 esigi 320,000).",True,,1998-1999,"207,000-380,000","175,000-385,000"
Fiat,Ulysse,27,7,2,2023.0,2024.0,24000.0,52000.0,75000.0,1199000.0,1395000.0,1475000.0,0.0755,0.46,7,brand_model,theil_sen,arabam=27,27,0,True,True,HIGH,6,7 gercek egitim kaydi (ham: 27). hierarchical_price destegi dusuk (n=7); model yili cesitliligi cok dusuk (2 farkli yil); UI kataloginda secilebilir (kullanici gercekten bu araci secebilir). azaltici: zaten yeterli GUNCEL gercek ornek (arabam=27).,True,,2023-2024,"24,000-75,000","1,199,000-1,475,000"
Mitsubishi,Galant,7,7,2,1986.0,1990.0,131000.0,281000.0,400000.0,120000.0,150000.0,310000.0,0.3426,-0.1349,7,brand_model,theil_sen,"arabam=2, kaggle=5",2,5,True,True,HIGH,6,"7 gercek egitim kaydi (ham: 7). hierarchical_price destegi dusuk (n=7); model yili cesitliligi cok dusuk (2 farkli yil); UI kataloginda secilebilir (kullanici gercekten bu araci secebilir). azaltici: dusuk fiyat etkisi (medyan 150,000 <= p25 esigi 320,000).",True,,1986-1990,"131,000-400,000","120,000-310,000"
Regal Raptor,K5 Long,7,7,5,2022.0,2026.0,0.0,6000.0,6001.0,130000.0,187750.0,235000.0,0.1995,-0.6017,7,brand_model,theil_sen,"arabam=4, kaggle=3",4,3,True,True,HIGH,6,"7 gercek egitim kaydi (ham: 7). hierarchical_price destegi dusuk (n=7); UI kataloginda secilebilir (kullanici gercekten bu araci secebilir). azaltici: dusuk fiyat etkisi (medyan 187,750 <= p25 esigi 320,000).",True,,2022-2026,"0-6,001","130,000-235,000"
Subaru,Vivio,7,7,3,1994.0,1998.0,38000.0,110000.0,300000.0,70000.0,185000.0,214500.0,0.2728,-0.0465,7,brand_model,theil_sen,"arabam=3, kaggle=4",3,4,True,True,HIGH,6,"7 gercek egitim kaydi (ham: 7). hierarchical_price destegi dusuk (n=7); fiyat araligi cok genis (max/min=3.1x); UI kataloginda secilebilir (kullanici gercekten bu araci secebilir). azaltici: dusuk fiyat etkisi (medyan 185,000 <= p25 esigi 320,000).",True,,1994-1998,"38,000-300,000","70,000-214,500"
Volvo,940,7,7,2,1991.0,1993.0,189000.0,307000.0,516000.0,149000.0,255000.0,940000.0,0.7073,0.1811,7,brand_model,theil_sen,"arabam=4, kaggle=3",4,3,True,True,HIGH,6,"7 gercek egitim kaydi (ham: 7). hierarchical_price destegi dusuk (n=7); model yili cesitliligi cok dusuk (2 farkli yil); fiyat araligi cok genis (max/min=6.3x); UI kataloginda secilebilir (kullanici gercekten bu araci secebilir). azaltici: dusuk fiyat etkisi (medyan 255,000 <= p25 esigi 320,000).",True,,1991-1993,"189,000-516,000","149,000-940,000"
Daewoo,Tico,8,8,3,1997.0,1999.0,162000.0,261000.0,325000.0,85000.0,133500.0,299000.0,0.4803,-0.2571,8,brand_model,theil_sen,"arabam=5, kaggle=3",5,3,True,True,HIGH,6,"8 gercek egitim kaydi (ham: 8). hierarchical_price destegi dusuk (n=8); fiyat araligi cok genis (max/min=3.5x); UI kataloginda secilebilir (kullanici gercekten bu araci secebilir). azaltici: dusuk fiyat etkisi (medyan 133,500 <= p25 esigi 320,000).",True,,1997-1999,"162,000-325,000","85,000-299,000"
Daihatsu,YRV,8,8,3,2002.0,2006.0,158000.0,264795.0,300000.0,190000.0,317500.0,385000.0,0.1909,-0.2521,8,brand_model,theil_sen,"arabam=4, kaggle=4",4,4,True,True,HIGH,6,"8 gercek egitim kaydi (ham: 8). hierarchical_price destegi dusuk (n=8); UI kataloginda secilebilir (kullanici gercekten bu araci secebilir). azaltici: dusuk fiyat etkisi (medyan 317,500 <= p25 esigi 320,000).",True,,2002-2006,"158,000-300,000","190,000-385,000"
Honda,Integra,8,8,2,1991.0,1992.0,136000.0,325000.0,401500.0,174500.0,296500.0,350000.0,0.1707,0.5179,8,brand_model,theil_sen,"arabam=4, kaggle=4",4,4,True,True,HIGH,6,"8 gercek egitim kaydi (ham: 8). hierarchical_price destegi dusuk (n=8); model yili cesitliligi cok dusuk (2 farkli yil); UI kataloginda secilebilir (kullanici gercekten bu araci secebilir). azaltici: dusuk fiyat etkisi (medyan 296,500 <= p25 esigi 320,000).",True,,1991-1992,"136,000-401,500","174,500-350,000"
Mazda,RX,10,8,4,2004.0,2011.0,75000.0,106000.0,190000.0,760000.0,875000.0,1550000.0,0.3021,-0.6295,8,brand_model,theil_sen,arabam=10,10,0,True,True,HIGH,6,8 gercek egitim kaydi (ham: 10). hierarchical_price destegi dusuk (n=8); UI kataloginda secilebilir (kullanici gercekten bu araci secebilir). azaltici: zaten yeterli GUNCEL gercek ornek (arabam=10).,True,,2004-2011,"75,000-190,000","760,000-1,550,000"
Nissan,Laurel Altima,8,8,3,1990.0,1992.0,160000.0,317500.0,440000.0,80000.0,177500.0,297000.0,0.4253,0.1202,8,brand_model,theil_sen,"arabam=4, kaggle=4",4,4,True,True,HIGH,6,"8 gercek egitim kaydi (ham: 8). hierarchical_price destegi dusuk (n=8); fiyat araligi cok genis (max/min=3.7x); UI kataloginda secilebilir (kullanici gercekten bu araci secebilir). azaltici: dusuk fiyat etkisi (medyan 177,500 <= p25 esigi 320,000).",True,,1990-1992,"160,000-440,000","80,000-297,000"
Proton,315,8,8,2,1998.0,1999.0,186666.0,283500.0,345000.0,135000.0,190000.0,245000.0,0.1625,0.2026,8,brand_model,theil_sen,"arabam=2, kaggle=6",2,6,True,True,HIGH,6,"8 gercek egitim kaydi (ham: 8). hierarchical_price destegi dusuk (n=8); model yili cesitliligi cok dusuk (2 farkli yil); UI kataloginda secilebilir (kullanici gercekten bu araci secebilir). azaltici: dusuk fiyat etkisi (medyan 190,000 <= p25 esigi 320,000).",True,,1998-1999,"186,666-345,000","135,000-245,000"
Renault,R 5,8,8,5,1989.0,1995.0,96000.0,240750.0,284000.0,95000.0,160000.0,320000.0,0.3739,0.2986,8,brand_model,theil_sen,arabam=8,8,0,True,True,HIGH,6,"8 gercek egitim kaydi (ham: 8). hierarchical_price destegi dusuk (n=8); fiyat araligi cok genis (max/min=3.4x); UI kataloginda secilebilir (kullanici gercekten bu araci secebilir). azaltici: dusuk fiyat etkisi (medyan 160,000 <= p25 esigi 320,000).",True,,1989-1995,"96,000-284,000","95,000-320,000"
Volkswagen,Tayron,52,8,1,2025.0,2025.0,6001.0,6540.0,34500.0,2725000.0,2834500.0,2990000.0,0.0284,,8,brand_model,median,arabam=52,52,0,True,True,HIGH,3,8 gercek egitim kaydi (ham: 52). hierarchical_price destegi dusuk (n=8); model yili cesitliligi cok dusuk (1 farkli yil); UI kataloginda secilebilir (kullanici gercekten bu araci secebilir). azaltici: zaten yeterli GUNCEL gercek ornek (arabam=52).,False,tek model yili: yil ekseninde interpolasyon bolgesi yok; guvenli olmadigi icin onerilen sayi yariya indirildi (asil oneri 6 idi),2025-2025,"6,001-34,500","2,725,000-2,990,000"
Anadol,A2 SL,10,9,6,1972.0,1984.0,89056.0,140000.0,245000.0,90000.0,165000.0,250000.0,0.2611,0.1923,9,brand_model,theil_sen,kaggle=10,0,10,True,True,HIGH,7,"9 gercek egitim kaydi (ham: 10). hierarchical_price destegi dusuk (n=9); UI kataloginda secilebilir (kullanici gercekten bu araci secebilir). azaltici: dusuk fiyat etkisi (medyan 165,000 <= p25 esigi 320,000).",True,,1972-1984,"89,056-245,000","90,000-250,000"
Audi,100 Serisi,9,9,6,1981.0,1992.0,128000.0,340000.0,446000.0,157500.0,260000.0,550000.0,0.403,0.133,9,brand_model,theil_sen,"arabam=6, kaggle=3",6,3,True,True,HIGH,7,"9 gercek egitim kaydi (ham: 9). hierarchical_price destegi dusuk (n=9); fiyat araligi cok genis (max/min=3.5x); UI kataloginda secilebilir (kullanici gercekten bu araci secebilir). azaltici: dusuk fiyat etkisi (medyan 260,000 <= p25 esigi 320,000).",True,,1981-1992,"128,000-446,000","157,500-550,000"
Audi,Q8 E-Tron,10,9,2,2023.0,2024.0,31000.0,47500.0,76062.0,4750000.0,5100000.0,5400000.0,0.0458,-0.2186,9,brand_model,theil_sen,arabam=10,10,0,True,True,HIGH,7,"9 gercek egitim kaydi (ham: 10). premium fiyat segmenti (medyan 5,100,000 >= p90 esigi 3,375,000); hierarchical_price destegi dusuk (n=9); model yili cesitliligi cok dusuk (2 farkli yil); UI kataloginda secilebilir (kullanici gercekten bu araci secebilir). azaltici: zaten yeterli GUNCEL gercek ornek (arabam=10).",True,,2023-2024,"31,000-76,062","4,750,000-5,400,000"
Audi,RS,35,9,4,2001.0,2016.0,99000.0,130000.0,238000.0,2400000.0,6395000.0,7999000.0,0.3355,-0.4057,9,brand_model,theil_sen,"arabam=21, kaggle=14",21,14,True,True,HIGH,7,"9 gercek egitim kaydi (ham: 35). premium fiyat segmenti (medyan 6,395,000 >= p90 esigi 3,375,000); hierarchical_price destegi dusuk (n=9); fiyat araligi cok genis (max/min=3.3x); UI kataloginda secilebilir (kullanici gercekten bu araci secebilir). azaltici: zaten yeterli GUNCEL gercek ornek (arabam=21).",True,,2001-2016,"99,000-238,000","2,400,000-7,999,000"
Chevrolet,Camaro,31,9,8,1976.0,2012.0,121000.0,180000.0,260000.0,340000.0,2200000.0,2775000.0,0.347,0.1097,9,brand_model,theil_sen,"arabam=15, kaggle=16",15,16,True,True,HIGH,7,9 gercek egitim kaydi (ham: 31). hierarchical_price destegi dusuk (n=9); fiyat araligi cok genis (max/min=8.2x); UI kataloginda secilebilir (kullanici gercekten bu araci secebilir). azaltici: zaten yeterli GUNCEL gercek ornek (arabam=15).,True,,1976-2012,"121,000-260,000","340,000-2,775,000"
Daewoo,Matiz,9,9,4,1999.0,2012.0,134100.0,204000.0,290000.0,110000.0,185000.0,320000.0,0.2977,-0.8337,9,brand_model,theil_sen,"arabam=5, kaggle=4",5,4,True,True,HIGH,7,"9 gercek egitim kaydi (ham: 9). hierarchical_price destegi dusuk (n=9); UI kataloginda secilebilir (kullanici gercekten bu araci secebilir). azaltici: dusuk fiyat etkisi (medyan 185,000 <= p25 esigi 320,000).",True,,1999-2012,"134,100-290,000","110,000-320,000"
Daewoo,Racer,9,9,2,1996.0,1997.0,111111.0,215000.0,350000.0,51500.0,125000.0,185000.0,0.3246,-0.2352,9,brand_model,theil_sen,"arabam=6, kaggle=3",6,3,True,True,HIGH,7,"9 gercek egitim kaydi (ham: 9). hierarchical_price destegi dusuk (n=9); model yili cesitliligi cok dusuk (2 farkli yil); fiyat araligi cok genis (max/min=3.6x); UI kataloginda secilebilir (kullanici gercekten bu araci secebilir). azaltici: dusuk fiyat etkisi (medyan 125,000 <= p25 esigi 320,000).",True,,1996-1997,"111,111-350,000","51,500-185,000"
Ford,Mustang,27,9,7,1994.0,2007.0,59000.0,111500.0,256000.0,900000.0,1590000.0,2100000.0,0.3079,-0.8882,9,brand_model,theil_sen,"arabam=22, kaggle=5",22,5,True,True,HIGH,7,9 gercek egitim kaydi (ham: 27). hierarchical_price destegi dusuk (n=9); UI kataloginda secilebilir (kullanici gercekten bu araci secebilir). azaltici: zaten yeterli GUNCEL gercek ornek (arabam=22).,True,,1994-2007,"59,000-256,000","900,000-2,100,000"
Mercedes - Benz,V Serisi,18,9,6,2015.0,2024.0,19660.0,75000.0,275000.0,3150000.0,5850000.0,8750000.0,0.3612,-0.4058,9,brand_model,theil_sen,arabam=18,18,0,True,True,HIGH,7,"9 gercek egitim kaydi (ham: 18). premium fiyat segmenti (medyan 5,850,000 >= p90 esigi 3,375,000); hierarchical_price destegi dusuk (n=9); UI kataloginda secilebilir (kullanici gercekten bu araci secebilir). azaltici: zaten yeterli GUNCEL gercek ornek (arabam=18).",True,,2015-2024,"19,660-275,000","3,150,000-8,750,000"
Peugeot,405,9,9,5,1991.0,1998.0,98000.0,275000.0,472000.0,95000.0,189577.0,365000.0,0.3864,-0.3822,9,brand_model,theil_sen,"arabam=5, kaggle=4",5,4,True,True,HIGH,7,"9 gercek egitim kaydi (ham: 9). hierarchical_price destegi dusuk (n=9); fiyat araligi cok genis (max/min=3.8x); UI kataloginda secilebilir (kullanici gercekten bu araci secebilir). azaltici: dusuk fiyat etkisi (medyan 189,577 <= p25 esigi 320,000).",True,,1991-1998,"98,000-472,000","95,000-365,000"
Proton,Savvy,9,9,2,2008.0,2009.0,123000.0,151000.0,271000.0,255000.0,295000.0,360000.0,0.1063,-0.0874,9,brand_model,theil_sen,"arabam=4, kaggle=5",4,5,True,True,HIGH,7,"9 gercek egitim kaydi (ham: 9). hierarchical_price destegi dusuk (n=9); model yili cesitliligi cok dusuk (2 farkli yil); UI kataloginda secilebilir (kullanici gercekten bu araci secebilir). azaltici: dusuk fiyat etkisi (medyan 295,000 <= p25 esigi 320,000).",True,,2008-2009,"123,000-271,000","255,000-360,000"
Proton,Waja,9,9,4,2006.0,2009.0,135000.0,303000.0,345000.0,160000.0,260000.0,340000.0,0.1929,-0.4779,9,brand_model,theil_sen,"arabam=3, kaggle=6",3,6,True,True,HIGH,7,"9 gercek egitim kaydi (ham: 9). hierarchical_price destegi dusuk (n=9); UI kataloginda secilebilir (kullanici gercekten bu araci secebilir). azaltici: dusuk fiyat etkisi (medyan 260,000 <= p25 esigi 320,000).",True,,2006-2009,"135,000-345,000","160,000-340,000"
Reeder,Reev Fancy,10,9,2,2025.0,2026.0,6000.0,6010.0,6666.0,281500.0,350000.0,410000.0,0.1271,-0.5575,9,brand_model,theil_sen,arabam=10,10,0,True,True,HIGH,7,9 gercek egitim kaydi (ham: 10). hierarchical_price destegi dusuk (n=9); model yili cesitliligi cok dusuk (2 farkli yil); UI kataloginda secilebilir (kullanici gercekten bu araci secebilir). azaltici: zaten yeterli GUNCEL gercek ornek (arabam=10).,True,,2025-2026,"6,000-6,666","281,500-410,000"
Rover,25,9,9,2,2000.0,2001.0,177000.0,282000.0,330000.0,180000.0,270000.0,285000.0,0.1385,0.0383,9,brand_model,theil_sen,"arabam=7, kaggle=2",7,2,True,True,HIGH,7,"9 gercek egitim kaydi (ham: 9). hierarchical_price destegi dusuk (n=9); model yili cesitliligi cok dusuk (2 farkli yil); UI kataloginda secilebilir (kullanici gercekten bu araci secebilir). azaltici: dusuk fiyat etkisi (medyan 270,000 <= p25 esigi 320,000).",True,,2000-2001,"177,000-330,000","180,000-285,000"
Hyundai,ix20,10,10,2,2011.0,2012.0,123000.0,214300.0,258000.0,540000.0,724450.0,825000.0,0.1336,-0.0143,10,brand_model,theil_sen,"arabam=9, kaggle=1",9,1,True,True,HIGH,10,10 gercek egitim kaydi (ham: 10). model yili cesitliligi cok dusuk (2 farkli yil); UI kataloginda secilebilir (kullanici gercekten bu araci secebilir).,True,,2011-2012,"123,000-258,000","540,000-825,000"
Mini,John Cooper,14,10,6,2009.0,2023.0,12600.0,130000.0,246200.0,855000.0,1282500.0,3050000.0,0.4062,-0.7868,10,brand_model,theil_sen,"arabam=8, kaggle=6",8,6,True,True,HIGH,10,10 gercek egitim kaydi (ham: 14). fiyat araligi cok genis (max/min=3.6x); UI kataloginda secilebilir (kullanici gercekten bu araci secebilir).,True,,2009-2023,"12,600-246,200","855,000-3,050,000"
Volvo,V70,10,10,8,1999.0,2012.0,180000.0,351250.0,462000.0,449500.0,662375.0,2150000.0,0.6416,0.2355,10,brand_model,theil_sen,"arabam=5, kaggle=5",5,5,True,True,HIGH,10,10 gercek egitim kaydi (ham: 10). fiyat araligi cok genis (max/min=4.8x); UI kataloginda secilebilir (kullanici gercekten bu araci secebilir).,True,,1999-2012,"180,000-462,000","449,500-2,150,000"
Chevrolet,Evanda,11,11,3,2004.0,2006.0,85000.0,260000.0,313000.0,115000.0,330000.0,355000.0,0.3218,0.8246,11,brand_model,theil_sen,"arabam=6, kaggle=5",6,5,True,True,HIGH,10,11 gercek egitim kaydi (ham: 11). fiyat araligi cok genis (max/min=3.1x); UI kataloginda secilebilir (kullanici gercekten bu araci secebilir).,True,,2004-2006,"85,000-313,000","115,000-355,000"
Dodge,Challenger,12,12,6,2012.0,2023.0,17000.0,37000.0,133000.0,4000000.0,7119500.0,9500000.0,0.2432,-0.6987,12,brand_model,theil_sen,"arabam=7, kaggle=5",7,5,True,True,HIGH,9,"12 gercek egitim kaydi (ham: 12). premium fiyat segmenti (medyan 7,119,500 >= p90 esigi 3,375,000); UI kataloginda secilebilir (kullanici gercekten bu araci secebilir).",True,,2012-2023,"17,000-133,000","4,000,000-9,500,000"
Mercedes - Benz,CLE,12,12,3,2023.0,2025.0,6001.0,16500.0,44000.0,5600000.0,6710000.0,8500000.0,0.1129,-0.3948,12,brand_model,theil_sen,"arabam=9, kaggle=3",9,3,True,True,HIGH,9,"12 gercek egitim kaydi (ham: 12). premium fiyat segmenti (medyan 6,710,000 >= p90 esigi 3,375,000); UI kataloginda secilebilir (kullanici gercekten bu araci secebilir).",True,,2023-2025,"6,001-44,000","5,600,000-8,500,000"
Audi,E-Tron GT,13,13,3,2021.0,2023.0,6100.0,32000.0,55000.0,5599000.0,6650000.0,7800000.0,0.0968,-0.371,13,brand_model,theil_sen,"arabam=8, kaggle=5",8,5,True,True,HIGH,9,"13 gercek egitim kaydi (ham: 13). premium fiyat segmenti (medyan 6,650,000 >= p90 esigi 3,375,000); UI kataloginda secilebilir (kullanici gercekten bu araci secebilir).",True,,2021-2023,"6,100-55,000","5,599,000-7,800,000"
Chrysler,Stratus,13,13,4,1996.0,2000.0,94000.0,262000.0,353000.0,295000.0,399000.0,985001.0,0.4252,-0.5309,13,brand_model,theil_sen,"arabam=6, kaggle=7",6,7,True,True,HIGH,9,13 gercek egitim kaydi (ham: 13). fiyat araligi cok genis (max/min=3.3x); UI kataloginda secilebilir (kullanici gercekten bu araci secebilir).,True,,1996-2000,"94,000-353,000","295,000-985,001"
Maserati,GranTurismo,13,13,6,2007.0,2013.0,46143.0,75000.0,124559.0,3000000.0,5250000.0,7000000.0,0.236,-0.4949,13,brand_model,theil_sen,"arabam=7, kaggle=6",7,6,True,True,HIGH,9,"13 gercek egitim kaydi (ham: 13). premium fiyat segmenti (medyan 5,250,000 >= p90 esigi 3,375,000); UI kataloginda secilebilir (kullanici gercekten bu araci secebilir).",True,,2007-2013,"46,143-124,559","3,000,000-7,000,000"
Mitsubishi,Attrage,14,14,2,2014.0,2015.0,70000.0,147500.0,235000.0,425000.0,614500.0,675000.0,0.1419,-0.2689,14,brand_model,theil_sen,"arabam=4, kaggle=10",4,10,True,True,HIGH,8,14 gercek egitim kaydi (ham: 14). model yili cesitliligi cok dusuk (2 farkli yil); UI kataloginda secilebilir (kullanici gercekten bu araci secebilir).,True,,2014-2015,"70,000-235,000","425,000-675,000"
Porsche,Cayman,15,15,6,2007.0,2015.0,38000.0,107000.0,165000.0,2695000.0,3890000.0,4750000.0,0.1603,-0.6299,15,brand_model,theil_sen,"arabam=7, kaggle=8",7,8,True,True,HIGH,8,"15 gercek egitim kaydi (ham: 15). premium fiyat segmenti (medyan 3,890,000 >= p90 esigi 3,375,000); UI kataloginda secilebilir (kullanici gercekten bu araci secebilir).",True,,2007-2015,"38,000-165,000","2,695,000-4,750,000"
Jaguar,S-Type,17,16,9,2000.0,2008.0,90000.0,279500.0,457000.0,279900.0,908000.0,1750000.0,0.403,-0.373,16,brand_model,theil_sen,"arabam=7, kaggle=10",7,10,True,True,HIGH,7,16 gercek egitim kaydi (ham: 17). fiyat araligi cok genis (max/min=6.3x); UI kataloginda secilebilir (kullanici gercekten bu araci secebilir).,True,,2000-2008,"90,000-457,000","279,900-1,750,000"
Seat,Alhambra,16,16,10,1999.0,2017.0,47000.0,208000.0,392000.0,345000.0,929500.0,1875000.0,0.5157,-0.9555,16,brand_model,theil_sen,"arabam=8, kaggle=8",8,8,True,True,HIGH,7,16 gercek egitim kaydi (ham: 16). fiyat araligi cok genis (max/min=5.4x); UI kataloginda secilebilir (kullanici gercekten bu araci secebilir).,True,,1999-2017,"47,000-392,000","345,000-1,875,000"
Porsche,718,17,17,7,2016.0,2024.0,0.0,11000.0,74026.0,4190000.0,7900000.0,27000000.0,0.6744,-0.7102,17,brand_model,theil_sen,"arabam=6, kaggle=11",6,11,True,True,HIGH,7,"17 gercek egitim kaydi (ham: 17). premium fiyat segmenti (medyan 7,900,000 >= p90 esigi 3,375,000); fiyat araligi cok genis (max/min=6.4x); UI kataloginda secilebilir (kullanici gercekten bu araci secebilir).",True,,2016-2024,"0-74,026","4,190,000-27,000,000"
Volvo,850,17,17,4,1992.0,1996.0,150000.0,306000.0,448000.0,150000.0,330000.0,575000.0,0.3714,-0.4994,17,brand_model,theil_sen,"arabam=7, kaggle=10",7,10,True,True,HIGH,7,17 gercek egitim kaydi (ham: 17). fiyat araligi cok genis (max/min=3.8x); UI kataloginda secilebilir (kullanici gercekten bu araci secebilir).,True,,1992-1996,"150,000-448,000","150,000-575,000"
Volkswagen,New Beetle,18,18,9,1998.0,2016.0,66350.0,150250.0,280000.0,380000.0,910000.0,1195000.0,0.2722,-0.9396,18,brand_model,theil_sen,kaggle=18,0,18,True,True,HIGH,6,18 gercek egitim kaydi (ham: 18). fiyat araligi cok genis (max/min=3.1x); UI kataloginda secilebilir (kullanici gercekten bu araci secebilir).,True,,1998-2016,"66,350-280,000","380,000-1,195,000"
Audi,Q8,21,10,3,2018.0,2024.0,35000.0,105500.0,179000.0,7250000.0,7724500.0,8690000.0,0.0725,-0.8362,10,brand_model,theil_sen,arabam=21,21,0,True,True,MEDIUM,6,"10 gercek egitim kaydi (ham: 21). premium fiyat segmenti (medyan 7,724,500 >= p90 esigi 3,375,000); UI kataloginda secilebilir (kullanici gercekten bu araci secebilir). azaltici: zaten yeterli GUNCEL gercek ornek (arabam=21).",True,,2018-2024,"35,000-179,000","7,250,000-8,690,000"
Daihatsu,Materia,10,10,3,2007.0,2009.0,138500.0,233000.0,333000.0,320000.0,467500.0,630000.0,0.1758,-0.392,10,brand_model,theil_sen,"arabam=5, kaggle=5",5,5,True,True,MEDIUM,10,10 gercek egitim kaydi (ham: 10). UI kataloginda secilebilir (kullanici gercekten bu araci secebilir).,True,,2007-2009,"138,500-333,000","320,000-630,000"
Kia,Capital,10,10,2,1993.0,1994.0,100000.0,336500.0,400000.0,70000.0,127500.0,165000.0,0.2194,-0.5525,10,brand_model,theil_sen,"arabam=6, kaggle=4",6,4,True,True,MEDIUM,6,"10 gercek egitim kaydi (ham: 10). model yili cesitliligi cok dusuk (2 farkli yil); UI kataloginda secilebilir (kullanici gercekten bu araci secebilir). azaltici: dusuk fiyat etkisi (medyan 127,500 <= p25 esigi 320,000).",True,,1993-1994,"100,000-400,000","70,000-165,000"
Lexus,RX,10,10,6,2016.0,2023.0,46000.0,75000.0,216500.0,2750000.0,3837475.0,5580000.0,0.2052,-0.7027,10,brand_model,theil_sen,arabam=10,10,0,True,True,MEDIUM,6,"10 gercek egitim kaydi (ham: 10). premium fiyat segmenti (medyan 3,837,475 >= p90 esigi 3,375,000); UI kataloginda secilebilir (kullanici gercekten bu araci secebilir). azaltici: zaten yeterli GUNCEL gercek ornek (arabam=10).",True,,2016-2023,"46,000-216,500","2,750,000-5,580,000"
Mercedes - Benz,AMG GT,16,10,6,2016.0,2023.0,25200.0,61500.0,149000.0,8740000.0,12150000.0,13500000.0,0.144,-0.0579,10,brand_model,theil_sen,"arabam=11, kaggle=5",11,5,True,True,MEDIUM,6,"10 gercek egitim kaydi (ham: 16). premium fiyat segmenti (medyan 12,150,000 >= p90 esigi 3,375,000); UI kataloginda secilebilir (kullanici gercekten bu araci secebilir). azaltici: zaten yeterli GUNCEL gercek ornek (arabam=11).",True,,2016-2023,"25,200-149,000","8,740,000-13,500,000"
Mercedes - Benz,GLE Coupe,10,10,4,2015.0,2022.0,39180.0,195538.0,360000.0,2550000.0,3827500.0,10450000.0,0.4473,-0.8355,10,brand_model,theil_sen,arabam=10,10,0,True,True,MEDIUM,6,"10 gercek egitim kaydi (ham: 10). premium fiyat segmenti (medyan 3,827,500 >= p90 esigi 3,375,000); fiyat araligi cok genis (max/min=4.1x); UI kataloginda secilebilir (kullanici gercekten bu araci secebilir). azaltici: zaten yeterli GUNCEL gercek ornek (arabam=10).",True,,2015-2022,"39,180-360,000","2,550,000-10,450,000"
Ssangyong,Actyon,15,10,4,2008.0,2025.0,28000.0,218000.0,430000.0,285000.0,650000.0,2599000.0,0.8134,-0.9778,10,brand_model,theil_sen,arabam=15,15,0,True,True,MEDIUM,6,10 gercek egitim kaydi (ham: 15). fiyat araligi cok genis (max/min=9.1x); UI kataloginda secilebilir (kullanici gercekten bu araci secebilir). azaltici: zaten yeterli GUNCEL gercek ornek (arabam=15).,True,,2008-2025,"28,000-430,000","285,000-2,599,000"
Toyota,Land Cruiser Prado,22,10,7,1999.0,2010.0,262000.0,396500.0,510000.0,815000.0,1587500.0,2545000.0,0.3023,-0.8789,10,brand_model,theil_sen,arabam=22,22,0,True,True,MEDIUM,6,10 gercek egitim kaydi (ham: 22). fiyat araligi cok genis (max/min=3.1x); UI kataloginda secilebilir (kullanici gercekten bu araci secebilir). azaltici: zaten yeterli GUNCEL gercek ornek (arabam=22).,True,,1999-2010,"262,000-510,000","815,000-2,545,000"
Cupra,Ateca,11,11,2,2023.0,2024.0,7500.0,40000.0,58000.0,1875000.0,2250000.0,2600000.0,0.0821,-0.2601,11,brand_model,theil_sen,arabam=11,11,0,True,True,MEDIUM,6,11 gercek egitim kaydi (ham: 11). model yili cesitliligi cok dusuk (2 farkli yil); UI kataloginda secilebilir (kullanici gercekten bu araci secebilir). azaltici: zaten yeterli GUNCEL gercek ornek (arabam=11).,True,,2023-2024,"7,500-58,000","1,875,000-2,600,000"
Fiat,Sedici,11,11,2,2007.0,2008.0,192000.0,246000.0,400008.0,350000.0,475000.0,555000.0,0.1562,-0.091,11,brand_model,theil_sen,arabam=11,11,0,True,True,MEDIUM,6,11 gercek egitim kaydi (ham: 11). model yili cesitliligi cok dusuk (2 farkli yil); UI kataloginda secilebilir (kullanici gercekten bu araci secebilir). azaltici: zaten yeterli GUNCEL gercek ornek (arabam=11).,True,,2007-2008,"192,000-400,008","350,000-555,000"
Ford,Festiva,11,11,2,1992.0,1994.0,188000.0,289000.0,350000.0,99000.0,119750.0,200000.0,0.239,-0.2608,11,brand_model,theil_sen,arabam=11,11,0,True,True,MEDIUM,6,"11 gercek egitim kaydi (ham: 11). model yili cesitliligi cok dusuk (2 farkli yil); UI kataloginda secilebilir (kullanici gercekten bu araci secebilir). azaltici: dusuk fiyat etkisi (medyan 119,750 <= p25 esigi 320,000); zaten yeterli GUNCEL gercek ornek (arabam=11).",True,,1992-1994,"188,000-350,000","99,000-200,000"
Opel,Agila,11,11,1,2001.0,2001.0,140000.0,220000.0,287000.0,163000.0,249750.0,315000.0,0.1697,,11,brand_model,median,"arabam=10, kaggle=1",10,1,True,True,MEDIUM,3,"11 gercek egitim kaydi (ham: 11). model yili cesitliligi cok dusuk (1 farkli yil); UI kataloginda secilebilir (kullanici gercekten bu araci secebilir). azaltici: dusuk fiyat etkisi (medyan 249,750 <= p25 esigi 320,000); zaten yeterli GUNCEL gercek ornek (arabam=10).",False,tek model yili: yil ekseninde interpolasyon bolgesi yok; guvenli olmadigi icin onerilen sayi yariya indirildi (asil oneri 6 idi),2001-2001,"140,000-287,000","163,000-315,000"
Opel,Kadett,11,11,6,1981.0,1991.0,35800.0,164000.0,400000.0,75000.0,135000.0,699000.0,0.9318,-0.2106,11,brand_model,theil_sen,"arabam=10, kaggle=1",10,1,True,True,MEDIUM,3,"11 gercek egitim kaydi (ham: 11). fiyat araligi cok genis (max/min=9.3x); UI kataloginda secilebilir (kullanici gercekten bu araci secebilir). azaltici: dusuk fiyat etkisi (medyan 135,000 <= p25 esigi 320,000); zaten yeterli GUNCEL gercek ornek (arabam=10).",False,fiyat varyasyonu asiri yuksek (cv=0.93>0.85) ve yasla aciklanamiyor (corr=-0.2106) - veri ici tutarsizlik supheli; guvenli olmadigi icin onerilen sayi yariya indirildi (asil oneri 6 idi),1981-1991,"35,800-400,000","75,000-699,000"
Suzuki,SX4 S-Cross,11,11,5,2010.0,2022.0,24722.0,113000.0,277000.0,385000.0,915000.0,1720000.0,0.36,-0.8783,11,brand_model,theil_sen,arabam=11,11,0,True,True,MEDIUM,6,11 gercek egitim kaydi (ham: 11). fiyat araligi cok genis (max/min=4.5x); UI kataloginda secilebilir (kullanici gercekten bu araci secebilir). azaltici: zaten yeterli GUNCEL gercek ornek (arabam=11).,True,,2010-2022,"24,722-277,000","385,000-1,720,000"
Audi,E-Tron,12,12,5,2019.0,2023.0,33000.0,65000.0,185000.0,2950000.0,3875450.0,5850000.0,0.1939,-0.0367,12,brand_model,theil_sen,arabam=12,12,0,True,True,MEDIUM,5,"12 gercek egitim kaydi (ham: 12). premium fiyat segmenti (medyan 3,875,450 >= p90 esigi 3,375,000); UI kataloginda secilebilir (kullanici gercekten bu araci secebilir). azaltici: zaten yeterli GUNCEL gercek ornek (arabam=12).",True,,2019-2023,"33,000-185,000","2,950,000-5,850,000"
Audi,Q6,12,12,1,2025.0,2025.0,6001.0,10309.5,37000.0,5100000.0,5744500.0,6250000.0,0.0637,,12,brand_model,median,arabam=12,12,0,True,True,MEDIUM,2,"12 gercek egitim kaydi (ham: 12). premium fiyat segmenti (medyan 5,744,500 >= p90 esigi 3,375,000); model yili cesitliligi cok dusuk (1 farkli yil); UI kataloginda secilebilir (kullanici gercekten bu araci secebilir). azaltici: zaten yeterli GUNCEL gercek ornek (arabam=12).",False,tek model yili: yil ekseninde interpolasyon bolgesi yok; guvenli olmadigi icin onerilen sayi yariya indirildi (asil oneri 4 idi),2025-2025,"6,001-37,000","5,100,000-6,250,000"
Ford,S-Max,12,12,6,2006.0,2020.0,122000.0,242500.0,379000.0,449000.0,700000.0,2200000.0,0.5712,-0.9176,12,brand_model,theil_sen,"arabam=11, kaggle=1",11,1,True,True,MEDIUM,5,12 gercek egitim kaydi (ham: 12). fiyat araligi cok genis (max/min=4.9x); UI kataloginda secilebilir (kullanici gercekten bu araci secebilir). azaltici: zaten yeterli GUNCEL gercek ornek (arabam=11).,True,,2006-2020,"122,000-379,000","449,000-2,200,000"
Ikco,Samand,13,12,2,2008.0,2009.0,80000.0,236000.0,317000.0,165000.0,261000.0,300000.0,0.15,0.5309,12,brand_model,theil_sen,"arabam=6, kaggle=7",6,7,True,True,MEDIUM,5,"12 gercek egitim kaydi (ham: 13). model yili cesitliligi cok dusuk (2 farkli yil); UI kataloginda secilebilir (kullanici gercekten bu araci secebilir). azaltici: dusuk fiyat etkisi (medyan 261,000 <= p25 esigi 320,000).",True,,2008-2009,"80,000-317,000","165,000-300,000"
Kia,Carens,12,12,6,2002.0,2008.0,99700.0,281500.0,390000.0,340000.0,397500.0,665000.0,0.2098,-0.6473,12,brand_model,theil_sen,"arabam=4, kaggle=8",4,8,True,True,MEDIUM,9,12 gercek egitim kaydi (ham: 12). UI kataloginda secilebilir (kullanici gercekten bu araci secebilir).,True,,2002-2008,"99,700-390,000","340,000-665,000"
Nissan,Pick Up,12,12,4,1996.0,1999.0,182000.0,360000.0,580000.0,210000.0,342500.0,650000.0,0.3586,-0.4336,12,brand_model,theil_sen,arabam=12,12,0,True,True,MEDIUM,5,12 gercek egitim kaydi (ham: 12). fiyat araligi cok genis (max/min=3.1x); UI kataloginda secilebilir (kullanici gercekten bu araci secebilir). azaltici: zaten yeterli GUNCEL gercek ornek (arabam=12).,True,,1996-1999,"182,000-580,000","210,000-650,000"
Proton,418,12,12,2,1998.0,1999.0,142000.0,262000.0,360000.0,149000.0,210000.0,360000.0,0.2427,-0.2438,12,brand_model,theil_sen,"arabam=2, kaggle=10",2,10,True,True,MEDIUM,5,"12 gercek egitim kaydi (ham: 12). model yili cesitliligi cok dusuk (2 farkli yil); UI kataloginda secilebilir (kullanici gercekten bu araci secebilir). azaltici: dusuk fiyat etkisi (medyan 210,000 <= p25 esigi 320,000).",True,,1998-1999,"142,000-360,000","149,000-360,000"
Renault,Espace,12,12,8,1997.0,2007.0,145000.0,265750.0,370000.0,199000.0,372500.0,750000.0,0.3181,-0.6675,12,brand_model,theil_sen,"arabam=11, kaggle=1",11,1,True,True,MEDIUM,5,12 gercek egitim kaydi (ham: 12). fiyat araligi cok genis (max/min=3.8x); UI kataloginda secilebilir (kullanici gercekten bu araci secebilir). azaltici: zaten yeterli GUNCEL gercek ornek (arabam=11).,True,,1997-2007,"145,000-370,000","199,000-750,000"
Skoda,Citigo,12,12,2,2012.0,2013.0,85000.0,126000.0,214000.0,495000.0,617500.0,749000.0,0.134,0.2421,12,brand_model,theil_sen,"arabam=10, kaggle=2",10,2,True,True,MEDIUM,5,12 gercek egitim kaydi (ham: 12). model yili cesitliligi cok dusuk (2 farkli yil); UI kataloginda secilebilir (kullanici gercekten bu araci secebilir). azaltici: zaten yeterli GUNCEL gercek ornek (arabam=10).,True,,2012-2013,"85,000-214,000","495,000-749,000"
Toyota,Hi-Ace,12,12,7,1994.0,2009.0,30000.0,352777.5,511000.0,110000.0,220000.0,480000.0,0.4811,-0.6966,12,brand_model,theil_sen,arabam=12,12,0,True,True,MEDIUM,5,"12 gercek egitim kaydi (ham: 12). fiyat araligi cok genis (max/min=4.4x); UI kataloginda secilebilir (kullanici gercekten bu araci secebilir). azaltici: dusuk fiyat etkisi (medyan 220,000 <= p25 esigi 320,000); zaten yeterli GUNCEL gercek ornek (arabam=12).",True,,1994-2009,"30,000-511,000","110,000-480,000"
Volkswagen,EOS,12,12,3,2007.0,2009.0,140000.0,190600.0,255000.0,600000.0,775000.0,1035000.0,0.1607,-0.3958,12,brand_model,theil_sen,"arabam=9, kaggle=3",9,3,True,True,MEDIUM,9,12 gercek egitim kaydi (ham: 12). UI kataloginda secilebilir (kullanici gercekten bu araci secebilir).,True,,2007-2009,"140,000-255,000","600,000-1,035,000"
Mercedes - Benz,260,13,13,6,1986.0,1991.0,205000.0,314900.0,445400.0,329000.0,400000.0,1149000.0,0.4384,-0.265,13,brand_model,theil_sen,"arabam=11, kaggle=2",11,2,True,True,MEDIUM,5,13 gercek egitim kaydi (ham: 13). fiyat araligi cok genis (max/min=3.5x); UI kataloginda secilebilir (kullanici gercekten bu araci secebilir). azaltici: zaten yeterli GUNCEL gercek ornek (arabam=11).,True,,1986-1991,"205,000-445,400","329,000-1,149,000"
Renault,R5 E-Tech,13,13,1,2025.0,2025.0,6050.0,12000.0,25000.0,1515000.0,1695000.0,1800000.0,0.0453,,13,brand_model,median,arabam=13,13,0,True,True,MEDIUM,2,13 gercek egitim kaydi (ham: 13). model yili cesitliligi cok dusuk (1 farkli yil); UI kataloginda secilebilir (kullanici gercekten bu araci secebilir). azaltici: zaten yeterli GUNCEL gercek ornek (arabam=13).,False,tek model yili: yil ekseninde interpolasyon bolgesi yok; guvenli olmadigi icin onerilen sayi yariya indirildi (asil oneri 4 idi),2025-2025,"6,050-25,000","1,515,000-1,800,000"
Volkswagen,Vento,13,13,5,1995.0,2000.0,152000.0,285000.0,481000.0,90000.0,260000.0,415000.0,0.3079,0.5052,13,brand_model,theil_sen,"arabam=12, kaggle=1",12,1,True,True,MEDIUM,5,"13 gercek egitim kaydi (ham: 13). fiyat araligi cok genis (max/min=4.6x); UI kataloginda secilebilir (kullanici gercekten bu araci secebilir). azaltici: dusuk fiyat etkisi (medyan 260,000 <= p25 esigi 320,000); zaten yeterli GUNCEL gercek ornek (arabam=12).",True,,1995-2000,"152,000-481,000","90,000-415,000"
Fiat,Grande Panda Electric,15,14,1,2025.0,2025.0,6001.0,7050.0,25000.0,1299500.0,1347000.0,1425000.0,0.0258,,14,brand_model,median,arabam=15,15,0,True,True,MEDIUM,2,14 gercek egitim kaydi (ham: 15). model yili cesitliligi cok dusuk (1 farkli yil); UI kataloginda secilebilir (kullanici gercekten bu araci secebilir). azaltici: zaten yeterli GUNCEL gercek ornek (arabam=15).,False,tek model yili: yil ekseninde interpolasyon bolgesi yok; guvenli olmadigi icin onerilen sayi yariya indirildi (asil oneri 4 idi),2025-2025,"6,001-25,000","1,299,500-1,425,000"
Mitsubishi,Eclipse Cross,14,14,2,2018.0,2020.0,51000.0,103500.0,200000.0,1065000.0,1427500.0,1650000.0,0.1149,0.1619,14,brand_model,theil_sen,arabam=14,14,0,True,True,MEDIUM,4,14 gercek egitim kaydi (ham: 14). model yili cesitliligi cok dusuk (2 farkli yil); UI kataloginda secilebilir (kullanici gercekten bu araci secebilir). azaltici: zaten yeterli GUNCEL gercek ornek (arabam=14).,True,,2018-2020,"51,000-200,000","1,065,000-1,650,000"
Seat,Exeo,14,14,3,2009.0,2011.0,123456.0,236500.0,360000.0,450000.0,585000.0,715000.0,0.1324,-0.17,14,brand_model,theil_sen,"arabam=8, kaggle=6",8,6,True,True,MEDIUM,8,14 gercek egitim kaydi (ham: 14). UI kataloginda secilebilir (kullanici gercekten bu araci secebilir).,True,,2009-2011,"123,456-360,000","450,000-715,000"
Tesla,Model 3,14,14,4,2020.0,2023.0,6911.0,65467.5,123000.0,1595000.0,2189850.0,3450000.0,0.2317,-0.3538,14,brand_model,theil_sen,"arabam=5, kaggle=9",5,9,True,True,MEDIUM,8,14 gercek egitim kaydi (ham: 14). UI kataloginda secilebilir (kullanici gercekten bu araci secebilir).,True,,2020-2023,"6,911-123,000","1,595,000-3,450,000"
Toyota,Camry,14,14,10,1994.0,2008.0,103000.0,258500.0,450000.0,289000.0,604500.0,1270000.0,0.4521,-0.7451,14,brand_model,theil_sen,"arabam=10, kaggle=4",10,4,True,True,MEDIUM,4,14 gercek egitim kaydi (ham: 14). fiyat araligi cok genis (max/min=4.4x); UI kataloginda secilebilir (kullanici gercekten bu araci secebilir). azaltici: zaten yeterli GUNCEL gercek ornek (arabam=10).,True,,1994-2008,"103,000-450,000","289,000-1,270,000"
Ford,Sierra,15,15,6,1987.0,1993.0,100000.0,258000.0,600000.0,69000.0,165000.0,540000.0,0.5546,-0.485,15,brand_model,theil_sen,"arabam=12, kaggle=3",12,3,True,True,MEDIUM,4,"15 gercek egitim kaydi (ham: 15). fiyat araligi cok genis (max/min=7.8x); UI kataloginda secilebilir (kullanici gercekten bu araci secebilir). azaltici: dusuk fiyat etkisi (medyan 165,000 <= p25 esigi 320,000); zaten yeterli GUNCEL gercek ornek (arabam=12).",True,,1987-1993,"100,000-600,000","69,000-540,000"
Hyundai,Ioniq,15,15,4,2017.0,2025.0,0.0,25000.0,192000.0,820000.0,1675000.0,1990000.0,0.151,-0.8644,15,brand_model,theil_sen,kaggle=15,0,15,True,True,MEDIUM,8,15 gercek egitim kaydi (ham: 15). UI kataloginda secilebilir (kullanici gercekten bu araci secebilir).,True,,2017-2025,"0-192,000","820,000-1,990,000"
Jeep,Patriot,15,15,2,2008.0,2009.0,83000.0,235000.0,470000.0,600000.0,799000.0,1150000.0,0.1802,0.16,15,brand_model,theil_sen,arabam=15,15,0,True,True,MEDIUM,4,15 gercek egitim kaydi (ham: 15). model yili cesitliligi cok dusuk (2 farkli yil); UI kataloginda secilebilir (kullanici gercekten bu araci secebilir). azaltici: zaten yeterli GUNCEL gercek ornek (arabam=15).,True,,2008-2009,"83,000-470,000","600,000-1,150,000"
Nissan,Pathfinder,15,15,8,1992.0,2006.0,153000.0,240000.0,492000.0,249000.0,700000.0,2600000.0,0.6319,-0.8777,15,brand_model,theil_sen,arabam=15,15,0,True,True,MEDIUM,4,15 gercek egitim kaydi (ham: 15). fiyat araligi cok genis (max/min=10.4x); UI kataloginda secilebilir (kullanici gercekten bu araci secebilir). azaltici: zaten yeterli GUNCEL gercek ornek (arabam=15).,True,,1992-2006,"153,000-492,000","249,000-2,600,000"
Opel,Movano,15,15,6,2000.0,2025.0,0.0,55500.0,637000.0,130000.0,1110000.0,1454900.0,0.625,-0.9882,15,brand_model,theil_sen,arabam=15,15,0,True,True,MEDIUM,4,15 gercek egitim kaydi (ham: 15). fiyat araligi cok genis (max/min=11.2x); UI kataloginda secilebilir (kullanici gercekten bu araci secebilir). azaltici: zaten yeterli GUNCEL gercek ornek (arabam=15).,True,,2000-2025,"0-637,000","130,000-1,454,900"
Toyota,Starlet,15,15,2,1997.0,1998.0,138000.0,300000.0,500000.0,217500.0,295000.0,430000.0,0.1666,0.6433,15,brand_model,theil_sen,"arabam=10, kaggle=5",10,5,True,True,MEDIUM,4,"15 gercek egitim kaydi (ham: 15). model yili cesitliligi cok dusuk (2 farkli yil); UI kataloginda secilebilir (kullanici gercekten bu araci secebilir). azaltici: dusuk fiyat etkisi (medyan 295,000 <= p25 esigi 320,000); zaten yeterli GUNCEL gercek ornek (arabam=10).",True,,1997-1998,"138,000-500,000","217,500-430,000"
Volkswagen,Sharan,15,15,9,1996.0,2006.0,6001.0,284000.0,450000.0,230000.0,497000.0,750000.0,0.2824,-0.7784,15,brand_model,theil_sen,"arabam=13, kaggle=2",13,2,True,True,MEDIUM,4,15 gercek egitim kaydi (ham: 15). fiyat araligi cok genis (max/min=3.3x); UI kataloginda secilebilir (kullanici gercekten bu araci secebilir). azaltici: zaten yeterli GUNCEL gercek ornek (arabam=13).,True,,1996-2006,"6,001-450,000","230,000-750,000"
Volta,EV2,15,15,2,2025.0,2026.0,0.0,6001.0,6500.0,250000.0,375000.0,420000.0,0.1231,-0.4797,15,brand_model,theil_sen,arabam=15,15,0,True,True,MEDIUM,4,15 gercek egitim kaydi (ham: 15). model yili cesitliligi cok dusuk (2 farkli yil); UI kataloginda secilebilir (kullanici gercekten bu araci secebilir). azaltici: zaten yeterli GUNCEL gercek ornek (arabam=15).,True,,2025-2026,"0-6,500","250,000-420,000"
BMW,iX2,16,16,1,2024.0,2024.0,6001.0,21875.0,59000.0,2550000.0,2765500.0,3500000.0,0.0958,,16,brand_model,median,arabam=16,16,0,True,True,MEDIUM,2,16 gercek egitim kaydi (ham: 16). model yili cesitliligi cok dusuk (1 farkli yil); UI kataloginda secilebilir (kullanici gercekten bu araci secebilir). azaltici: zaten yeterli GUNCEL gercek ornek (arabam=16).,False,tek model yili: yil ekseninde interpolasyon bolgesi yok; guvenli olmadigi icin onerilen sayi yariya indirildi (asil oneri 4 idi),2024-2024,"6,001-59,000","2,550,000-3,500,000"
Fiat,Topolino,16,16,2,2024.0,2025.0,6001.0,6001.0,9000.0,413000.0,485000.0,615000.0,0.0947,-0.4172,16,brand_model,theil_sen,"arabam=14, kaggle=2",14,2,True,True,MEDIUM,4,16 gercek egitim kaydi (ham: 16). model yili cesitliligi cok dusuk (2 farkli yil); UI kataloginda secilebilir (kullanici gercekten bu araci secebilir). azaltici: zaten yeterli GUNCEL gercek ornek (arabam=14).,True,,2024-2025,"6,001-9,000","413,000-615,000"
Maserati,Grecale,16,16,3,2022.0,2024.0,7748.0,46500.0,75465.0,4900000.0,6620000.0,7700000.0,0.0969,-0.3917,16,brand_model,theil_sen,arabam=16,16,0,True,True,MEDIUM,4,"16 gercek egitim kaydi (ham: 16). premium fiyat segmenti (medyan 6,620,000 >= p90 esigi 3,375,000); UI kataloginda secilebilir (kullanici gercekten bu araci secebilir). azaltici: zaten yeterli GUNCEL gercek ornek (arabam=16).",True,,2022-2024,"7,748-75,465","4,900,000-7,700,000"
Mercedes - Benz,280,16,16,4,1981.0,1984.0,100000.0,301000.0,487000.0,190000.0,395000.0,2900000.0,1.0759,-0.1289,16,brand_model,theil_sen,"arabam=12, kaggle=4",12,4,True,True,MEDIUM,2,16 gercek egitim kaydi (ham: 16). fiyat araligi cok genis (max/min=15.3x); UI kataloginda secilebilir (kullanici gercekten bu araci secebilir). azaltici: zaten yeterli GUNCEL gercek ornek (arabam=12).,False,fiyat varyasyonu asiri yuksek (cv=1.08>0.85) ve yasla aciklanamiyor (corr=-0.1289) - veri ici tutarsizlik supheli; guvenli olmadigi icin onerilen sayi yariya indirildi (asil oneri 4 idi),1981-1984,"100,000-487,000","190,000-2,900,000"
Mercedes - Benz,CL,16,16,9,1993.0,2011.0,96464.0,186750.0,350000.0,1750000.0,2287500.0,6950000.0,0.523,-0.6509,16,brand_model,theil_sen,"arabam=13, kaggle=3",13,3,True,True,MEDIUM,4,16 gercek egitim kaydi (ham: 16). fiyat araligi cok genis (max/min=4.0x); UI kataloginda secilebilir (kullanici gercekten bu araci secebilir). azaltici: zaten yeterli GUNCEL gercek ornek (arabam=13).,True,,1993-2011,"96,464-350,000","1,750,000-6,950,000"
BMW,iX3,17,17,4,2020.0,2026.0,6000.0,69000.0,126000.0,1998500.0,2800000.0,6750000.0,0.401,-0.9376,17,brand_model,theil_sen,arabam=17,17,0,True,True,MEDIUM,4,17 gercek egitim kaydi (ham: 17). fiyat araligi cok genis (max/min=3.4x); UI kataloginda secilebilir (kullanici gercekten bu araci secebilir). azaltici: zaten yeterli GUNCEL gercek ornek (arabam=17).,True,,2020-2026,"6,000-126,000","1,998,500-6,750,000"
Daewoo,Nubira,17,17,5,1998.0,2002.0,200000.0,275000.0,440000.0,55000.0,160000.0,320000.0,0.3577,-0.6873,17,brand_model,theil_sen,"arabam=5, kaggle=12",5,12,True,True,MEDIUM,4,"17 gercek egitim kaydi (ham: 17). fiyat araligi cok genis (max/min=5.8x); UI kataloginda secilebilir (kullanici gercekten bu araci secebilir). azaltici: dusuk fiyat etkisi (medyan 160,000 <= p25 esigi 320,000).",True,,1998-2002,"200,000-440,000","55,000-320,000"
Hyundai,H 1,17,17,4,2008.0,2011.0,100000.0,210000.0,456000.0,350000.0,565000.0,1100000.0,0.2964,-0.2212,17,brand_model,theil_sen,arabam=17,17,0,True,True,MEDIUM,4,17 gercek egitim kaydi (ham: 17). fiyat araligi cok genis (max/min=3.1x); UI kataloginda secilebilir (kullanici gercekten bu araci secebilir). azaltici: zaten yeterli GUNCEL gercek ornek (arabam=17).,True,,2008-2011,"100,000-456,000","350,000-1,100,000"
Mercedes - Benz,EQC,17,17,4,2020.0,2023.0,15000.0,71000.0,128000.0,2765000.0,3450000.0,4625000.0,0.132,-0.7087,17,brand_model,theil_sen,arabam=17,17,0,True,True,MEDIUM,4,"17 gercek egitim kaydi (ham: 17). premium fiyat segmenti (medyan 3,450,000 >= p90 esigi 3,375,000); UI kataloginda secilebilir (kullanici gercekten bu araci secebilir). azaltici: zaten yeterli GUNCEL gercek ornek (arabam=17).",True,,2020-2023,"15,000-128,000","2,765,000-4,625,000"
Lada,VAZ,19,18,9,1986.0,2004.0,17000.0,199500.0,400000.0,80000.0,136250.0,250000.0,0.3005,0.2406,18,brand_model,theil_sen,"arabam=14, kaggle=5",14,5,True,True,MEDIUM,3,"18 gercek egitim kaydi (ham: 19). fiyat araligi cok genis (max/min=3.1x); UI kataloginda secilebilir (kullanici gercekten bu araci secebilir). azaltici: dusuk fiyat etkisi (medyan 136,250 <= p25 esigi 320,000); zaten yeterli GUNCEL gercek ornek (arabam=14).",True,,1986-2004,"17,000-400,000","80,000-250,000"
Renault,Safrane,18,18,8,1992.0,2001.0,179881.0,313275.0,436000.0,99500.0,232250.0,620000.0,0.4629,-0.2179,18,brand_model,theil_sen,"arabam=13, kaggle=5",13,5,True,True,MEDIUM,3,"18 gercek egitim kaydi (ham: 18). fiyat araligi cok genis (max/min=6.2x); UI kataloginda secilebilir (kullanici gercekten bu araci secebilir). azaltici: dusuk fiyat etkisi (medyan 232,250 <= p25 esigi 320,000); zaten yeterli GUNCEL gercek ornek (arabam=13).",True,,1992-2001,"179,881-436,000","99,500-620,000"
Subaru,Levorg,18,18,4,2015.0,2018.0,106000.0,165500.0,236000.0,915000.0,1273875.0,1695000.0,0.1719,-0.3361,18,brand_model,theil_sen,"arabam=8, kaggle=10",8,10,True,True,MEDIUM,6,18 gercek egitim kaydi (ham: 18). UI kataloginda secilebilir (kullanici gercekten bu araci secebilir).,True,,2015-2018,"106,000-236,000","915,000-1,695,000"
BYD,Han,21,19,2,2024.0,2025.0,6001.0,17561.0,53108.0,3019900.0,3550000.0,4000000.0,0.0627,-0.4299,19,brand_model,theil_sen,"arabam=18, kaggle=3",18,3,True,True,MEDIUM,3,"19 gercek egitim kaydi (ham: 21). premium fiyat segmenti (medyan 3,550,000 >= p90 esigi 3,375,000); model yili cesitliligi cok dusuk (2 farkli yil); UI kataloginda secilebilir (kullanici gercekten bu araci secebilir). azaltici: zaten yeterli GUNCEL gercek ornek (arabam=18).",True,,2024-2025,"6,001-53,108","3,019,900-4,000,000"
Daihatsu,Applause,19,19,5,1990.0,2003.0,79000.0,250000.0,700000.0,42000.0,100000.0,169000.0,0.3198,-0.1412,19,brand_model,theil_sen,"arabam=9, kaggle=10",9,10,True,True,MEDIUM,3,"19 gercek egitim kaydi (ham: 19). fiyat araligi cok genis (max/min=4.0x); UI kataloginda secilebilir (kullanici gercekten bu araci secebilir). azaltici: dusuk fiyat etkisi (medyan 100,000 <= p25 esigi 320,000).",True,,1990-2003,"79,000-700,000","42,000-169,000"
Volvo,S70,19,19,4,1997.0,2000.0,178000.0,340000.0,650000.0,100000.0,310000.0,463000.0,0.2972,0.1046,19,brand_model,theil_sen,"arabam=10, kaggle=9",10,9,True,True,MEDIUM,3,"19 gercek egitim kaydi (ham: 19). fiyat araligi cok genis (max/min=4.6x); UI kataloginda secilebilir (kullanici gercekten bu araci secebilir). azaltici: dusuk fiyat etkisi (medyan 310,000 <= p25 esigi 320,000); zaten yeterli GUNCEL gercek ornek (arabam=10).",True,,1997-2000,"178,000-650,000","100,000-463,000"
Kia,Niro,10,10,3,2017.0,2024.0,10601.0,68150.0,207000.0,1110000.0,1582000.0,1899999.0,0.1798,-0.9618,10,brand_model,theil_sen,arabam=10,10,0,True,True,LOW,0,10 gercek egitim kaydi (ham: 10). UI kataloginda secilebilir (kullanici gercekten bu araci secebilir). azaltici: zaten yeterli GUNCEL gercek ornek (arabam=10).,True,,2017-2024,"10,601-207,000","1,110,000-1,899,999"
Volvo,C40,10,10,3,2022.0,2024.0,18500.0,49750.0,82000.0,2325000.0,2557500.0,2915000.0,0.0822,-0.5519,10,brand_model,theil_sen,arabam=10,10,0,True,True,LOW,0,10 gercek egitim kaydi (ham: 10). UI kataloginda secilebilir (kullanici gercekten bu araci secebilir). azaltici: zaten yeterli GUNCEL gercek ornek (arabam=10).,True,,2022-2024,"18,500-82,000","2,325,000-2,915,000"
Rover,620,11,11,4,1995.0,1998.0,210000.0,308000.0,408000.0,125000.0,250000.0,352500.0,0.287,0.1757,11,brand_model,theil_sen,"arabam=4, kaggle=7",4,7,True,True,LOW,0,"11 gercek egitim kaydi (ham: 11). UI kataloginda secilebilir (kullanici gercekten bu araci secebilir). azaltici: dusuk fiyat etkisi (medyan 250,000 <= p25 esigi 320,000).",True,,1995-1998,"210,000-408,000","125,000-352,500"
Toyota,Land Cruiser,19,11,9,1986.0,2006.0,247000.0,367000.0,567000.0,1050000.0,1395000.0,2450000.0,0.2649,-0.4466,11,brand_model,theil_sen,arabam=19,19,0,True,True,LOW,0,11 gercek egitim kaydi (ham: 19). UI kataloginda secilebilir (kullanici gercekten bu araci secebilir). azaltici: zaten yeterli GUNCEL gercek ornek (arabam=19).,True,,1986-2006,"247,000-567,000","1,050,000-2,450,000"
Jaguar,I-Pace,12,12,5,2018.0,2022.0,45000.0,95750.0,179999.0,2000000.0,2522500.0,3550000.0,0.1748,-0.8052,12,brand_model,theil_sen,arabam=12,12,0,True,True,LOW,0,12 gercek egitim kaydi (ham: 12). UI kataloginda secilebilir (kullanici gercekten bu araci secebilir). azaltici: zaten yeterli GUNCEL gercek ornek (arabam=12).,True,,2018-2022,"45,000-179,999","2,000,000-3,550,000"
Opel,Astra-e,13,12,3,2023.0,2025.0,15970.0,20786.0,63000.0,1490000.0,1699950.0,1829750.0,0.056,-0.9014,12,brand_model,theil_sen,arabam=13,13,0,True,True,LOW,0,12 gercek egitim kaydi (ham: 13). UI kataloginda secilebilir (kullanici gercekten bu araci secebilir). azaltici: zaten yeterli GUNCEL gercek ornek (arabam=13).,True,,2023-2025,"15,970-63,000","1,490,000-1,829,750"
Toyota,Proace City Cargo,12,12,4,2021.0,2025.0,4800.0,32000.0,135000.0,700000.0,850500.0,1100000.0,0.1559,-0.7229,12,brand_model,theil_sen,arabam=12,12,0,True,True,LOW,0,12 gercek egitim kaydi (ham: 12). UI kataloginda secilebilir (kullanici gercekten bu araci secebilir). azaltici: zaten yeterli GUNCEL gercek ornek (arabam=12).,True,,2021-2025,"4,800-135,000","700,000-1,100,000"
Volvo,V60,12,12,5,2011.0,2015.0,144439.0,194500.0,341000.0,875000.0,1014250.0,1385000.0,0.1423,-0.4963,12,brand_model,theil_sen,"arabam=10, kaggle=2",10,2,True,True,LOW,0,12 gercek egitim kaydi (ham: 12). UI kataloginda secilebilir (kullanici gercekten bu araci secebilir). azaltici: zaten yeterli GUNCEL gercek ornek (arabam=10).,True,,2011-2015,"144,439-341,000","875,000-1,385,000"
Audi,Q4 E-tron,13,13,3,2023.0,2025.0,6005.0,25000.0,60000.0,2975000.0,3370000.0,4250000.0,0.1224,0.2398,13,brand_model,theil_sen,arabam=13,13,0,True,True,LOW,0,13 gercek egitim kaydi (ham: 13). UI kataloginda secilebilir (kullanici gercekten bu araci secebilir). azaltici: zaten yeterli GUNCEL gercek ornek (arabam=13).,True,,2023-2025,"6,005-60,000","2,975,000-4,250,000"
Citroen,Xantia,13,13,5,1996.0,2000.0,200000.0,272000.0,535000.0,130000.0,200000.0,350000.0,0.2718,-0.0716,13,brand_model,theil_sen,"arabam=9, kaggle=4",9,4,True,True,LOW,0,"13 gercek egitim kaydi (ham: 13). UI kataloginda secilebilir (kullanici gercekten bu araci secebilir). azaltici: dusuk fiyat etkisi (medyan 200,000 <= p25 esigi 320,000).",True,,1996-2000,"200,000-535,000","130,000-350,000"
Citroen,ZX,13,13,5,1993.0,2001.0,126000.0,310000.0,405000.0,99000.0,125000.0,185000.0,0.2094,-0.2124,13,brand_model,theil_sen,"arabam=9, kaggle=4",9,4,True,True,LOW,0,"13 gercek egitim kaydi (ham: 13). UI kataloginda secilebilir (kullanici gercekten bu araci secebilir). azaltici: dusuk fiyat etkisi (medyan 125,000 <= p25 esigi 320,000).",True,,1993-2001,"126,000-405,000","99,000-185,000"
Daewoo,Espero,13,13,3,1996.0,1998.0,22222.0,230000.0,330000.0,85000.0,125000.0,229000.0,0.3113,0.1707,13,brand_model,theil_sen,"arabam=5, kaggle=8",5,8,True,True,LOW,0,"13 gercek egitim kaydi (ham: 13). UI kataloginda secilebilir (kullanici gercekten bu araci secebilir). azaltici: dusuk fiyat etkisi (medyan 125,000 <= p25 esigi 320,000).",True,,1996-1998,"22,222-330,000","85,000-229,000"
Jeep,Wrangler,17,13,9,1988.0,2016.0,79000.0,183000.0,397000.0,1590000.0,2585000.0,3295000.0,0.1773,-0.8719,13,brand_model,theil_sen,arabam=17,17,0,True,True,LOW,0,13 gercek egitim kaydi (ham: 17). UI kataloginda secilebilir (kullanici gercekten bu araci secebilir). azaltici: zaten yeterli GUNCEL gercek ornek (arabam=17).,True,,1988-2016,"79,000-397,000","1,590,000-3,295,000"
Mercedes - Benz,CLC,13,13,3,2009.0,2011.0,74000.0,188000.0,330000.0,625000.0,885000.0,1125000.0,0.1746,-0.0018,13,brand_model,theil_sen,"arabam=11, kaggle=2",11,2,True,True,LOW,0,13 gercek egitim kaydi (ham: 13). UI kataloginda secilebilir (kullanici gercekten bu araci secebilir). azaltici: zaten yeterli GUNCEL gercek ornek (arabam=11).,True,,2009-2011,"74,000-330,000","625,000-1,125,000"
Subaru,Outback,13,13,6,2010.0,2018.0,110000.0,216000.0,337000.0,878000.0,1275000.0,1699000.0,0.2169,-0.5535,13,brand_model,theil_sen,arabam=13,13,0,True,True,LOW,0,13 gercek egitim kaydi (ham: 13). UI kataloginda secilebilir (kullanici gercekten bu araci secebilir). azaltici: zaten yeterli GUNCEL gercek ornek (arabam=13).,True,,2010-2018,"110,000-337,000","878,000-1,699,000"
Mercedes - Benz,EQA,14,14,4,2022.0,2025.0,8500.0,24250.0,55000.0,2625000.0,3049999.5,3550000.0,0.0914,-0.8476,14,brand_model,theil_sen,arabam=14,14,0,True,True,LOW,0,14 gercek egitim kaydi (ham: 14). UI kataloginda secilebilir (kullanici gercekten bu araci secebilir). azaltici: zaten yeterli GUNCEL gercek ornek (arabam=14).,True,,2022-2025,"8,500-55,000","2,625,000-3,550,000"
Alfa Romeo,145,15,15,6,1995.0,2003.0,220000.0,275000.0,328000.0,149990.0,180000.0,350000.0,0.2807,-0.7489,15,brand_model,theil_sen,"arabam=4, kaggle=11",4,11,True,True,LOW,0,"15 gercek egitim kaydi (ham: 15). UI kataloginda secilebilir (kullanici gercekten bu araci secebilir). azaltici: dusuk fiyat etkisi (medyan 180,000 <= p25 esigi 320,000).",True,,1995-2003,"220,000-328,000","149,990-350,000"
Infiniti,FX,15,15,6,2004.0,2012.0,157000.0,228000.0,349000.0,760000.0,1199000.0,1650000.0,0.2114,-0.6425,15,brand_model,theil_sen,arabam=15,15,0,True,True,LOW,0,15 gercek egitim kaydi (ham: 15). UI kataloginda secilebilir (kullanici gercekten bu araci secebilir). azaltici: zaten yeterli GUNCEL gercek ornek (arabam=15).,True,,2004-2012,"157,000-349,000","760,000-1,650,000"
Kia,Shuma,15,15,4,2000.0,2004.0,102300.0,285000.0,450000.0,175000.0,260000.0,420000.0,0.2619,-0.7967,15,brand_model,theil_sen,"arabam=5, kaggle=10",5,10,True,True,LOW,0,"15 gercek egitim kaydi (ham: 15). UI kataloginda secilebilir (kullanici gercekten bu araci secebilir). azaltici: dusuk fiyat etkisi (medyan 260,000 <= p25 esigi 320,000).",True,,2000-2004,"102,300-450,000","175,000-420,000"
Ford,Transit Kombi,16,16,7,2006.0,2015.0,205000.0,310000.0,522820.0,310000.0,487500.0,850000.0,0.3061,-0.6531,16,brand_model,theil_sen,arabam=16,16,0,True,True,LOW,0,16 gercek egitim kaydi (ham: 16). UI kataloginda secilebilir (kullanici gercekten bu araci secebilir). azaltici: zaten yeterli GUNCEL gercek ornek (arabam=16).,True,,2006-2015,"205,000-522,820","310,000-850,000"
Rover,214,16,16,3,1997.0,1999.0,113000.0,258500.0,380000.0,115000.0,157500.0,289500.0,0.2781,-0.5694,16,brand_model,theil_sen,"arabam=8, kaggle=8",8,8,True,True,LOW,0,"16 gercek egitim kaydi (ham: 16). UI kataloginda secilebilir (kullanici gercekten bu araci secebilir). azaltici: dusuk fiyat etkisi (medyan 157,500 <= p25 esigi 320,000).",True,,1997-1999,"113,000-380,000","115,000-289,500"
Citroen,C4 SUV,17,17,5,2021.0,2026.0,6001.0,31500.0,95000.0,1160000.0,1475000.0,1900000.0,0.1258,-0.8086,17,brand_model,theil_sen,arabam=17,17,0,True,True,LOW,0,17 gercek egitim kaydi (ham: 17). UI kataloginda secilebilir (kullanici gercekten bu araci secebilir). azaltici: zaten yeterli GUNCEL gercek ornek (arabam=17).,True,,2021-2026,"6,001-95,000","1,160,000-1,900,000"
Jeep,Avenger Electric,17,17,3,2023.0,2025.0,6001.0,37000.0,94000.0,1450000.0,1720000.0,1850000.0,0.0548,-0.7423,17,brand_model,theil_sen,arabam=17,17,0,True,True,LOW,0,17 gercek egitim kaydi (ham: 17). UI kataloginda secilebilir (kullanici gercekten bu araci secebilir). azaltici: zaten yeterli GUNCEL gercek ornek (arabam=17).,True,,2023-2025,"6,001-94,000","1,450,000-1,850,000"
Suzuki,SJ,17,17,9,1988.0,1999.0,49000.0,98000.0,350000.0,360000.0,465000.0,999000.0,0.307,-0.4546,17,brand_model,theil_sen,arabam=17,17,0,True,True,LOW,0,17 gercek egitim kaydi (ham: 17). UI kataloginda secilebilir (kullanici gercekten bu araci secebilir). azaltici: zaten yeterli GUNCEL gercek ornek (arabam=17).,True,,1988-1999,"49,000-350,000","360,000-999,000"
Hyundai,Coupe,18,18,9,1993.0,2008.0,128000.0,280000.0,350000.0,220000.0,457500.0,650000.0,0.3168,-0.6795,18,brand_model,theil_sen,"arabam=17, kaggle=1",17,1,True,True,LOW,0,18 gercek egitim kaydi (ham: 18). UI kataloginda secilebilir (kullanici gercekten bu araci secebilir). azaltici: zaten yeterli GUNCEL gercek ornek (arabam=17).,True,,1993-2008,"128,000-350,000","220,000-650,000"
Ssangyong,Tivoli,18,18,4,2015.0,2023.0,24000.0,131000.0,313000.0,630000.0,1075000.0,1450000.0,0.1735,-0.6107,18,brand_model,theil_sen,arabam=18,18,0,True,True,LOW,0,18 gercek egitim kaydi (ham: 18). UI kataloginda secilebilir (kullanici gercekten bu araci secebilir). azaltici: zaten yeterli GUNCEL gercek ornek (arabam=18).,True,,2015-2023,"24,000-313,000","630,000-1,450,000"
Dacia,Spring,20,20,1,2023.0,2023.0,19800.0,45279.0,94000.0,569000.0,916750.0,1000000.0,0.0999,,20,brand_model,median,arabam=20,20,0,True,True,LOW,0,20 gercek egitim kaydi (ham: 20). model yili cesitliligi cok dusuk (1 farkli yil); UI kataloginda secilebilir (kullanici gercekten bu araci secebilir). azaltici: zaten yeterli GUNCEL gercek ornek (arabam=20).,False,tek model yili: yil ekseninde interpolasyon bolgesi yok,2023-2023,"19,800-94,000","569,000-1,000,000"
Maserati,Levante,21,20,8,2016.0,2024.0,6100.0,102000.0,230000.0,3395000.0,5600000.0,7950000.0,0.2491,-0.9138,20,brand_model,theil_sen,arabam=21,21,0,True,True,LOW,0,"20 gercek egitim kaydi (ham: 21). premium fiyat segmenti (medyan 5,600,000 >= p90 esigi 3,375,000); UI kataloginda secilebilir (kullanici gercekten bu araci secebilir). azaltici: zaten yeterli GUNCEL gercek ornek (arabam=21).",True,,2016-2024,"6,100-230,000","3,395,000-7,950,000"
Maserati,Quattroporte,20,20,6,2006.0,2015.0,64301.0,141000.0,268000.0,2375000.0,4920000.0,7599000.0,0.2753,-0.6982,20,brand_model,theil_sen,"arabam=11, kaggle=9",11,9,True,True,LOW,0,"20 gercek egitim kaydi (ham: 20). premium fiyat segmenti (medyan 4,920,000 >= p90 esigi 3,375,000); fiyat araligi cok genis (max/min=3.2x); UI kataloginda secilebilir (kullanici gercekten bu araci secebilir). azaltici: zaten yeterli GUNCEL gercek ornek (arabam=11).",True,,2006-2015,"64,301-268,000","2,375,000-7,599,000"
Mercedes - Benz,Citan,20,20,2,2012.0,2013.0,296.0,270500.0,484913.0,440000.0,562500.0,825000.0,0.1499,0.2024,20,brand_model,theil_sen,arabam=20,20,0,True,True,LOW,0,20 gercek egitim kaydi (ham: 20). model yili cesitliligi cok dusuk (2 farkli yil); UI kataloginda secilebilir (kullanici gercekten bu araci secebilir). azaltici: zaten yeterli GUNCEL gercek ornek (arabam=20).,True,,2012-2013,"296-484,913","440,000-825,000"
Mercedes - Benz,SL,23,20,11,1994.0,2023.0,0.0,139862.0,495000.0,750000.0,5932500.0,14750000.0,0.6118,-0.7547,20,brand_model,theil_sen,"arabam=18, kaggle=5",18,5,True,True,LOW,0,"20 gercek egitim kaydi (ham: 23). premium fiyat segmenti (medyan 5,932,500 >= p90 esigi 3,375,000); fiyat araligi cok genis (max/min=19.7x); UI kataloginda secilebilir (kullanici gercekten bu araci secebilir). azaltici: zaten yeterli GUNCEL gercek ornek (arabam=18).",True,,1994-2023,"0-495,000","750,000-14,750,000"
Cadillac,Escalade,22,21,14,2000.0,2023.0,25000.0,165000.0,375000.0,1450000.0,4490000.0,27500000.0,0.9834,-0.9219,21,brand_model,theil_sen,arabam=22,22,0,True,True,LOW,0,"21 gercek egitim kaydi (ham: 22). premium fiyat segmenti (medyan 4,490,000 >= p90 esigi 3,375,000); fiyat araligi cok genis (max/min=19.0x); UI kataloginda secilebilir (kullanici gercekten bu araci secebilir). azaltici: zaten yeterli GUNCEL gercek ornek (arabam=22). fiyat yasla guclu iliskili (corr=-0.9219) - genis fiyat araligi normal amortisman, veri tutarsizligi DEGIL; sentetik uretim DUZ interpolasyon yerine yil-fiyat egrisine gore yapilmali.",True,,2000-2023,"25,000-375,000","1,450,000-27,500,000"
Cupra,Terramar,24,21,2,2024.0,2025.0,6001.0,20000.0,47900.0,2750000.0,3065000.0,3315000.0,0.0588,-0.6158,21,brand_model,theil_sen,arabam=24,24,0,True,True,LOW,0,21 gercek egitim kaydi (ham: 24). model yili cesitliligi cok dusuk (2 farkli yil); UI kataloginda secilebilir (kullanici gercekten bu araci secebilir). azaltici: zaten yeterli GUNCEL gercek ornek (arabam=24).,True,,2024-2025,"6,001-47,900","2,750,000-3,315,000"
Fiat,Fullback,22,21,2,2016.0,2017.0,141000.0,237000.0,415000.0,625000.0,799900.0,1175000.0,0.174,-0.4512,21,brand_model,theil_sen,arabam=22,22,0,True,True,LOW,0,21 gercek egitim kaydi (ham: 22). model yili cesitliligi cok dusuk (2 farkli yil); UI kataloginda secilebilir (kullanici gercekten bu araci secebilir). azaltici: zaten yeterli GUNCEL gercek ornek (arabam=22).,True,,2016-2017,"141,000-415,000","625,000-1,175,000"
Smart,ForFour,22,21,6,2005.0,2019.0,82000.0,217000.0,361000.0,290000.0,400000.0,1149000.0,0.447,-0.9443,21,brand_model,theil_sen,"arabam=9, kaggle=13",9,13,True,True,LOW,0,21 gercek egitim kaydi (ham: 22). fiyat araligi cok genis (max/min=4.0x); UI kataloginda secilebilir (kullanici gercekten bu araci secebilir).,True,,2005-2019,"82,000-361,000","290,000-1,149,000"
Ford,Galaxy,22,22,13,1998.0,2016.0,70000.0,297500.0,480000.0,295000.0,595000.0,1645000.0,0.4712,-0.8058,22,brand_model,theil_sen,"arabam=19, kaggle=3",19,3,True,True,LOW,0,22 gercek egitim kaydi (ham: 22). fiyat araligi cok genis (max/min=5.6x); UI kataloginda secilebilir (kullanici gercekten bu araci secebilir). azaltici: zaten yeterli GUNCEL gercek ornek (arabam=19).,True,,1998-2016,"70,000-480,000","295,000-1,645,000"
Chery,Tiggo 7,23,23,2,2025.0,2026.0,6000.0,6100.0,15000.0,2025000.0,2190000.0,2440000.0,0.0477,-0.4515,23,brand_model,theil_sen,arabam=23,23,0,True,True,LOW,0,23 gercek egitim kaydi (ham: 23). model yili cesitliligi cok dusuk (2 farkli yil); UI kataloginda secilebilir (kullanici gercekten bu araci secebilir). azaltici: zaten yeterli GUNCEL gercek ornek (arabam=23).,True,,2025-2026,"6,000-15,000","2,025,000-2,440,000"
Chevrolet,Trax,23,23,1,2013.0,2013.0,56000.0,163000.0,249000.0,600000.0,779999.0,975000.0,0.1177,,23,brand_model,median,arabam=23,23,0,True,True,LOW,0,23 gercek egitim kaydi (ham: 23). model yili cesitliligi cok dusuk (1 farkli yil); UI kataloginda secilebilir (kullanici gercekten bu araci secebilir). azaltici: zaten yeterli GUNCEL gercek ornek (arabam=23).,False,tek model yili: yil ekseninde interpolasyon bolgesi yok,2013-2013,"56,000-249,000","600,000-975,000"
Mercedes - Benz,SLK,23,23,11,1997.0,2014.0,66000.0,174000.0,280000.0,560000.0,1235000.0,3227900.0,0.5137,-0.8679,23,brand_model,theil_sen,"arabam=14, kaggle=9",14,9,True,True,LOW,0,23 gercek egitim kaydi (ham: 23). fiyat araligi cok genis (max/min=5.8x); UI kataloginda secilebilir (kullanici gercekten bu araci secebilir). azaltici: zaten yeterli GUNCEL gercek ornek (arabam=14).,True,,1997-2014,"66,000-280,000","560,000-3,227,900"
Kia,Carnival,24,24,9,2000.0,2009.0,128000.0,272000.0,440000.0,250000.0,450000.0,750000.0,0.295,-0.7597,24,brand_model,theil_sen,"arabam=16, kaggle=8",16,8,True,True,LOW,0,24 gercek egitim kaydi (ham: 24). fiyat araligi cok genis (max/min=3.0x); UI kataloginda secilebilir (kullanici gercekten bu araci secebilir). azaltici: zaten yeterli GUNCEL gercek ornek (arabam=16).,True,,2000-2009,"128,000-440,000","250,000-750,000"
Proton,Gen 2,26,24,6,2006.0,2011.0,116000.0,231500.0,332000.0,100000.0,284500.0,360950.0,0.2176,-0.3216,24,brand_model,theil_sen,"arabam=12, kaggle=14",12,14,True,True,LOW,0,"24 gercek egitim kaydi (ham: 26). fiyat araligi cok genis (max/min=3.6x); UI kataloginda secilebilir (kullanici gercekten bu araci secebilir). azaltici: dusuk fiyat etkisi (medyan 284,500 <= p25 esigi 320,000); zaten yeterli GUNCEL gercek ornek (arabam=12).",True,,2006-2011,"116,000-332,000","100,000-360,950"
Smart,ForTwo,24,24,12,2000.0,2018.0,54000.0,155500.0,205000.0,339950.0,487500.0,1049000.0,0.319,-0.847,24,brand_model,theil_sen,"arabam=15, kaggle=9",15,9,True,True,LOW,0,24 gercek egitim kaydi (ham: 24). fiyat araligi cok genis (max/min=3.1x); UI kataloginda secilebilir (kullanici gercekten bu araci secebilir). azaltici: zaten yeterli GUNCEL gercek ornek (arabam=15).,True,,2000-2018,"54,000-205,000","339,950-1,049,000"
BYD,Sealion 7,25,25,1,2025.0,2025.0,0.0,6500.0,21100.0,2525000.0,2710000.0,3985000.0,0.1314,,25,brand_model,median,arabam=25,25,0,True,True,LOW,0,25 gercek egitim kaydi (ham: 25). model yili cesitliligi cok dusuk (1 farkli yil); UI kataloginda secilebilir (kullanici gercekten bu araci secebilir). azaltici: zaten yeterli GUNCEL gercek ornek (arabam=25).,False,tek model yili: yil ekseninde interpolasyon bolgesi yok,2025-2025,"0-21,100","2,525,000-3,985,000"
Mitsubishi,Pajero,25,25,16,1985.0,2015.0,99999.0,306888.0,580000.0,465000.0,750000.0,2000000.0,0.4416,-0.7723,25,brand_model,theil_sen,arabam=25,25,0,True,True,LOW,0,25 gercek egitim kaydi (ham: 25). fiyat araligi cok genis (max/min=4.3x); UI kataloginda secilebilir (kullanici gercekten bu araci secebilir). azaltici: zaten yeterli GUNCEL gercek ornek (arabam=25).,True,,1985-2015,"99,999-580,000","465,000-2,000,000"
Renault,Austral,194,25,2,2023.0,2024.0,23836.0,65000.0,140000.0,1715000.0,1899000.0,1975000.0,0.0436,-0.2069,25,brand_model,theil_sen,arabam=194,194,0,True,True,LOW,0,25 gercek egitim kaydi (ham: 194). model yili cesitliligi cok dusuk (2 farkli yil); UI kataloginda secilebilir (kullanici gercekten bu araci secebilir). azaltici: zaten yeterli GUNCEL gercek ornek (arabam=194).,True,,2023-2024,"23,836-140,000","1,715,000-1,975,000"
Chery,Tiggo 8,36,26,1,2025.0,2025.0,6000.0,10100.0,35000.0,2138750.0,2350000.0,2450000.0,0.0307,,26,brand_model,median,arabam=36,36,0,True,True,LOW,0,26 gercek egitim kaydi (ham: 36). model yili cesitliligi cok dusuk (1 farkli yil); UI kataloginda secilebilir (kullanici gercekten bu araci secebilir). azaltici: zaten yeterli GUNCEL gercek ornek (arabam=36).,False,tek model yili: yil ekseninde interpolasyon bolgesi yok,2025-2025,"6,000-35,000","2,138,750-2,450,000"
Mercedes - Benz,G,71,26,14,1986.0,2025.0,6001.0,135122.5,500000.0,3200000.0,7075000.0,14640000.0,0.4468,-0.793,26,brand_model,theil_sen,arabam=71,71,0,True,True,LOW,0,"26 gercek egitim kaydi (ham: 71). premium fiyat segmenti (medyan 7,075,000 >= p90 esigi 3,375,000); fiyat araligi cok genis (max/min=4.6x); UI kataloginda secilebilir (kullanici gercekten bu araci secebilir). azaltici: zaten yeterli GUNCEL gercek ornek (arabam=71).",True,,1986-2025,"6,001-500,000","3,200,000-14,640,000"
Bentley,Continental,28,27,14,2008.0,2024.0,6001.0,38000.0,165000.0,4250000.0,13250000.0,48500000.0,0.6944,-0.9505,27,brand_model,theil_sen,"arabam=11, kaggle=17",11,17,True,True,LOW,0,"27 gercek egitim kaydi (ham: 28). premium fiyat segmenti (medyan 13,250,000 >= p90 esigi 3,375,000); fiyat araligi cok genis (max/min=11.4x); UI kataloginda secilebilir (kullanici gercekten bu araci secebilir). azaltici: zaten yeterli GUNCEL gercek ornek (arabam=11).",True,,2008-2024,"6,001-165,000","4,250,000-48,500,000"
Peugeot,e-308,27,27,3,2023.0,2025.0,6001.0,24000.0,57000.0,355000.0,1648950.0,1920000.0,0.1803,-0.2303,27,brand_model,theil_sen,"arabam=19, kaggle=8",19,8,True,True,LOW,0,27 gercek egitim kaydi (ham: 27). fiyat araligi cok genis (max/min=5.4x); UI kataloginda secilebilir (kullanici gercekten bu araci secebilir). azaltici: zaten yeterli GUNCEL gercek ornek (arabam=19).,True,,2023-2025,"6,001-57,000","355,000-1,920,000"
Ssangyong,Rexton,27,27,10,2004.0,2016.0,142000.0,245000.0,369000.0,435000.0,850000.0,1360000.0,0.2861,-0.8968,27,brand_model,theil_sen,arabam=27,27,0,True,True,LOW,0,27 gercek egitim kaydi (ham: 27). fiyat araligi cok genis (max/min=3.1x); UI kataloginda secilebilir (kullanici gercekten bu araci secebilir). azaltici: zaten yeterli GUNCEL gercek ornek (arabam=27).,True,,2004-2016,"142,000-369,000","435,000-1,360,000"
Suzuki,Baleno,27,27,7,1995.0,2018.0,45850.0,169000.0,328000.0,149000.0,665000.0,970000.0,0.4826,-0.9658,27,brand_model,theil_sen,"arabam=11, kaggle=16",11,16,True,True,LOW,0,27 gercek egitim kaydi (ham: 27). fiyat araligi cok genis (max/min=6.5x); UI kataloginda secilebilir (kullanici gercekten bu araci secebilir). azaltici: zaten yeterli GUNCEL gercek ornek (arabam=11).,True,,1995-2018,"45,850-328,000","149,000-970,000"
Volkswagen,LT,27,27,6,1998.0,2007.0,250000.0,570000.0,999000.0,175000.0,325000.0,900000.0,0.3841,-0.52,27,brand_model,theil_sen,arabam=27,27,0,True,True,LOW,0,27 gercek egitim kaydi (ham: 27). fiyat araligi cok genis (max/min=5.1x); UI kataloginda secilebilir (kullanici gercekten bu araci secebilir). azaltici: zaten yeterli GUNCEL gercek ornek (arabam=27).,True,,1998-2007,"250,000-999,000","175,000-900,000"
Audi,80 Serisi,28,28,10,1986.0,1995.0,25000.0,321000.0,680000.0,95000.0,202500.0,3950000.0,1.8227,-0.1984,28,brand_model,theil_sen,"arabam=18, kaggle=10",18,10,True,True,LOW,0,"28 gercek egitim kaydi (ham: 28). fiyat araligi cok genis (max/min=41.6x); UI kataloginda secilebilir (kullanici gercekten bu araci secebilir). azaltici: dusuk fiyat etkisi (medyan 202,500 <= p25 esigi 320,000); zaten yeterli GUNCEL gercek ornek (arabam=18).",False,fiyat varyasyonu asiri yuksek (cv=1.82>0.85) ve yasla aciklanamiyor (corr=-0.1984) - veri ici tutarsizlik supheli,1986-1995,"25,000-680,000","95,000-3,950,000"
Mini,Cooper Clubman,28,28,8,2008.0,2023.0,47000.0,124981.0,264000.0,565000.0,1145000.0,2395000.0,0.4493,-0.9475,28,brand_model,theil_sen,"arabam=14, kaggle=14",14,14,True,True,LOW,0,28 gercek egitim kaydi (ham: 28). fiyat araligi cok genis (max/min=4.2x); UI kataloginda secilebilir (kullanici gercekten bu araci secebilir). azaltici: zaten yeterli GUNCEL gercek ornek (arabam=14).,True,,2008-2023,"47,000-264,000","565,000-2,395,000"
Audi,S,33,29,13,2000.0,2023.0,27083.0,154000.0,325790.0,710000.0,2545000.0,5850000.0,0.4079,-0.468,29,brand_model,theil_sen,"arabam=22, kaggle=11",22,11,True,True,LOW,0,29 gercek egitim kaydi (ham: 33). fiyat araligi cok genis (max/min=8.2x); UI kataloginda secilebilir (kullanici gercekten bu araci secebilir). azaltici: zaten yeterli GUNCEL gercek ornek (arabam=22).,True,,2000-2023,"27,083-325,790","710,000-5,850,000"
Renault,Express,29,29,9,1994.0,2024.0,12500.0,107000.0,530000.0,65000.0,680000.0,1100000.0,0.6201,-0.9737,29,brand_model,theil_sen,arabam=29,29,0,True,True,LOW,0,29 gercek egitim kaydi (ham: 29). fiyat araligi cok genis (max/min=16.9x); UI kataloginda secilebilir (kullanici gercekten bu araci secebilir). azaltici: zaten yeterli GUNCEL gercek ornek (arabam=29).,True,,1994-2024,"12,500-530,000","65,000-1,100,000"
Suzuki,Jimny,33,29,12,2004.0,2024.0,20000.0,150000.0,286000.0,450000.0,780000.0,2099000.0,0.5103,-0.9356,29,brand_model,theil_sen,arabam=33,33,0,True,True,LOW,0,29 gercek egitim kaydi (ham: 33). fiyat araligi cok genis (max/min=4.7x); UI kataloginda secilebilir (kullanici gercekten bu araci secebilir). azaltici: zaten yeterli GUNCEL gercek ornek (arabam=33).,True,,2004-2024,"20,000-286,000","450,000-2,099,000"
Audi,TT,30,30,11,1999.0,2015.0,86000.0,181243.0,294000.0,575000.0,1174500.0,4750000.0,0.6779,-0.8012,30,brand_model,theil_sen,"arabam=15, kaggle=15",15,15,True,True,LOW,0,30 gercek egitim kaydi (ham: 30). fiyat araligi cok genis (max/min=8.3x); UI kataloginda secilebilir (kullanici gercekten bu araci secebilir). azaltici: zaten yeterli GUNCEL gercek ornek (arabam=15).,True,,1999-2015,"86,000-294,000","575,000-4,750,000"
BMW,6 Serisi,31,30,12,2004.0,2022.0,41600.0,212000.0,315000.0,1499000.0,2865000.0,5500000.0,0.3676,-0.813,30,brand_model,theil_sen,"arabam=22, kaggle=9",22,9,True,True,LOW,0,30 gercek egitim kaydi (ham: 31). fiyat araligi cok genis (max/min=3.7x); UI kataloginda secilebilir (kullanici gercekten bu araci secebilir). azaltici: zaten yeterli GUNCEL gercek ornek (arabam=22).,True,,2004-2022,"41,600-315,000","1,499,000-5,500,000"
Nissan,Maxima,30,30,9,1995.0,2005.0,22000.0,328666.5,490000.0,150000.0,305000.0,635000.0,0.2985,-0.6894,30,brand_model,theil_sen,"arabam=13, kaggle=17",13,17,True,True,LOW,0,"30 gercek egitim kaydi (ham: 30). fiyat araligi cok genis (max/min=4.2x); UI kataloginda secilebilir (kullanici gercekten bu araci secebilir). azaltici: dusuk fiyat etkisi (medyan 305,000 <= p25 esigi 320,000); zaten yeterli GUNCEL gercek ornek (arabam=13).",True,,1995-2005,"22,000-490,000","150,000-635,000"
Daewoo,Nexia,31,31,2,1996.0,1997.0,108782.0,253000.0,346000.0,80000.0,155000.0,240000.0,0.2681,-0.0841,31,brand_model,theil_sen,"arabam=16, kaggle=15",16,15,True,True,LOW,0,"31 gercek egitim kaydi (ham: 31). model yili cesitliligi cok dusuk (2 farkli yil); fiyat araligi cok genis (max/min=3.0x); UI kataloginda secilebilir (kullanici gercekten bu araci secebilir). azaltici: dusuk fiyat etkisi (medyan 155,000 <= p25 esigi 320,000); zaten yeterli GUNCEL gercek ornek (arabam=16).",True,,1996-1997,"108,782-346,000","80,000-240,000"
Opel,Tigra,31,31,6,1996.0,2006.0,75000.0,235000.0,366000.0,106750.0,175000.0,489000.0,0.3721,-0.5536,31,brand_model,theil_sen,"arabam=26, kaggle=5",26,5,True,True,LOW,0,"31 gercek egitim kaydi (ham: 31). fiyat araligi cok genis (max/min=4.6x); UI kataloginda secilebilir (kullanici gercekten bu araci secebilir). azaltici: dusuk fiyat etkisi (medyan 175,000 <= p25 esigi 320,000); zaten yeterli GUNCEL gercek ornek (arabam=26).",True,,1996-2006,"75,000-366,000","106,750-489,000"
Peugeot,e-208,31,31,2,2024.0,2025.0,6001.0,18000.0,63000.0,300000.0,1429000.0,1560000.0,0.1534,-0.2276,31,brand_model,theil_sen,"arabam=27, kaggle=4",27,4,True,True,LOW,0,31 gercek egitim kaydi (ham: 31). model yili cesitliligi cok dusuk (2 farkli yil); fiyat araligi cok genis (max/min=5.2x); UI kataloginda secilebilir (kullanici gercekten bu araci secebilir). azaltici: zaten yeterli GUNCEL gercek ornek (arabam=27).,True,,2024-2025,"6,001-63,000","300,000-1,560,000"
Subaru,Legacy,31,31,15,1991.0,2022.0,6100.0,285000.0,500000.0,72500.0,565000.0,2950000.0,0.7666,-0.8881,31,brand_model,theil_sen,"arabam=20, kaggle=11",20,11,True,True,LOW,0,31 gercek egitim kaydi (ham: 31). fiyat araligi cok genis (max/min=40.7x); UI kataloginda secilebilir (kullanici gercekten bu araci secebilir). azaltici: zaten yeterli GUNCEL gercek ornek (arabam=20).,True,,1991-2022,"6,100-500,000","72,500-2,950,000"
Chrysler,Sebring,32,32,8,1997.0,2009.0,58000.0,247000.0,445000.0,320000.0,587500.0,1605000.0,0.4013,-0.0557,32,brand_model,theil_sen,"arabam=14, kaggle=18",14,18,True,True,LOW,0,32 gercek egitim kaydi (ham: 32). fiyat araligi cok genis (max/min=5.0x); UI kataloginda secilebilir (kullanici gercekten bu araci secebilir). azaltici: zaten yeterli GUNCEL gercek ornek (arabam=14).,True,,1997-2009,"58,000-445,000","320,000-1,605,000"
Citroen,e-C3,32,32,2,2025.0,2026.0,6001.0,7000.0,25000.0,1175000.0,1338000.0,1655000.0,0.0631,-0.1601,32,brand_model,theil_sen,arabam=32,32,0,True,True,LOW,0,32 gercek egitim kaydi (ham: 32). model yili cesitliligi cok dusuk (2 farkli yil); UI kataloginda secilebilir (kullanici gercekten bu araci secebilir). azaltici: zaten yeterli GUNCEL gercek ornek (arabam=32).,True,,2025-2026,"6,001-25,000","1,175,000-1,655,000"
Jaguar,XJ,33,32,13,1986.0,2016.0,79150.0,180750.0,385000.0,1199000.0,2160000.0,4100000.0,0.2898,-0.3813,32,brand_model,theil_sen,"arabam=24, kaggle=9",24,9,True,True,LOW,0,32 gercek egitim kaydi (ham: 33). fiyat araligi cok genis (max/min=3.4x); UI kataloginda secilebilir (kullanici gercekten bu araci secebilir). azaltici: zaten yeterli GUNCEL gercek ornek (arabam=24).,True,,1986-2016,"79,150-385,000","1,199,000-4,100,000"
Volvo,V90 Cross Country,32,32,7,2017.0,2024.0,7200.0,83500.0,195000.0,2389750.0,3402000.0,4650000.0,0.2105,-0.8573,32,brand_model,theil_sen,"arabam=15, kaggle=17",15,17,True,True,LOW,0,"32 gercek egitim kaydi (ham: 32). premium fiyat segmenti (medyan 3,402,000 >= p90 esigi 3,375,000); UI kataloginda secilebilir (kullanici gercekten bu araci secebilir). azaltici: zaten yeterli GUNCEL gercek ornek (arabam=15).",True,,2017-2024,"7,200-195,000","2,389,750-4,650,000"
Mercedes - Benz,Vaneo,33,33,6,2002.0,2012.0,140000.0,300000.0,405000.0,200000.0,340000.0,1280000.0,0.4684,-0.595,33,brand_model,theil_sen,arabam=33,33,0,True,True,LOW,0,33 gercek egitim kaydi (ham: 33). fiyat araligi cok genis (max/min=6.4x); UI kataloginda secilebilir (kullanici gercekten bu araci secebilir). azaltici: zaten yeterli GUNCEL gercek ornek (arabam=33).,True,,2002-2012,"140,000-405,000","200,000-1,280,000"
BYD,Seal U EV,34,34,2,2024.0,2025.0,6001.0,21861.0,49500.0,2200000.0,2419500.0,3100000.0,0.0848,-0.4573,34,brand_model,theil_sen,arabam=34,34,0,True,True,LOW,0,34 gercek egitim kaydi (ham: 34). model yili cesitliligi cok dusuk (2 farkli yil); UI kataloginda secilebilir (kullanici gercekten bu araci secebilir). azaltici: zaten yeterli GUNCEL gercek ornek (arabam=34).,True,,2024-2025,"6,001-49,500","2,200,000-3,100,000"
BMW,iX,40,36,3,2021.0,2023.0,6000.0,58219.0,105000.0,3175000.0,4150375.0,6565000.0,0.172,-0.2437,36,brand_model,theil_sen,arabam=40,40,0,True,True,LOW,0,"36 gercek egitim kaydi (ham: 40). premium fiyat segmenti (medyan 4,150,375 >= p90 esigi 3,375,000); UI kataloginda secilebilir (kullanici gercekten bu araci secebilir). azaltici: zaten yeterli GUNCEL gercek ornek (arabam=40).",True,,2021-2023,"6,000-105,000","3,175,000-6,565,000"
Maserati,Ghibli,36,36,9,2013.0,2023.0,11273.0,149950.0,295000.0,2525000.0,4200000.0,7395000.0,0.2745,-0.7826,36,brand_model,theil_sen,"arabam=20, kaggle=16",20,16,True,True,LOW,0,"36 gercek egitim kaydi (ham: 36). premium fiyat segmenti (medyan 4,200,000 >= p90 esigi 3,375,000); UI kataloginda secilebilir (kullanici gercekten bu araci secebilir). azaltici: zaten yeterli GUNCEL gercek ornek (arabam=20).",True,,2013-2023,"11,273-295,000","2,525,000-7,395,000"
Nissan,Terrano,36,36,9,1995.0,2005.0,197500.0,337500.0,420000.0,280000.0,450000.0,950000.0,0.3262,-0.632,36,brand_model,theil_sen,arabam=36,36,0,True,True,LOW,0,36 gercek egitim kaydi (ham: 36). fiyat araligi cok genis (max/min=3.4x); UI kataloginda secilebilir (kullanici gercekten bu araci secebilir). azaltici: zaten yeterli GUNCEL gercek ornek (arabam=36).,True,,1995-2005,"197,500-420,000","280,000-950,000"
Ssangyong,Korando,36,36,10,2000.0,2024.0,10000.0,107000.0,507000.0,300000.0,1412500.0,1950000.0,0.4173,-0.9644,36,brand_model,theil_sen,arabam=36,36,0,True,True,LOW,0,36 gercek egitim kaydi (ham: 36). fiyat araligi cok genis (max/min=6.5x); UI kataloginda secilebilir (kullanici gercekten bu araci secebilir). azaltici: zaten yeterli GUNCEL gercek ornek (arabam=36).,True,,2000-2024,"10,000-507,000","300,000-1,950,000"
Toyota,Carina,36,36,3,1991.0,1998.0,206000.0,342000.0,444000.0,90000.0,262500.0,585000.0,0.3668,-0.2767,36,brand_model,theil_sen,"arabam=30, kaggle=6",30,6,True,True,LOW,0,"36 gercek egitim kaydi (ham: 36). fiyat araligi cok genis (max/min=6.5x); UI kataloginda secilebilir (kullanici gercekten bu araci secebilir). azaltici: dusuk fiyat etkisi (medyan 262,500 <= p25 esigi 320,000); zaten yeterli GUNCEL gercek ornek (arabam=30).",True,,1991-1998,"206,000-444,000","90,000-585,000"
Chevrolet,Epica,37,37,6,2006.0,2011.0,137000.0,275000.0,363000.0,225000.0,519850.0,850000.0,0.2387,-0.2394,37,brand_model,theil_sen,"arabam=18, kaggle=19",18,19,True,True,LOW,0,37 gercek egitim kaydi (ham: 37). fiyat araligi cok genis (max/min=3.8x); UI kataloginda secilebilir (kullanici gercekten bu araci secebilir). azaltici: zaten yeterli GUNCEL gercek ornek (arabam=18).,True,,2006-2011,"137,000-363,000","225,000-850,000"
Kia,Pro Ceed,37,37,6,2008.0,2016.0,112500.0,225000.0,380000.0,325000.0,620000.0,1325000.0,0.3161,-0.8282,37,brand_model,theil_sen,"arabam=20, kaggle=17",20,17,True,True,LOW,0,37 gercek egitim kaydi (ham: 37). fiyat araligi cok genis (max/min=4.1x); UI kataloginda secilebilir (kullanici gercekten bu araci secebilir). azaltici: zaten yeterli GUNCEL gercek ornek (arabam=20).,True,,2008-2016,"112,500-380,000","325,000-1,325,000"
Mazda,2,37,37,6,2008.0,2022.0,12182.0,155000.0,311000.0,300000.0,546901.0,1100000.0,0.2645,-0.5779,37,brand_model,theil_sen,"arabam=19, kaggle=18",19,18,True,True,LOW,0,37 gercek egitim kaydi (ham: 37). fiyat araligi cok genis (max/min=3.7x); UI kataloginda secilebilir (kullanici gercekten bu araci secebilir). azaltici: zaten yeterli GUNCEL gercek ornek (arabam=19).,True,,2008-2022,"12,182-311,000","300,000-1,100,000"
Opel,Omega,38,38,16,1987.0,2003.0,119000.0,326000.0,577400.0,127500.0,320000.0,699000.0,0.393,-0.6191,38,brand_model,theil_sen,"arabam=36, kaggle=2",36,2,True,True,LOW,0,"38 gercek egitim kaydi (ham: 38). fiyat araligi cok genis (max/min=5.5x); UI kataloginda secilebilir (kullanici gercekten bu araci secebilir). azaltici: dusuk fiyat etkisi (medyan 320,000 <= p25 esigi 320,000); zaten yeterli GUNCEL gercek ornek (arabam=36).",True,,1987-2003,"119,000-577,400","127,500-699,000"
Hyundai,Ioniq 5,49,41,4,2023.0,2026.0,6001.0,22387.0,82700.0,22000.0,2135000.0,2400000.0,0.1835,-0.1474,41,brand_model,theil_sen,arabam=49,49,0,True,True,LOW,0,41 gercek egitim kaydi (ham: 49). fiyat araligi cok genis (max/min=109.1x); UI kataloginda secilebilir (kullanici gercekten bu araci secebilir). azaltici: zaten yeterli GUNCEL gercek ornek (arabam=49).,True,,2023-2026,"6,001-82,700","22,000-2,400,000"
Mercedes - Benz,GLC Coupe,41,41,8,2017.0,2025.0,6001.0,28000.0,210000.0,2800000.0,5750000.0,11150000.0,0.321,-0.7542,41,brand_model,theil_sen,arabam=41,41,0,True,True,LOW,0,"41 gercek egitim kaydi (ham: 41). premium fiyat segmenti (medyan 5,750,000 >= p90 esigi 3,375,000); fiyat araligi cok genis (max/min=4.0x); UI kataloginda secilebilir (kullanici gercekten bu araci secebilir). azaltici: zaten yeterli GUNCEL gercek ornek (arabam=41).",True,,2017-2025,"6,001-210,000","2,800,000-11,150,000"
MG,MG4,43,43,1,2023.0,2023.0,8300.0,39000.0,110000.0,1030000.0,1320000.0,1725000.0,0.1242,,43,brand_model,median,"arabam=25, kaggle=18",25,18,True,True,LOW,0,43 gercek egitim kaydi (ham: 43). model yili cesitliligi cok dusuk (1 farkli yil); UI kataloginda secilebilir (kullanici gercekten bu araci secebilir). azaltici: zaten yeterli GUNCEL gercek ornek (arabam=25).,False,tek model yili: yil ekseninde interpolasyon bolgesi yok,2023-2023,"8,300-110,000","1,030,000-1,725,000"
Mercedes - Benz,EQS,43,43,5,2021.0,2025.0,6001.0,24000.0,94000.0,4870000.0,6300000.0,11950000.0,0.2409,-0.6802,43,brand_model,theil_sen,"arabam=30, kaggle=13",30,13,True,True,LOW,0,"43 gercek egitim kaydi (ham: 43). premium fiyat segmenti (medyan 6,300,000 >= p90 esigi 3,375,000); UI kataloginda secilebilir (kullanici gercekten bu araci secebilir). azaltici: zaten yeterli GUNCEL gercek ornek (arabam=30).",True,,2021-2025,"6,001-94,000","4,870,000-11,950,000"
Toyota,Corona,43,43,5,1990.0,1994.0,111000.0,360000.0,570000.0,80000.0,215000.0,430000.0,0.302,-0.3925,43,brand_model,theil_sen,"arabam=33, kaggle=10",33,10,True,True,LOW,0,"43 gercek egitim kaydi (ham: 43). fiyat araligi cok genis (max/min=5.4x); UI kataloginda secilebilir (kullanici gercekten bu araci secebilir). azaltici: dusuk fiyat etkisi (medyan 215,000 <= p25 esigi 320,000); zaten yeterli GUNCEL gercek ornek (arabam=33).",True,,1990-1994,"111,000-570,000","80,000-430,000"
Mazda,Lantis,44,44,3,1996.0,1998.0,184000.0,322000.0,450000.0,110000.0,250000.0,370000.0,0.2563,0.1286,44,brand_model,theil_sen,"arabam=22, kaggle=22",22,22,True,True,LOW,0,"44 gercek egitim kaydi (ham: 44). fiyat araligi cok genis (max/min=3.4x); UI kataloginda secilebilir (kullanici gercekten bu araci secebilir). azaltici: dusuk fiyat etkisi (medyan 250,000 <= p25 esigi 320,000); zaten yeterli GUNCEL gercek ornek (arabam=22).",True,,1996-1998,"184,000-450,000","110,000-370,000"
Nissan,Pulsar,44,44,3,2016.0,2018.0,28000.0,101750.0,209000.0,470000.0,846250.0,1435000.0,0.205,-0.4091,44,brand_model,theil_sen,"arabam=21, kaggle=23",21,23,True,True,LOW,0,44 gercek egitim kaydi (ham: 44). fiyat araligi cok genis (max/min=3.1x); UI kataloginda secilebilir (kullanici gercekten bu araci secebilir). azaltici: zaten yeterli GUNCEL gercek ornek (arabam=21).,True,,2016-2018,"28,000-209,000","470,000-1,435,000"
Rover,216,44,44,5,1994.0,1999.0,129500.0,262640.0,367000.0,65000.0,200000.0,325000.0,0.2796,0.0805,44,brand_model,theil_sen,"arabam=23, kaggle=21",23,21,True,True,LOW,0,"44 gercek egitim kaydi (ham: 44). fiyat araligi cok genis (max/min=5.0x); UI kataloginda secilebilir (kullanici gercekten bu araci secebilir). azaltici: dusuk fiyat etkisi (medyan 200,000 <= p25 esigi 320,000); zaten yeterli GUNCEL gercek ornek (arabam=23).",True,,1994-1999,"129,500-367,000","65,000-325,000"
Mercedes - Benz,250,45,45,10,1976.0,1993.0,108000.0,400000.0,800000.0,220000.0,375000.0,761061.0,0.3099,-0.4966,45,brand_model,theil_sen,"arabam=34, kaggle=11",34,11,True,True,LOW,0,45 gercek egitim kaydi (ham: 45). fiyat araligi cok genis (max/min=3.5x); UI kataloginda secilebilir (kullanici gercekten bu araci secebilir). azaltici: zaten yeterli GUNCEL gercek ornek (arabam=34).,True,,1976-1993,"108,000-800,000","220,000-761,061"
BMW,Z Serisi,46,46,18,1996.0,2024.0,6090.0,124000.0,267000.0,800000.0,2392500.0,6750000.0,0.5812,-0.9042,46,brand_model,theil_sen,"arabam=35, kaggle=11",35,11,True,True,LOW,0,46 gercek egitim kaydi (ham: 46). fiyat araligi cok genis (max/min=8.4x); UI kataloginda secilebilir (kullanici gercekten bu araci secebilir). azaltici: zaten yeterli GUNCEL gercek ornek (arabam=35).,True,,1996-2024,"6,090-267,000","800,000-6,750,000"
BYD,Dolphin,47,47,2,2024.0,2025.0,6001.0,25000.0,62000.0,1350000.0,1625000.0,2100000.0,0.069,-0.1238,47,brand_model,theil_sen,"arabam=45, kaggle=2",45,2,True,True,LOW,0,47 gercek egitim kaydi (ham: 47). model yili cesitliligi cok dusuk (2 farkli yil); UI kataloginda secilebilir (kullanici gercekten bu araci secebilir). azaltici: zaten yeterli GUNCEL gercek ornek (arabam=45).,True,,2024-2025,"6,001-62,000","1,350,000-2,100,000"
Peugeot,RCZ,47,47,5,2011.0,2015.0,35000.0,174000.0,252000.0,225000.0,845000.0,1800000.0,0.2853,-0.4954,47,brand_model,theil_sen,"arabam=36, kaggle=11",36,11,True,True,LOW,0,47 gercek egitim kaydi (ham: 47). fiyat araligi cok genis (max/min=8.0x); UI kataloginda secilebilir (kullanici gercekten bu araci secebilir). azaltici: zaten yeterli GUNCEL gercek ornek (arabam=36).,True,,2011-2015,"35,000-252,000","225,000-1,800,000"
Proton,416,48,47,3,1998.0,2000.0,133000.0,260000.0,460000.0,100000.0,223500.0,325000.0,0.2382,-0.0494,47,brand_model,theil_sen,"arabam=30, kaggle=18",30,18,True,True,LOW,0,"47 gercek egitim kaydi (ham: 48). fiyat araligi cok genis (max/min=3.2x); UI kataloginda secilebilir (kullanici gercekten bu araci secebilir). azaltici: dusuk fiyat etkisi (medyan 223,500 <= p25 esigi 320,000); zaten yeterli GUNCEL gercek ornek (arabam=30).",True,,1998-2000,"133,000-460,000","100,000-325,000"
Renault,Koleos,57,48,10,2009.0,2023.0,43000.0,145000.0,415000.0,519999.0,1600000.0,1939000.0,0.3194,-0.9153,48,brand_model,theil_sen,arabam=57,57,0,True,True,LOW,0,48 gercek egitim kaydi (ham: 57). fiyat araligi cok genis (max/min=3.7x); UI kataloginda secilebilir (kullanici gercekten bu araci secebilir). azaltici: zaten yeterli GUNCEL gercek ornek (arabam=57).,True,,2009-2023,"43,000-415,000","519,999-1,939,000"
Kia,Pride,49,49,2,2000.0,2001.0,88000.0,260000.0,400000.0,75000.0,180000.0,285000.0,0.2132,-0.2052,49,brand_model,theil_sen,"arabam=27, kaggle=22",27,22,True,True,LOW,0,"49 gercek egitim kaydi (ham: 49). model yili cesitliligi cok dusuk (2 farkli yil); fiyat araligi cok genis (max/min=3.8x); UI kataloginda secilebilir (kullanici gercekten bu araci secebilir). azaltici: dusuk fiyat etkisi (medyan 180,000 <= p25 esigi 320,000); zaten yeterli GUNCEL gercek ornek (arabam=27).",True,,2000-2001,"88,000-400,000","75,000-285,000"
Volta,EV1,51,49,4,2023.0,2026.0,0.0,6001.0,14000.0,159900.0,225000.0,515000.0,0.2426,-0.1715,49,brand_model,theil_sen,"arabam=43, kaggle=8",43,8,True,True,LOW,0,"49 gercek egitim kaydi (ham: 51). fiyat araligi cok genis (max/min=3.2x); UI kataloginda secilebilir (kullanici gercekten bu araci secebilir). azaltici: dusuk fiyat etkisi (medyan 225,000 <= p25 esigi 320,000); zaten yeterli GUNCEL gercek ornek (arabam=43).",True,,2023-2026,"0-14,000","159,900-515,000"
Daewoo,Lanos,51,51,5,1998.0,2006.0,33336.0,260000.0,440000.0,100000.0,200000.0,339000.0,0.2692,-0.1871,51,brand_model,theil_sen,"arabam=23, kaggle=28",23,28,True,True,LOW,0,"51 gercek egitim kaydi (ham: 51). fiyat araligi cok genis (max/min=3.4x); UI kataloginda secilebilir (kullanici gercekten bu araci secebilir). azaltici: dusuk fiyat etkisi (medyan 200,000 <= p25 esigi 320,000); zaten yeterli GUNCEL gercek ornek (arabam=23).",True,,1998-2006,"33,336-440,000","100,000-339,000"
Hyundai,Atos,51,51,8,1998.0,2009.0,74500.0,211732.0,375000.0,135000.0,290000.0,470000.0,0.2555,-0.6698,51,brand_model,theil_sen,"arabam=39, kaggle=12",39,12,True,True,LOW,0,"51 gercek egitim kaydi (ham: 51). fiyat araligi cok genis (max/min=3.5x); UI kataloginda secilebilir (kullanici gercekten bu araci secebilir). azaltici: dusuk fiyat etkisi (medyan 290,000 <= p25 esigi 320,000); zaten yeterli GUNCEL gercek ornek (arabam=39).",True,,1998-2009,"74,500-375,000","135,000-470,000"
Porsche,Taycan,51,51,5,2020.0,2024.0,0.0,27000.0,85000.0,5000000.0,6965000.0,17750000.0,0.2962,-0.6827,51,brand_model,theil_sen,kaggle=51,0,51,True,True,LOW,0,"51 gercek egitim kaydi (ham: 51). premium fiyat segmenti (medyan 6,965,000 >= p90 esigi 3,375,000); fiyat araligi cok genis (max/min=3.5x); UI kataloginda secilebilir (kullanici gercekten bu araci secebilir).",True,,2020-2024,"0-85,000","5,000,000-17,750,000"
Citroen,Jumper,53,52,16,1997.0,2025.0,0.0,208500.0,600000.0,95000.0,772500.0,1655000.0,0.4881,-0.9571,52,brand_model,theil_sen,arabam=53,53,0,True,True,LOW,0,52 gercek egitim kaydi (ham: 53). fiyat araligi cok genis (max/min=17.4x); UI kataloginda secilebilir (kullanici gercekten bu araci secebilir). azaltici: zaten yeterli GUNCEL gercek ornek (arabam=53).,True,,1997-2025,"0-600,000","95,000-1,655,000"
Mazda,6,55,52,8,2003.0,2015.0,58000.0,266000.0,502000.0,355000.0,650000.0,1700000.0,0.3833,-0.8519,52,brand_model,theil_sen,"arabam=26, kaggle=29",26,29,True,True,LOW,0,52 gercek egitim kaydi (ham: 55). fiyat araligi cok genis (max/min=4.8x); UI kataloginda secilebilir (kullanici gercekten bu araci secebilir). azaltici: zaten yeterli GUNCEL gercek ornek (arabam=26).,True,,2003-2015,"58,000-502,000","355,000-1,700,000"
Suzuki,Alto,52,52,11,1985.0,2011.0,30500.0,150000.0,292000.0,55000.0,239500.0,569000.0,0.5129,-0.8363,52,brand_model,theil_sen,"arabam=22, kaggle=30",22,30,True,True,LOW,0,"52 gercek egitim kaydi (ham: 52). fiyat araligi cok genis (max/min=10.3x); UI kataloginda secilebilir (kullanici gercekten bu araci secebilir). azaltici: dusuk fiyat etkisi (medyan 239,500 <= p25 esigi 320,000); zaten yeterli GUNCEL gercek ornek (arabam=22).",True,,1985-2011,"30,500-292,000","55,000-569,000"
BYD,Seal,53,53,2,2024.0,2025.0,6001.0,13000.0,57000.0,1800000.0,2350000.0,3174500.0,0.1234,0.5585,53,brand_model,theil_sen,arabam=53,53,0,True,True,LOW,0,53 gercek egitim kaydi (ham: 53). model yili cesitliligi cok dusuk (2 farkli yil); UI kataloginda secilebilir (kullanici gercekten bu araci secebilir). azaltici: zaten yeterli GUNCEL gercek ornek (arabam=53).,True,,2024-2025,"6,001-57,000","1,800,000-3,174,500"
Suzuki,Maruti,53,53,5,1994.0,2002.0,15500.0,103000.0,800000.0,65000.0,140000.0,215000.0,0.2177,-0.3813,53,brand_model,theil_sen,"arabam=23, kaggle=30",23,30,True,True,LOW,0,"53 gercek egitim kaydi (ham: 53). fiyat araligi cok genis (max/min=3.3x); UI kataloginda secilebilir (kullanici gercekten bu araci secebilir). azaltici: dusuk fiyat etkisi (medyan 140,000 <= p25 esigi 320,000); zaten yeterli GUNCEL gercek ornek (arabam=23).",True,,1994-2002,"15,500-800,000","65,000-215,000"
Chery,Alia,55,54,4,2008.0,2011.0,75000.0,185500.0,310000.0,110000.0,295000.0,525000.0,0.2527,-0.1962,54,brand_model,theil_sen,"arabam=23, kaggle=32",23,32,True,True,LOW,0,"54 gercek egitim kaydi (ham: 55). fiyat araligi cok genis (max/min=4.8x); UI kataloginda secilebilir (kullanici gercekten bu araci secebilir). azaltici: dusuk fiyat etkisi (medyan 295,000 <= p25 esigi 320,000); zaten yeterli GUNCEL gercek ornek (arabam=23).",True,,2008-2011,"75,000-310,000","110,000-525,000"
Citroen,C3 AirCross Elektrik,54,54,2,2025.0,2026.0,6001.0,8625.0,29000.0,1350000.0,1472500.0,1695000.0,0.0649,-0.518,54,brand_model,theil_sen,arabam=54,54,0,True,True,LOW,0,54 gercek egitim kaydi (ham: 54). model yili cesitliligi cok dusuk (2 farkli yil); UI kataloginda secilebilir (kullanici gercekten bu araci secebilir). azaltici: zaten yeterli GUNCEL gercek ornek (arabam=54).,True,,2025-2026,"6,001-29,000","1,350,000-1,695,000"
Peugeot,Expert Traveller,54,54,10,2017.0,2026.0,1000.0,94500.0,381000.0,740000.0,1439999.5,2255000.0,0.2687,-0.9067,54,brand_model,theil_sen,arabam=54,54,0,True,True,LOW,0,54 gercek egitim kaydi (ham: 54). fiyat araligi cok genis (max/min=3.0x); UI kataloginda secilebilir (kullanici gercekten bu araci secebilir). azaltici: zaten yeterli GUNCEL gercek ornek (arabam=54).,True,,2017-2026,"1,000-381,000","740,000-2,255,000"
Tata,Marina,57,56,6,2006.0,2011.0,61000.0,194500.0,450000.0,85000.0,222500.0,370000.0,0.2628,-0.2234,56,brand_model,theil_sen,"arabam=29, kaggle=28",29,28,True,True,LOW,0,"56 gercek egitim kaydi (ham: 57). fiyat araligi cok genis (max/min=4.4x); UI kataloginda secilebilir (kullanici gercekten bu araci secebilir). azaltici: dusuk fiyat etkisi (medyan 222,500 <= p25 esigi 320,000); zaten yeterli GUNCEL gercek ornek (arabam=29).",True,,2006-2011,"61,000-450,000","85,000-370,000"
Hyundai,Santa Fe,77,57,14,2001.0,2022.0,150000.0,284000.0,471000.0,345000.0,620000.0,2455000.0,0.4699,-0.8677,57,brand_model,theil_sen,arabam=77,77,0,True,True,LOW,0,57 gercek egitim kaydi (ham: 77). fiyat araligi cok genis (max/min=7.1x); UI kataloginda secilebilir (kullanici gercekten bu araci secebilir). azaltici: zaten yeterli GUNCEL gercek ornek (arabam=77).,True,,2001-2022,"150,000-471,000","345,000-2,455,000"
Renault,R 21,57,57,6,1990.0,1995.0,6001.0,281175.0,458000.0,55000.0,136000.0,265000.0,0.3239,-0.0632,57,brand_model,theil_sen,"arabam=51, kaggle=6",51,6,True,True,LOW,0,"57 gercek egitim kaydi (ham: 57). fiyat araligi cok genis (max/min=4.8x); UI kataloginda secilebilir (kullanici gercekten bu araci secebilir). azaltici: dusuk fiyat etkisi (medyan 136,000 <= p25 esigi 320,000); zaten yeterli GUNCEL gercek ornek (arabam=51).",True,,1990-1995,"6,001-458,000","55,000-265,000"
Hyundai,Sonata,58,58,15,1992.0,2011.0,203000.0,327000.0,490000.0,85000.0,400000.0,850000.0,0.3939,-0.8429,58,brand_model,theil_sen,"arabam=44, kaggle=14",44,14,True,True,LOW,0,58 gercek egitim kaydi (ham: 58). fiyat araligi cok genis (max/min=10.0x); UI kataloginda secilebilir (kullanici gercekten bu araci secebilir). azaltici: zaten yeterli GUNCEL gercek ornek (arabam=44).,True,,1992-2011,"203,000-490,000","85,000-850,000"
Nissan,Sunny,58,58,6,1990.0,1995.0,183000.0,314000.0,520000.0,75000.0,198999.5,365000.0,0.2463,0.0889,58,brand_model,theil_sen,"arabam=28, kaggle=30",28,30,True,True,LOW,0,"58 gercek egitim kaydi (ham: 58). fiyat araligi cok genis (max/min=4.9x); UI kataloginda secilebilir (kullanici gercekten bu araci secebilir). azaltici: dusuk fiyat etkisi (medyan 199,000 <= p25 esigi 320,000); zaten yeterli GUNCEL gercek ornek (arabam=28).",True,,1990-1995,"183,000-520,000","75,000-365,000"
Peugeot,Expert,58,58,14,2002.0,2025.0,50.0,106000.0,466000.0,195000.0,880000.0,1599000.0,0.3618,-0.9373,58,brand_model,theil_sen,arabam=58,58,0,True,True,LOW,0,58 gercek egitim kaydi (ham: 58). fiyat araligi cok genis (max/min=8.2x); UI kataloginda secilebilir (kullanici gercekten bu araci secebilir). azaltici: zaten yeterli GUNCEL gercek ornek (arabam=58).,True,,2002-2025,"50-466,000","195,000-1,599,000"
Jaguar,X-Type,59,59,10,2001.0,2010.0,82000.0,247000.0,387000.0,357900.0,600000.0,1299000.0,0.315,-0.2295,59,brand_model,theil_sen,"arabam=33, kaggle=26",33,26,True,True,LOW,0,59 gercek egitim kaydi (ham: 59). fiyat araligi cok genis (max/min=3.6x); UI kataloginda secilebilir (kullanici gercekten bu araci secebilir). azaltici: zaten yeterli GUNCEL gercek ornek (arabam=33).,True,,2001-2010,"82,000-387,000","357,900-1,299,000"
Audi,A8,84,62,18,1995.0,2020.0,20000.0,298000.0,600000.0,390000.0,1925000.0,8190000.0,0.7635,-0.8434,62,brand_model,theil_sen,"arabam=54, kaggle=30",54,30,True,True,LOW,0,62 gercek egitim kaydi (ham: 84). fiyat araligi cok genis (max/min=21.0x); UI kataloginda secilebilir (kullanici gercekten bu araci secebilir). azaltici: zaten yeterli GUNCEL gercek ornek (arabam=54).,True,,1995-2020,"20,000-600,000","390,000-8,190,000"
Porsche,911,69,62,22,1998.0,2025.0,0.0,59327.0,240000.0,2600000.0,10200000.0,34000000.0,0.6635,-0.9333,62,brand_model,theil_sen,"arabam=30, kaggle=39",30,39,True,True,LOW,0,"62 gercek egitim kaydi (ham: 69). premium fiyat segmenti (medyan 10,200,000 >= p90 esigi 3,375,000); fiyat araligi cok genis (max/min=13.1x); UI kataloginda secilebilir (kullanici gercekten bu araci secebilir). azaltici: zaten yeterli GUNCEL gercek ornek (arabam=30).",True,,1998-2025,"0-240,000","2,600,000-34,000,000"
Mercedes - Benz,Sprinter,63,63,24,1998.0,2026.0,0.0,362000.0,998000.0,185000.0,600000.0,5750000.0,1.0343,-0.9054,63,brand_model,theil_sen,arabam=63,63,0,True,True,LOW,0,"63 gercek egitim kaydi (ham: 63). fiyat araligi cok genis (max/min=31.1x); UI kataloginda secilebilir (kullanici gercekten bu araci secebilir). azaltici: zaten yeterli GUNCEL gercek ornek (arabam=63). fiyat yasla guclu iliskili (corr=-0.9054) - genis fiyat araligi normal amortisman, veri tutarsizligi DEGIL; sentetik uretim DUZ interpolasyon yerine yil-fiyat egrisine gore yapilmali.",True,,1998-2026,"0-998,000","185,000-5,750,000"
Chery,Omoda 5 Pro,64,64,2,2024.0,2025.0,6001.0,16625.0,38000.0,1665000.0,1800000.0,2050000.0,0.0382,-0.2857,64,brand_model,theil_sen,arabam=64,64,0,True,True,LOW,0,64 gercek egitim kaydi (ham: 64). model yili cesitliligi cok dusuk (2 farkli yil); UI kataloginda secilebilir (kullanici gercekten bu araci secebilir). azaltici: zaten yeterli GUNCEL gercek ornek (arabam=64).,True,,2024-2025,"6,001-38,000","1,665,000-2,050,000"
Jaguar,XF,64,64,10,2008.0,2018.0,75000.0,213500.0,400000.0,700000.0,1290000.0,2240000.0,0.2933,-0.8334,64,brand_model,theil_sen,"arabam=34, kaggle=30",34,30,True,True,LOW,0,64 gercek egitim kaydi (ham: 64). fiyat araligi cok genis (max/min=3.2x); UI kataloginda secilebilir (kullanici gercekten bu araci secebilir). azaltici: zaten yeterli GUNCEL gercek ornek (arabam=34).,True,,2008-2018,"75,000-400,000","700,000-2,240,000"
Land Rover,Discovery Sport,64,64,8,2015.0,2022.0,16500.0,131000.0,324000.0,1400000.0,2092500.0,4650000.0,0.2613,-0.7928,64,brand_model,theil_sen,arabam=64,64,0,True,True,LOW,0,64 gercek egitim kaydi (ham: 64). fiyat araligi cok genis (max/min=3.3x); UI kataloginda secilebilir (kullanici gercekten bu araci secebilir). azaltici: zaten yeterli GUNCEL gercek ornek (arabam=64).,True,,2015-2022,"16,500-324,000","1,400,000-4,650,000"
Suzuki,SX4,65,65,6,2008.0,2013.0,85000.0,184000.0,450000.0,270000.0,550000.0,1100000.0,0.256,-0.5829,65,brand_model,theil_sen,"arabam=29, kaggle=36",29,36,True,True,LOW,0,65 gercek egitim kaydi (ham: 65). fiyat araligi cok genis (max/min=4.1x); UI kataloginda secilebilir (kullanici gercekten bu araci secebilir). azaltici: zaten yeterli GUNCEL gercek ornek (arabam=29).,True,,2008-2013,"85,000-450,000","270,000-1,100,000"
Opel,Frontera,67,66,11,1993.0,2026.0,6001.0,16561.5,434300.0,260000.0,1636950.0,1830000.0,0.4856,-0.979,66,brand_model,theil_sen,arabam=67,67,0,True,True,LOW,0,66 gercek egitim kaydi (ham: 67). fiyat araligi cok genis (max/min=7.0x); UI kataloginda secilebilir (kullanici gercekten bu araci secebilir). azaltici: zaten yeterli GUNCEL gercek ornek (arabam=67).,True,,1993-2026,"6,001-434,300","260,000-1,830,000"
TOGG,T10F,71,67,2,2025.0,2026.0,6001.0,10700.0,33430.0,1840000.0,2290000.0,2800000.0,0.0632,-0.1221,67,brand_model,theil_sen,arabam=71,71,0,True,True,LOW,0,67 gercek egitim kaydi (ham: 71). model yili cesitliligi cok dusuk (2 farkli yil); UI kataloginda secilebilir (kullanici gercekten bu araci secebilir). azaltici: zaten yeterli GUNCEL gercek ornek (arabam=71).,True,,2025-2026,"6,001-33,430","1,840,000-2,800,000"
Mercedes - Benz,300,69,69,14,1975.0,2020.0,10000.0,380000.0,655000.0,139000.0,500000.0,5710000.0,1.2555,-0.7486,69,brand_model,theil_sen,"arabam=42, kaggle=27",42,27,True,True,LOW,0,"69 gercek egitim kaydi (ham: 69). fiyat araligi cok genis (max/min=41.1x); UI kataloginda secilebilir (kullanici gercekten bu araci secebilir). azaltici: zaten yeterli GUNCEL gercek ornek (arabam=42). fiyat yasla guclu iliskili (corr=-0.7486) - genis fiyat araligi normal amortisman, veri tutarsizligi DEGIL; sentetik uretim DUZ interpolasyon yerine yil-fiyat egrisine gore yapilmali.",True,,1975-2020,"10,000-655,000","139,000-5,710,000"
Mercedes - Benz,EQE,69,69,4,2022.0,2025.0,0.0,42000.0,141000.0,3125000.0,3955000.0,7950000.0,0.2082,-0.4625,69,brand_model,theil_sen,"arabam=51, kaggle=18",51,18,True,True,LOW,0,"69 gercek egitim kaydi (ham: 69). premium fiyat segmenti (medyan 3,955,000 >= p90 esigi 3,375,000); UI kataloginda secilebilir (kullanici gercekten bu araci secebilir). azaltici: zaten yeterli GUNCEL gercek ornek (arabam=51).",True,,2022-2025,"0-141,000","3,125,000-7,950,000"
BMW,X6,71,71,7,2009.0,2015.0,105000.0,258000.0,450000.0,1250000.0,1890000.0,5490000.0,0.3522,-0.4934,71,brand_model,theil_sen,arabam=71,71,0,True,True,LOW,0,71 gercek egitim kaydi (ham: 71). fiyat araligi cok genis (max/min=4.4x); UI kataloginda secilebilir (kullanici gercekten bu araci secebilir). azaltici: zaten yeterli GUNCEL gercek ornek (arabam=71).,True,,2009-2015,"105,000-450,000","1,250,000-5,490,000"
Mercedes - Benz,230,71,71,16,1974.0,1996.0,10000.0,365000.0,670000.0,195000.0,345000.0,1400000.0,0.5241,0.1594,71,brand_model,theil_sen,"arabam=55, kaggle=16",55,16,True,True,LOW,0,71 gercek egitim kaydi (ham: 71). fiyat araligi cok genis (max/min=7.2x); UI kataloginda secilebilir (kullanici gercekten bu araci secebilir). azaltici: zaten yeterli GUNCEL gercek ornek (arabam=55).,True,,1974-1996,"10,000-670,000","195,000-1,400,000"
Volkswagen,Crafter,73,73,18,2007.0,2025.0,1900.0,170000.0,952000.0,320000.0,1075000.0,2899000.0,0.4725,-0.9092,73,brand_model,theil_sen,arabam=73,73,0,True,True,LOW,0,73 gercek egitim kaydi (ham: 73). fiyat araligi cok genis (max/min=9.1x); UI kataloginda secilebilir (kullanici gercekten bu araci secebilir). azaltici: zaten yeterli GUNCEL gercek ornek (arabam=73).,True,,2007-2025,"1,900-952,000","320,000-2,899,000"
Renault,Twingo,74,74,7,1996.0,2002.0,44500.0,245000.0,350000.0,125000.0,238500.0,395000.0,0.2363,-0.4002,74,brand_model,theil_sen,"arabam=69, kaggle=5",69,5,True,True,LOW,0,"74 gercek egitim kaydi (ham: 74). fiyat araligi cok genis (max/min=3.2x); UI kataloginda secilebilir (kullanici gercekten bu araci secebilir). azaltici: dusuk fiyat etkisi (medyan 238,500 <= p25 esigi 320,000); zaten yeterli GUNCEL gercek ornek (arabam=69).",True,,1996-2002,"44,500-350,000","125,000-395,000"
Volkswagen,Touareg,85,75,14,2003.0,2016.0,83800.0,292000.0,670000.0,550000.0,1050000.0,2850000.0,0.4777,-0.8229,75,brand_model,theil_sen,arabam=85,85,0,True,True,LOW,0,75 gercek egitim kaydi (ham: 85). fiyat araligi cok genis (max/min=5.2x); UI kataloginda secilebilir (kullanici gercekten bu araci secebilir). azaltici: zaten yeterli GUNCEL gercek ornek (arabam=85).,True,,2003-2016,"83,800-670,000","550,000-2,850,000"
Land Rover,Defender,77,76,18,1974.0,2025.0,6000.0,62000.0,666000.0,300000.0,4150000.0,13650000.0,0.6775,-0.8351,76,brand_model,theil_sen,arabam=77,77,0,True,True,LOW,0,"76 gercek egitim kaydi (ham: 77). premium fiyat segmenti (medyan 4,150,000 >= p90 esigi 3,375,000); fiyat araligi cok genis (max/min=45.5x); UI kataloginda secilebilir (kullanici gercekten bu araci secebilir). azaltici: zaten yeterli GUNCEL gercek ornek (arabam=77).",True,,1974-2025,"6,000-666,000","300,000-13,650,000"
Porsche,Taycan Elektrik,76,76,7,2019.0,2025.0,0.0,50250.0,146000.0,5600000.0,7995000.0,14999000.0,0.2326,-0.5365,76,brand_model,theil_sen,arabam=76,76,0,True,True,LOW,0,"76 gercek egitim kaydi (ham: 76). premium fiyat segmenti (medyan 7,995,000 >= p90 esigi 3,375,000); UI kataloginda secilebilir (kullanici gercekten bu araci secebilir). azaltici: zaten yeterli GUNCEL gercek ornek (arabam=76).",True,,2019-2025,"0-146,000","5,600,000-14,999,000"
Renault,Trafic Multix,77,77,18,2004.0,2025.0,0.0,306000.0,775000.0,230000.0,495000.0,1950000.0,0.5761,-0.9343,77,brand_model,theil_sen,arabam=77,77,0,True,True,LOW,0,77 gercek egitim kaydi (ham: 77). fiyat araligi cok genis (max/min=8.5x); UI kataloginda secilebilir (kullanici gercekten bu araci secebilir). azaltici: zaten yeterli GUNCEL gercek ornek (arabam=77).,True,,2004-2025,"0-775,000","230,000-1,950,000"
Opel,Frontera-e,78,78,2,2025.0,2026.0,6000.0,8950.0,25000.0,1298900.0,1425000.0,1800000.0,0.0664,-0.3847,78,brand_model,theil_sen,arabam=78,78,0,True,True,LOW,0,78 gercek egitim kaydi (ham: 78). model yili cesitliligi cok dusuk (2 farkli yil); UI kataloginda secilebilir (kullanici gercekten bu araci secebilir). azaltici: zaten yeterli GUNCEL gercek ornek (arabam=78).,True,,2025-2026,"6,000-25,000","1,298,900-1,800,000"
Chrysler,300 C,81,79,8,2005.0,2012.0,133000.0,318500.0,500000.0,680000.0,1149000.0,2125000.0,0.2388,-0.3136,79,brand_model,theil_sen,"arabam=44, kaggle=37",44,37,True,True,LOW,0,79 gercek egitim kaydi (ham: 81). fiyat araligi cok genis (max/min=3.1x); UI kataloginda secilebilir (kullanici gercekten bu araci secebilir). azaltici: zaten yeterli GUNCEL gercek ornek (arabam=44).,True,,2005-2012,"133,000-500,000","680,000-2,125,000"
Porsche,Macan,79,79,12,2014.0,2025.0,6001.0,92000.0,320000.0,2750000.0,4680000.0,10999900.0,0.3941,-0.9384,79,brand_model,theil_sen,arabam=79,79,0,True,True,LOW,0,"79 gercek egitim kaydi (ham: 79). premium fiyat segmenti (medyan 4,680,000 >= p90 esigi 3,375,000); fiyat araligi cok genis (max/min=4.0x); UI kataloginda secilebilir (kullanici gercekten bu araci secebilir). azaltici: zaten yeterli GUNCEL gercek ornek (arabam=79).",True,,2014-2025,"6,001-320,000","2,750,000-10,999,900"
BMW,M Serisi,102,81,27,1984.0,2024.0,6002.0,120000.0,348000.0,270000.0,3485000.0,7000000.0,0.4216,-0.6004,81,brand_model,theil_sen,"arabam=73, kaggle=29",73,29,True,True,LOW,0,"81 gercek egitim kaydi (ham: 102). premium fiyat segmenti (medyan 3,485,000 >= p90 esigi 3,375,000); fiyat araligi cok genis (max/min=25.9x); UI kataloginda secilebilir (kullanici gercekten bu araci secebilir). azaltici: zaten yeterli GUNCEL gercek ornek (arabam=73).",True,,1984-2024,"6,002-348,000","270,000-7,000,000"
Audi,A7,88,84,15,2011.0,2025.0,6001.0,184500.0,440000.0,1495000.0,3110000.0,8550000.0,0.5131,-0.9452,84,brand_model,theil_sen,"arabam=57, kaggle=31",57,31,True,True,LOW,0,84 gercek egitim kaydi (ham: 88). fiyat araligi cok genis (max/min=5.7x); UI kataloginda secilebilir (kullanici gercekten bu araci secebilir). azaltici: zaten yeterli GUNCEL gercek ornek (arabam=57).,True,,2011-2025,"6,001-440,000","1,495,000-8,550,000"
Mini,Cooper S,86,84,15,2002.0,2020.0,70000.0,179000.0,380000.0,350000.0,807500.0,1895000.0,0.3709,-0.8105,84,brand_model,theil_sen,"arabam=50, kaggle=36",50,36,True,True,LOW,0,84 gercek egitim kaydi (ham: 86). fiyat araligi cok genis (max/min=5.4x); UI kataloginda secilebilir (kullanici gercekten bu araci secebilir). azaltici: zaten yeterli GUNCEL gercek ornek (arabam=50).,True,,2002-2020,"70,000-380,000","350,000-1,895,000"
Mitsubishi,Space Star,86,86,14,2000.0,2022.0,7500.0,78000.0,395000.0,190000.0,782500.0,1049000.0,0.3891,-0.959,86,brand_model,theil_sen,"arabam=44, kaggle=42",44,42,True,True,LOW,0,86 gercek egitim kaydi (ham: 86). fiyat araligi cok genis (max/min=5.5x); UI kataloginda secilebilir (kullanici gercekten bu araci secebilir). azaltici: zaten yeterli GUNCEL gercek ornek (arabam=44).,True,,2000-2022,"7,500-395,000","190,000-1,049,000"
Mercedes - Benz,CLK,87,87,12,1997.0,2009.0,38000.0,300000.0,480000.0,360000.0,850000.0,2900000.0,0.4766,-0.5533,87,brand_model,theil_sen,"arabam=62, kaggle=25",62,25,True,True,LOW,0,87 gercek egitim kaydi (ham: 87). fiyat araligi cok genis (max/min=8.1x); UI kataloginda secilebilir (kullanici gercekten bu araci secebilir). azaltici: zaten yeterli GUNCEL gercek ornek (arabam=62).,True,,1997-2009,"38,000-480,000","360,000-2,900,000"
Suzuki,Grand Vitara,90,90,15,1998.0,2017.0,40000.0,258500.0,540000.0,425000.0,650000.0,1475000.0,0.2265,-0.3937,90,brand_model,theil_sen,arabam=90,90,0,True,True,LOW,0,90 gercek egitim kaydi (ham: 90). fiyat araligi cok genis (max/min=3.5x); UI kataloginda secilebilir (kullanici gercekten bu araci secebilir). azaltici: zaten yeterli GUNCEL gercek ornek (arabam=90).,True,,1998-2017,"40,000-540,000","425,000-1,475,000"
Subaru,XV,91,91,12,2012.0,2023.0,13690.0,128000.0,353000.0,650000.0,1239000.0,2350000.0,0.2641,-0.8884,91,brand_model,theil_sen,arabam=91,91,0,True,True,LOW,0,91 gercek egitim kaydi (ham: 91). fiyat araligi cok genis (max/min=3.6x); UI kataloginda secilebilir (kullanici gercekten bu araci secebilir). azaltici: zaten yeterli GUNCEL gercek ornek (arabam=91).,True,,2012-2023,"13,690-353,000","650,000-2,350,000"
Jeep,Cherokee,92,92,17,1989.0,2015.0,77700.0,240500.0,500000.0,529850.0,930000.0,1659900.0,0.2922,-0.6968,92,brand_model,theil_sen,arabam=92,92,0,True,True,LOW,0,92 gercek egitim kaydi (ham: 92). fiyat araligi cok genis (max/min=3.1x); UI kataloginda secilebilir (kullanici gercekten bu araci secebilir). azaltici: zaten yeterli GUNCEL gercek ornek (arabam=92).,True,,1989-2015,"77,700-500,000","529,850-1,659,900"
Kia,Sephia,93,93,11,1993.0,2004.0,24000.0,293000.0,450000.0,47500.0,185000.0,360000.0,0.3135,-0.6106,93,brand_model,theil_sen,"arabam=45, kaggle=48",45,48,True,True,LOW,0,"93 gercek egitim kaydi (ham: 93). fiyat araligi cok genis (max/min=7.6x); UI kataloginda secilebilir (kullanici gercekten bu araci secebilir). azaltici: dusuk fiyat etkisi (medyan 185,000 <= p25 esigi 320,000); zaten yeterli GUNCEL gercek ornek (arabam=45).",True,,1993-2004,"24,000-450,000","47,500-360,000"
Mercedes - Benz,GLC,93,93,10,2015.0,2025.0,6000.0,67000.0,280000.0,2350000.0,5150000.0,9450000.0,0.308,-0.8998,93,brand_model,theil_sen,arabam=93,93,0,True,True,LOW,0,"93 gercek egitim kaydi (ham: 93). premium fiyat segmenti (medyan 5,150,000 >= p90 esigi 3,375,000); fiyat araligi cok genis (max/min=4.0x); UI kataloginda secilebilir (kullanici gercekten bu araci secebilir). azaltici: zaten yeterli GUNCEL gercek ornek (arabam=93).",True,,2015-2025,"6,000-280,000","2,350,000-9,450,000"
Subaru,Forester,96,93,22,1998.0,2021.0,38000.0,240000.0,625500.0,420000.0,1200000.0,3055000.0,0.4724,-0.9006,93,brand_model,theil_sen,arabam=96,96,0,True,True,LOW,0,93 gercek egitim kaydi (ham: 96). fiyat araligi cok genis (max/min=7.3x); UI kataloginda secilebilir (kullanici gercekten bu araci secebilir). azaltici: zaten yeterli GUNCEL gercek ornek (arabam=96).,True,,1998-2021,"38,000-625,500","420,000-3,055,000"
Ford,Ka,94,94,8,1997.0,2009.0,10000.0,151000.0,303333.0,120000.0,195000.0,495000.0,0.3415,-0.7313,94,brand_model,theil_sen,"arabam=74, kaggle=20",74,20,True,True,LOW,0,"94 gercek egitim kaydi (ham: 94). fiyat araligi cok genis (max/min=4.1x); UI kataloginda secilebilir (kullanici gercekten bu araci secebilir). azaltici: dusuk fiyat etkisi (medyan 195,000 <= p25 esigi 320,000); zaten yeterli GUNCEL gercek ornek (arabam=74).",True,,1997-2009,"10,000-303,333","120,000-495,000"
Toyota,RAV4,102,95,21,1996.0,2020.0,55000.0,267000.0,475000.0,400000.0,895000.0,2475000.0,0.4355,-0.9281,95,brand_model,theil_sen,arabam=102,102,0,True,True,LOW,0,95 gercek egitim kaydi (ham: 102). fiyat araligi cok genis (max/min=6.2x); UI kataloginda secilebilir (kullanici gercekten bu araci secebilir). azaltici: zaten yeterli GUNCEL gercek ornek (arabam=102).,True,,1996-2020,"55,000-475,000","400,000-2,475,000"
Tata,Indica,98,98,5,2005.0,2009.0,75000.0,195000.0,350000.0,55000.0,190000.0,265000.0,0.1993,-0.048,98,brand_model,theil_sen,"arabam=45, kaggle=53",45,53,True,True,LOW,0,"98 gercek egitim kaydi (ham: 98). fiyat araligi cok genis (max/min=4.8x); UI kataloginda secilebilir (kullanici gercekten bu araci secebilir). azaltici: dusuk fiyat etkisi (medyan 190,000 <= p25 esigi 320,000); zaten yeterli GUNCEL gercek ornek (arabam=45).",True,,2005-2009,"75,000-350,000","55,000-265,000"
Tata,Indigo,99,98,7,2005.0,2011.0,72000.0,190000.0,360000.0,58000.0,202500.0,375000.0,0.2805,-0.29,98,brand_model,theil_sen,"arabam=55, kaggle=44",55,44,True,True,LOW,0,"98 gercek egitim kaydi (ham: 99). fiyat araligi cok genis (max/min=6.5x); UI kataloginda secilebilir (kullanici gercekten bu araci secebilir). azaltici: dusuk fiyat etkisi (medyan 202,500 <= p25 esigi 320,000); zaten yeterli GUNCEL gercek ornek (arabam=55).",True,,2005-2011,"72,000-360,000","58,000-375,000"
Volkswagen,Beetle,100,100,11,1998.0,2017.0,26308.0,145000.0,330000.0,480000.0,1170000.0,1690000.0,0.218,-0.8566,100,brand_model,theil_sen,arabam=100,100,0,True,True,LOW,0,100 gercek egitim kaydi (ham: 100). fiyat araligi cok genis (max/min=3.5x); UI kataloginda secilebilir (kullanici gercekten bu araci secebilir). azaltici: zaten yeterli GUNCEL gercek ornek (arabam=100).,True,,1998-2017,"26,308-330,000","480,000-1,690,000"
Fiat,Panda,101,101,18,2004.0,2023.0,16000.0,150000.0,284000.0,270000.0,445000.0,975000.0,0.3283,-0.7797,101,brand_model,theil_sen,"arabam=87, kaggle=14",87,14,True,True,LOW,0,101 gercek egitim kaydi (ham: 101). fiyat araligi cok genis (max/min=3.6x); UI kataloginda secilebilir (kullanici gercekten bu araci secebilir). azaltici: zaten yeterli GUNCEL gercek ornek (arabam=87).,True,,2004-2023,"16,000-284,000","270,000-975,000"
Opel,Vivaro,101,101,11,2004.0,2026.0,0.0,47950.0,762000.0,85000.0,1130000.0,1650000.0,0.3529,-0.9156,101,brand_model,theil_sen,arabam=101,101,0,True,True,LOW,0,101 gercek egitim kaydi (ham: 101). fiyat araligi cok genis (max/min=19.4x); UI kataloginda secilebilir (kullanici gercekten bu araci secebilir). azaltici: zaten yeterli GUNCEL gercek ornek (arabam=101).,True,,2004-2026,"0-762,000","85,000-1,650,000"
Subaru,Impreza,102,101,15,1997.0,2011.0,54000.0,222000.0,400000.0,200000.0,557000.0,2275950.0,0.6044,0.0765,101,brand_model,theil_sen,"arabam=59, kaggle=43",59,43,True,True,LOW,0,101 gercek egitim kaydi (ham: 102). fiyat araligi cok genis (max/min=11.4x); UI kataloginda secilebilir (kullanici gercekten bu araci secebilir). azaltici: zaten yeterli GUNCEL gercek ornek (arabam=59).,True,,1997-2011,"54,000-400,000","200,000-2,275,950"
Fiat,Scudo,115,103,11,1998.0,2026.0,0.0,34000.0,694500.0,135000.0,1050000.0,1485000.0,0.4301,-0.9689,103,brand_model,theil_sen,arabam=115,115,0,True,True,LOW,0,103 gercek egitim kaydi (ham: 115). fiyat araligi cok genis (max/min=11.0x); UI kataloginda secilebilir (kullanici gercekten bu araci secebilir). azaltici: zaten yeterli GUNCEL gercek ornek (arabam=115).,True,,1998-2026,"0-694,500","135,000-1,485,000"
Land Rover,Discovery,104,103,26,1997.0,2024.0,13000.0,191024.0,455000.0,500000.0,2250000.0,8550000.0,0.6508,-0.9408,103,brand_model,theil_sen,arabam=104,104,0,True,True,LOW,0,103 gercek egitim kaydi (ham: 104). fiyat araligi cok genis (max/min=17.1x); UI kataloginda secilebilir (kullanici gercekten bu araci secebilir). azaltici: zaten yeterli GUNCEL gercek ornek (arabam=104).,True,,1997-2024,"13,000-455,000","500,000-8,550,000"
Mercedes - Benz,Viano,103,103,10,2004.0,2013.0,98000.0,300000.0,672000.0,475000.0,920000.0,1525000.0,0.2755,-0.6622,103,brand_model,theil_sen,arabam=103,103,0,True,True,LOW,0,103 gercek egitim kaydi (ham: 103). fiyat araligi cok genis (max/min=3.2x); UI kataloginda secilebilir (kullanici gercekten bu araci secebilir). azaltici: zaten yeterli GUNCEL gercek ornek (arabam=103).,True,,2004-2013,"98,000-672,000","475,000-1,525,000"
Citroen,C4 Grand Picasso,106,105,12,2007.0,2021.0,91000.0,235000.0,504000.0,265000.0,649999.0,1480000.0,0.3288,-0.7819,105,brand_model,theil_sen,"arabam=62, kaggle=44",62,44,True,True,LOW,0,105 gercek egitim kaydi (ham: 106). fiyat araligi cok genis (max/min=5.6x); UI kataloginda secilebilir (kullanici gercekten bu araci secebilir). azaltici: zaten yeterli GUNCEL gercek ornek (arabam=62).,True,,2007-2021,"91,000-504,000","265,000-1,480,000"
Nissan,Skystar,106,106,16,1997.0,2012.0,11000.0,309355.5,737000.0,245000.0,530000.0,850000.0,0.2544,-0.5331,106,brand_model,theil_sen,arabam=106,106,0,True,True,LOW,0,106 gercek egitim kaydi (ham: 106). fiyat araligi cok genis (max/min=3.5x); UI kataloginda secilebilir (kullanici gercekten bu araci secebilir). azaltici: zaten yeterli GUNCEL gercek ornek (arabam=106).,True,,1997-2012,"11,000-737,000","245,000-850,000"
Land Rover,Range Rover Velar,107,107,9,2017.0,2025.0,12000.0,82000.0,220000.0,2980000.0,4775000.0,8550000.0,0.2545,-0.8831,107,brand_model,theil_sen,arabam=107,107,0,True,True,LOW,0,"107 gercek egitim kaydi (ham: 107). premium fiyat segmenti (medyan 4,775,000 >= p90 esigi 3,375,000); UI kataloginda secilebilir (kullanici gercekten bu araci secebilir). azaltici: zaten yeterli GUNCEL gercek ornek (arabam=107).",True,,2017-2025,"12,000-220,000","2,980,000-8,550,000"
Alfa Romeo,147,108,108,8,2003.0,2010.0,49000.0,249500.0,376000.0,180000.0,332500.0,590000.0,0.2361,-0.5962,108,brand_model,theil_sen,"arabam=59, kaggle=49",59,49,True,True,LOW,0,108 gercek egitim kaydi (ham: 108). fiyat araligi cok genis (max/min=3.3x); UI kataloginda secilebilir (kullanici gercekten bu araci secebilir). azaltici: zaten yeterli GUNCEL gercek ornek (arabam=59).,True,,2003-2010,"49,000-376,000","180,000-590,000"
Seat,Altea,108,108,12,2004.0,2015.0,69000.0,229000.0,436000.0,290000.0,589500.0,1200000.0,0.3351,-0.8773,108,brand_model,theil_sen,"arabam=61, kaggle=47",61,47,True,True,LOW,0,108 gercek egitim kaydi (ham: 108). fiyat araligi cok genis (max/min=4.1x); UI kataloginda secilebilir (kullanici gercekten bu araci secebilir). azaltici: zaten yeterli GUNCEL gercek ornek (arabam=61).,True,,2004-2015,"69,000-436,000","290,000-1,200,000"
Toyota,Verso,108,108,14,2004.0,2017.0,63820.0,240500.0,519000.0,396000.0,749500.0,1380000.0,0.2629,-0.7006,108,brand_model,theil_sen,"arabam=76, kaggle=32",76,32,True,True,LOW,0,108 gercek egitim kaydi (ham: 108). fiyat araligi cok genis (max/min=3.5x); UI kataloginda secilebilir (kullanici gercekten bu araci secebilir). azaltici: zaten yeterli GUNCEL gercek ornek (arabam=76).,True,,2004-2017,"63,820-519,000","396,000-1,380,000"
Fiat,Stilo,109,109,5,2002.0,2006.0,67000.0,260000.0,384000.0,120000.0,285000.0,480000.0,0.2088,-0.2435,109,brand_model,theil_sen,"arabam=101, kaggle=8",101,8,True,True,LOW,0,"109 gercek egitim kaydi (ham: 109). fiyat araligi cok genis (max/min=4.0x); UI kataloginda secilebilir (kullanici gercekten bu araci secebilir). azaltici: dusuk fiyat etkisi (medyan 285,000 <= p25 esigi 320,000); zaten yeterli GUNCEL gercek ornek (arabam=101).",True,,2002-2006,"67,000-384,000","120,000-480,000"
Mercedes - Benz,ML,109,109,18,1998.0,2015.0,80000.0,297000.0,560000.0,400000.0,1350000.0,7550000.0,0.6997,-0.8213,109,brand_model,theil_sen,arabam=109,109,0,True,True,LOW,0,109 gercek egitim kaydi (ham: 109). fiyat araligi cok genis (max/min=18.9x); UI kataloginda secilebilir (kullanici gercekten bu araci secebilir). azaltici: zaten yeterli GUNCEL gercek ornek (arabam=109).,True,,1998-2015,"80,000-560,000","400,000-7,550,000"
Tofaş,Murat,130,110,18,1971.0,1988.0,6000.0,102500.0,1000000.0,25000.0,172500.0,415000.0,0.4951,0.5368,110,brand_model,theil_sen,"arabam=74, kaggle=56",74,56,True,True,LOW,0,"110 gercek egitim kaydi (ham: 130). fiyat araligi cok genis (max/min=16.6x); UI kataloginda secilebilir (kullanici gercekten bu araci secebilir). azaltici: dusuk fiyat etkisi (medyan 172,500 <= p25 esigi 320,000); zaten yeterli GUNCEL gercek ornek (arabam=74).",True,,1971-1988,"6,000-1,000,000","25,000-415,000"
Citroen,Jumpy,111,111,17,1999.0,2026.0,0.0,65500.0,717000.0,150000.0,1190000.0,2150000.0,0.4338,-0.9181,111,brand_model,theil_sen,arabam=111,111,0,True,True,LOW,0,111 gercek egitim kaydi (ham: 111). fiyat araligi cok genis (max/min=14.3x); UI kataloginda secilebilir (kullanici gercekten bu araci secebilir). azaltici: zaten yeterli GUNCEL gercek ornek (arabam=111).,True,,1999-2026,"0-717,000","150,000-2,150,000"
Hyundai,Excel,112,112,4,1991.0,1994.0,33000.0,330000.0,500000.0,45000.0,139999.5,252000.0,0.2753,0.0009,112,brand_model,median,"arabam=94, kaggle=18",94,18,True,True,LOW,0,"112 gercek egitim kaydi (ham: 112). fiyat araligi cok genis (max/min=5.6x); UI kataloginda secilebilir (kullanici gercekten bu araci secebilir). azaltici: dusuk fiyat etkisi (medyan 140,000 <= p25 esigi 320,000); zaten yeterli GUNCEL gercek ornek (arabam=94).",True,,1991-1994,"33,000-500,000","45,000-252,000"
Opel,Zafira,114,114,15,2000.0,2015.0,115000.0,270000.0,500000.0,245000.0,457500.0,1025000.0,0.2861,-0.8154,114,brand_model,theil_sen,"arabam=94, kaggle=20",94,20,True,True,LOW,0,114 gercek egitim kaydi (ham: 114). fiyat araligi cok genis (max/min=4.2x); UI kataloginda secilebilir (kullanici gercekten bu araci secebilir). azaltici: zaten yeterli GUNCEL gercek ornek (arabam=94).,True,,2000-2015,"115,000-500,000","245,000-1,025,000"
Citroen,C4 Picasso,116,116,12,2007.0,2018.0,68000.0,197500.0,376000.0,345000.0,773500.0,1350000.0,0.3064,-0.8806,116,brand_model,theil_sen,"arabam=79, kaggle=37",79,37,True,True,LOW,0,116 gercek egitim kaydi (ham: 116). fiyat araligi cok genis (max/min=3.9x); UI kataloginda secilebilir (kullanici gercekten bu araci secebilir). azaltici: zaten yeterli GUNCEL gercek ornek (arabam=79).,True,,2007-2018,"68,000-376,000","345,000-1,350,000"
Skoda,Forman,123,123,3,1992.0,1994.0,60000.0,234000.0,400000.0,40000.0,125000.0,298000.0,0.297,-0.179,123,brand_model,theil_sen,"arabam=66, kaggle=57",66,57,True,True,LOW,0,"123 gercek egitim kaydi (ham: 123). fiyat araligi cok genis (max/min=7.5x); UI kataloginda secilebilir (kullanici gercekten bu araci secebilir). azaltici: dusuk fiyat etkisi (medyan 125,000 <= p25 esigi 320,000); zaten yeterli GUNCEL gercek ornek (arabam=66).",True,,1992-1994,"60,000-400,000","40,000-298,000"
Tofaş,Serçe,128,126,12,1984.0,1998.0,6000.0,100000.0,999500.0,64150.0,135000.0,345000.0,0.3983,-0.2648,126,brand_model,theil_sen,"arabam=65, kaggle=63",65,63,True,True,LOW,0,"126 gercek egitim kaydi (ham: 128). fiyat araligi cok genis (max/min=5.4x); UI kataloginda secilebilir (kullanici gercekten bu araci secebilir). azaltici: dusuk fiyat etkisi (medyan 135,000 <= p25 esigi 320,000); zaten yeterli GUNCEL gercek ornek (arabam=65).",True,,1984-1998,"6,000-999,500","64,150-345,000"
Peugeot,Boxer,128,128,26,1998.0,2025.0,0.0,250000.0,800000.0,125000.0,637500.0,1670000.0,0.5332,-0.942,128,brand_model,theil_sen,arabam=128,128,0,True,True,LOW,0,128 gercek egitim kaydi (ham: 128). fiyat araligi cok genis (max/min=13.4x); UI kataloginda secilebilir (kullanici gercekten bu araci secebilir). azaltici: zaten yeterli GUNCEL gercek ornek (arabam=128).,True,,1998-2025,"0-800,000","125,000-1,670,000"
Chery,Tiggo 7 Pro Max,133,133,2,2024.0,2025.0,6000.0,12000.0,59000.0,1475000.0,1925000.0,2195000.0,0.0525,-0.4177,133,brand_model,theil_sen,arabam=133,133,0,True,True,LOW,0,133 gercek egitim kaydi (ham: 133). model yili cesitliligi cok dusuk (2 farkli yil); UI kataloginda secilebilir (kullanici gercekten bu araci secebilir). azaltici: zaten yeterli GUNCEL gercek ornek (arabam=133).,True,,2024-2025,"6,000-59,000","1,475,000-2,195,000"
Peugeot,406,133,133,9,1996.0,2004.0,50000.0,319000.0,555000.0,110000.0,290000.0,800000.0,0.3005,-0.2268,133,brand_model,theil_sen,"arabam=102, kaggle=31",102,31,True,True,LOW,0,"133 gercek egitim kaydi (ham: 133). fiyat araligi cok genis (max/min=7.3x); UI kataloginda secilebilir (kullanici gercekten bu araci secebilir). azaltici: dusuk fiyat etkisi (medyan 290,000 <= p25 esigi 320,000); zaten yeterli GUNCEL gercek ornek (arabam=102).",True,,1996-2004,"50,000-555,000","110,000-800,000"
Alfa Romeo,156,135,135,9,1998.0,2006.0,77643.0,285000.0,555000.0,175000.0,320000.0,595000.0,0.2307,-0.6598,135,brand_model,theil_sen,"arabam=57, kaggle=78",57,78,True,True,LOW,0,"135 gercek egitim kaydi (ham: 135). fiyat araligi cok genis (max/min=3.4x); UI kataloginda secilebilir (kullanici gercekten bu araci secebilir). azaltici: dusuk fiyat etkisi (medyan 320,000 <= p25 esigi 320,000); zaten yeterli GUNCEL gercek ornek (arabam=57).",True,,1998-2006,"77,643-555,000","175,000-595,000"
DS Automobiles,DS4,136,136,11,2011.0,2025.0,6001.0,138500.0,390000.0,450000.0,933000.0,2590000.0,0.4648,-0.9642,136,brand_model,theil_sen,"arabam=78, kaggle=58",78,58,True,True,LOW,0,136 gercek egitim kaydi (ham: 136). fiyat araligi cok genis (max/min=5.8x); UI kataloginda secilebilir (kullanici gercekten bu araci secebilir). azaltici: zaten yeterli GUNCEL gercek ornek (arabam=78).,True,,2011-2025,"6,001-390,000","450,000-2,590,000"
Ford,Taunus,136,136,15,1970.0,1993.0,6000.0,208000.0,528000.0,50000.0,131500.0,485000.0,0.4813,0.2121,136,brand_model,theil_sen,"arabam=110, kaggle=26",110,26,True,True,LOW,0,"136 gercek egitim kaydi (ham: 136). fiyat araligi cok genis (max/min=9.7x); UI kataloginda secilebilir (kullanici gercekten bu araci secebilir). azaltici: dusuk fiyat etkisi (medyan 131,500 <= p25 esigi 320,000); zaten yeterli GUNCEL gercek ornek (arabam=110).",True,,1970-1993,"6,000-528,000","50,000-485,000"
Hyundai,Starex,137,137,8,2001.0,2008.0,56000.0,232000.0,538000.0,90000.0,325000.0,620000.0,0.2658,-0.1912,137,brand_model,theil_sen,arabam=137,137,0,True,True,LOW,0,137 gercek egitim kaydi (ham: 137). fiyat araligi cok genis (max/min=6.9x); UI kataloginda secilebilir (kullanici gercekten bu araci secebilir). azaltici: zaten yeterli GUNCEL gercek ornek (arabam=137).,True,,2001-2008,"56,000-538,000","90,000-620,000"
Mercedes - Benz,GLB,137,137,7,2020.0,2026.0,6001.0,53500.0,146000.0,2457500.0,3375000.0,4995000.0,0.1406,-0.8447,137,brand_model,theil_sen,arabam=137,137,0,True,True,LOW,0,"137 gercek egitim kaydi (ham: 137). premium fiyat segmenti (medyan 3,375,000 >= p90 esigi 3,375,000); UI kataloginda secilebilir (kullanici gercekten bu araci secebilir). azaltici: zaten yeterli GUNCEL gercek ornek (arabam=137).",True,,2020-2026,"6,001-146,000","2,457,500-4,995,000"
Citroen,Saxo,143,143,7,1997.0,2003.0,98000.0,275000.0,558000.0,85000.0,185000.0,329900.0,0.2638,0.1733,143,brand_model,theil_sen,"arabam=93, kaggle=50",93,50,True,True,LOW,0,"143 gercek egitim kaydi (ham: 143). fiyat araligi cok genis (max/min=3.9x); UI kataloginda secilebilir (kullanici gercekten bu araci secebilir). azaltici: dusuk fiyat etkisi (medyan 185,000 <= p25 esigi 320,000); zaten yeterli GUNCEL gercek ornek (arabam=93).",True,,1997-2003,"98,000-558,000","85,000-329,900"
Jeep,Grand Cherokee,149,145,24,1993.0,2017.0,43000.0,286000.0,524000.0,250000.0,890000.0,3225000.0,0.5712,-0.8499,145,brand_model,theil_sen,arabam=149,149,0,True,True,LOW,0,145 gercek egitim kaydi (ham: 149). fiyat araligi cok genis (max/min=12.9x); UI kataloginda secilebilir (kullanici gercekten bu araci secebilir). azaltici: zaten yeterli GUNCEL gercek ornek (arabam=149).,True,,1993-2017,"43,000-524,000","250,000-3,225,000"
Renault,Latitude,145,145,5,2011.0,2015.0,19000.0,260000.0,444400.0,350000.0,675000.0,1240000.0,0.2044,-0.1899,145,brand_model,theil_sen,"arabam=127, kaggle=18",127,18,True,True,LOW,0,145 gercek egitim kaydi (ham: 145). fiyat araligi cok genis (max/min=3.5x); UI kataloginda secilebilir (kullanici gercekten bu araci secebilir). azaltici: zaten yeterli GUNCEL gercek ornek (arabam=127).,True,,2011-2015,"19,000-444,400","350,000-1,240,000"
Mercedes - Benz,CLS,152,152,17,2005.0,2023.0,13504.0,224000.0,469000.0,899000.0,2757500.0,8950000.0,0.5281,-0.9445,152,brand_model,theil_sen,"arabam=108, kaggle=44",108,44,True,True,LOW,0,152 gercek egitim kaydi (ham: 152). fiyat araligi cok genis (max/min=10.0x); UI kataloginda secilebilir (kullanici gercekten bu araci secebilir). azaltici: zaten yeterli GUNCEL gercek ornek (arabam=108).,True,,2005-2023,"13,504-469,000","899,000-8,950,000"
Dacia,Solenza,153,153,3,2004.0,2006.0,84000.0,220000.0,512000.0,115000.0,215000.0,345000.0,0.2043,-0.1404,153,brand_model,theil_sen,"arabam=73, kaggle=80",73,80,True,True,LOW,0,"153 gercek egitim kaydi (ham: 153). fiyat araligi cok genis (max/min=3.0x); UI kataloginda secilebilir (kullanici gercekten bu araci secebilir). azaltici: dusuk fiyat etkisi (medyan 215,000 <= p25 esigi 320,000); zaten yeterli GUNCEL gercek ornek (arabam=73).",True,,2004-2006,"84,000-512,000","115,000-345,000"
Renault,R 11,153,153,10,1985.0,1995.0,34000.0,300000.0,999999.0,50000.0,135000.0,275000.0,0.3096,-0.1589,153,brand_model,theil_sen,"arabam=143, kaggle=10",143,10,True,True,LOW,0,"153 gercek egitim kaydi (ham: 153). fiyat araligi cok genis (max/min=5.5x); UI kataloginda secilebilir (kullanici gercekten bu araci secebilir). azaltici: dusuk fiyat etkisi (medyan 135,000 <= p25 esigi 320,000); zaten yeterli GUNCEL gercek ornek (arabam=143).",True,,1985-1995,"34,000-999,999","50,000-275,000"
Audi,Q5,157,157,16,2009.0,2024.0,6001.0,219000.0,560000.0,800000.0,1635000.0,8750000.0,0.6391,-0.9411,157,brand_model,theil_sen,arabam=157,157,0,True,True,LOW,0,157 gercek egitim kaydi (ham: 157). fiyat araligi cok genis (max/min=10.9x); UI kataloginda secilebilir (kullanici gercekten bu araci secebilir). azaltici: zaten yeterli GUNCEL gercek ornek (arabam=157).,True,,2009-2024,"6,001-560,000","800,000-8,750,000"
Mitsubishi,Colt,160,160,9,1993.0,2012.0,37000.0,211000.0,420000.0,210000.0,405000.0,697500.0,0.2472,-0.5688,160,brand_model,theil_sen,"arabam=83, kaggle=77",83,77,True,True,LOW,0,160 gercek egitim kaydi (ham: 160). fiyat araligi cok genis (max/min=3.3x); UI kataloginda secilebilir (kullanici gercekten bu araci secebilir). azaltici: zaten yeterli GUNCEL gercek ornek (arabam=83).,True,,1993-2012,"37,000-420,000","210,000-697,500"
Audi,Q7,162,161,19,2006.0,2025.0,6001.0,270000.0,612000.0,895000.0,1865000.0,8750000.0,0.7635,-0.9665,161,brand_model,theil_sen,arabam=162,162,0,True,True,LOW,0,161 gercek egitim kaydi (ham: 162). fiyat araligi cok genis (max/min=9.8x); UI kataloginda secilebilir (kullanici gercekten bu araci secebilir). azaltici: zaten yeterli GUNCEL gercek ornek (arabam=162).,True,,2006-2025,"6,001-612,000","895,000-8,750,000"
Ford,Tourneo Custom,185,162,14,2012.0,2025.0,650.0,166000.0,506000.0,480000.0,1185000.0,2340000.0,0.366,-0.8689,162,brand_model,theil_sen,arabam=185,185,0,True,True,LOW,0,162 gercek egitim kaydi (ham: 185). fiyat araligi cok genis (max/min=4.9x); UI kataloginda secilebilir (kullanici gercekten bu araci secebilir). azaltici: zaten yeterli GUNCEL gercek ornek (arabam=185).,True,,2012-2025,"650-506,000","480,000-2,340,000"
Land Rover,Range Rover Evoque,165,164,14,2012.0,2025.0,6001.0,134500.0,325000.0,1349000.0,2099500.0,5800000.0,0.431,-0.9463,164,brand_model,theil_sen,arabam=165,165,0,True,True,LOW,0,164 gercek egitim kaydi (ham: 165). fiyat araligi cok genis (max/min=4.3x); UI kataloginda secilebilir (kullanici gercekten bu araci secebilir). azaltici: zaten yeterli GUNCEL gercek ornek (arabam=165).,True,,2012-2025,"6,001-325,000","1,349,000-5,800,000"
Mercedes - Benz,GLA,167,167,12,2014.0,2025.0,6001.0,132000.0,320000.0,1170000.0,1849000.0,4090000.0,0.2953,-0.8786,167,brand_model,theil_sen,arabam=167,167,0,True,True,LOW,0,167 gercek egitim kaydi (ham: 167). fiyat araligi cok genis (max/min=3.5x); UI kataloginda secilebilir (kullanici gercekten bu araci secebilir). azaltici: zaten yeterli GUNCEL gercek ornek (arabam=167).,True,,2014-2025,"6,001-320,000","1,170,000-4,090,000"
Fiat,Bravo,169,169,12,1997.0,2014.0,130000.0,244400.0,530000.0,110000.0,459999.0,715000.0,0.3325,-0.8742,169,brand_model,theil_sen,"arabam=141, kaggle=28",141,28,True,True,LOW,0,169 gercek egitim kaydi (ham: 169). fiyat araligi cok genis (max/min=6.5x); UI kataloginda secilebilir (kullanici gercekten bu araci secebilir). azaltici: zaten yeterli GUNCEL gercek ornek (arabam=141).,True,,1997-2014,"130,000-530,000","110,000-715,000"
Mercedes - Benz,190,170,170,11,1983.0,1993.0,20000.0,350000.0,850000.0,115000.0,335000.0,3275000.0,0.95,-0.2612,170,brand_model,theil_sen,"arabam=134, kaggle=36",134,36,True,True,LOW,0,170 gercek egitim kaydi (ham: 170). fiyat araligi cok genis (max/min=28.5x); UI kataloginda secilebilir (kullanici gercekten bu araci secebilir). azaltici: zaten yeterli GUNCEL gercek ornek (arabam=134).,False,fiyat varyasyonu asiri yuksek (cv=0.95>0.85) ve yasla aciklanamiyor (corr=-0.2612) - veri ici tutarsizlik supheli,1983-1993,"20,000-850,000","115,000-3,275,000"
Porsche,Panamera,172,172,14,2010.0,2024.0,0.0,190000.0,360000.0,2650000.0,4162500.0,33900000.0,0.8029,-0.9131,172,brand_model,theil_sen,"arabam=106, kaggle=66",106,66,True,True,LOW,0,"172 gercek egitim kaydi (ham: 172). premium fiyat segmenti (medyan 4,162,500 >= p90 esigi 3,375,000); fiyat araligi cok genis (max/min=12.8x); UI kataloginda secilebilir (kullanici gercekten bu araci secebilir). azaltici: zaten yeterli GUNCEL gercek ornek (arabam=106).",True,,2010-2024,"0-360,000","2,650,000-33,900,000"
BMW,7 Serisi,196,175,27,1987.0,2020.0,76000.0,287000.0,642000.0,280000.0,2191740.0,7250000.0,0.6426,-0.7955,175,brand_model,theil_sen,"arabam=149, kaggle=47",149,47,True,True,LOW,0,175 gercek egitim kaydi (ham: 196). fiyat araligi cok genis (max/min=25.9x); UI kataloginda secilebilir (kullanici gercekten bu araci secebilir). azaltici: zaten yeterli GUNCEL gercek ornek (arabam=149).,True,,1987-2020,"76,000-642,000","280,000-7,250,000"
Honda,HR-V,200,176,18,1999.0,2025.0,6001.0,62500.0,463000.0,359000.0,1942500.0,2450000.0,0.4311,-0.9835,176,brand_model,theil_sen,arabam=200,200,0,True,True,LOW,0,176 gercek egitim kaydi (ham: 200). fiyat araligi cok genis (max/min=6.8x); UI kataloginda secilebilir (kullanici gercekten bu araci secebilir). azaltici: zaten yeterli GUNCEL gercek ornek (arabam=200).,True,,1999-2025,"6,001-463,000","359,000-2,450,000"
Volvo,S80,177,177,17,1999.0,2016.0,73000.0,294000.0,564000.0,260000.0,899500.0,1790000.0,0.3397,-0.8715,177,brand_model,theil_sen,"arabam=98, kaggle=79",98,79,True,True,LOW,0,177 gercek egitim kaydi (ham: 177). fiyat araligi cok genis (max/min=6.9x); UI kataloginda secilebilir (kullanici gercekten bu araci secebilir). azaltici: zaten yeterli GUNCEL gercek ornek (arabam=98).,True,,1999-2016,"73,000-564,000","260,000-1,790,000"
Audi,Q3,178,178,14,2012.0,2026.0,6001.0,88650.0,310000.0,1050000.0,2450000.0,4590000.0,0.352,-0.9549,178,brand_model,theil_sen,arabam=178,178,0,True,True,LOW,0,178 gercek egitim kaydi (ham: 178). fiyat araligi cok genis (max/min=4.4x); UI kataloginda secilebilir (kullanici gercekten bu araci secebilir). azaltici: zaten yeterli GUNCEL gercek ornek (arabam=178).,True,,2012-2026,"6,001-310,000","1,050,000-4,590,000"
Jeep,Compass,179,179,17,2007.0,2025.0,6001.0,85000.0,408000.0,499900.0,1739900.0,2675000.0,0.2933,-0.945,179,brand_model,theil_sen,arabam=179,179,0,True,True,LOW,0,179 gercek egitim kaydi (ham: 179). fiyat araligi cok genis (max/min=5.4x); UI kataloginda secilebilir (kullanici gercekten bu araci secebilir). azaltici: zaten yeterli GUNCEL gercek ornek (arabam=179).,True,,2007-2025,"6,001-408,000","499,900-2,675,000"
Mitsubishi,L 300,182,182,18,1992.0,2009.0,1.0,353000.0,800000.0,50000.0,290000.0,869000.0,0.3883,-0.661,182,brand_model,theil_sen,arabam=182,182,0,True,True,LOW,0,"182 gercek egitim kaydi (ham: 182). fiyat araligi cok genis (max/min=17.4x); UI kataloginda secilebilir (kullanici gercekten bu araci secebilir). azaltici: dusuk fiyat etkisi (medyan 290,000 <= p25 esigi 320,000); zaten yeterli GUNCEL gercek ornek (arabam=182).",True,,1992-2009,"1-800,000","50,000-869,000"
Mazda,626,185,185,12,1988.0,2001.0,10000.0,344000.0,550000.0,55000.0,210000.0,530000.0,0.3991,-0.6948,185,brand_model,theil_sen,"arabam=93, kaggle=92",93,92,True,True,LOW,0,"185 gercek egitim kaydi (ham: 185). fiyat araligi cok genis (max/min=9.6x); UI kataloginda secilebilir (kullanici gercekten bu araci secebilir). azaltici: dusuk fiyat etkisi (medyan 210,000 <= p25 esigi 320,000); zaten yeterli GUNCEL gercek ornek (arabam=93).",True,,1988-2001,"10,000-550,000","55,000-530,000"
Peugeot,5008,204,185,15,2010.0,2024.0,6000.0,156000.0,385000.0,525000.0,1650000.0,2350000.0,0.3938,-0.9524,185,brand_model,theil_sen,arabam=204,204,0,True,True,LOW,0,185 gercek egitim kaydi (ham: 204). fiyat araligi cok genis (max/min=4.5x); UI kataloginda secilebilir (kullanici gercekten bu araci secebilir). azaltici: zaten yeterli GUNCEL gercek ornek (arabam=204).,True,,2010-2024,"6,000-385,000","525,000-2,350,000"
Citroen,Xsara,188,188,11,1998.0,2008.0,27500.0,289159.0,572000.0,100000.0,245000.0,625000.0,0.2898,-0.3821,188,brand_model,theil_sen,"arabam=125, kaggle=63",125,63,True,True,LOW,0,"188 gercek egitim kaydi (ham: 188). fiyat araligi cok genis (max/min=6.2x); UI kataloginda secilebilir (kullanici gercekten bu araci secebilir). azaltici: dusuk fiyat etkisi (medyan 245,000 <= p25 esigi 320,000); zaten yeterli GUNCEL gercek ornek (arabam=125).",True,,1998-2008,"27,500-572,000","100,000-625,000"
Chery,Tiggo 8 Pro Max,195,191,2,2024.0,2025.0,6000.0,19000.0,79850.0,1689000.0,2099950.0,2450000.0,0.0608,-0.5084,191,brand_model,theil_sen,arabam=195,195,0,True,True,LOW,0,191 gercek egitim kaydi (ham: 195). model yili cesitliligi cok dusuk (2 farkli yil); UI kataloginda secilebilir (kullanici gercekten bu araci secebilir). azaltici: zaten yeterli GUNCEL gercek ornek (arabam=195).,True,,2024-2025,"6,000-79,850","1,689,000-2,450,000"
Hyundai,H 100,193,193,15,1996.0,2011.0,0.0,318000.0,637000.0,80000.0,240000.0,575000.0,0.3234,-0.2743,193,brand_model,theil_sen,arabam=193,193,0,True,True,LOW,0,"193 gercek egitim kaydi (ham: 193). fiyat araligi cok genis (max/min=7.2x); UI kataloginda secilebilir (kullanici gercekten bu araci secebilir). azaltici: dusuk fiyat etkisi (medyan 240,000 <= p25 esigi 320,000); zaten yeterli GUNCEL gercek ornek (arabam=193).",True,,1996-2011,"0-637,000","80,000-575,000"
Mitsubishi,Carisma,196,195,8,1998.0,2005.0,30000.0,312000.0,707000.0,120000.0,265000.0,415000.0,0.2122,-0.1535,195,brand_model,theil_sen,"arabam=94, kaggle=102",94,102,True,True,LOW,0,"195 gercek egitim kaydi (ham: 196). fiyat araligi cok genis (max/min=3.5x); UI kataloginda secilebilir (kullanici gercekten bu araci secebilir). azaltici: dusuk fiyat etkisi (medyan 265,000 <= p25 esigi 320,000); zaten yeterli GUNCEL gercek ornek (arabam=94).",True,,1998-2005,"30,000-707,000","120,000-415,000"
Volvo,XC60,196,196,18,2009.0,2026.0,6001.0,135500.0,430000.0,975000.0,3246500.0,6800000.0,0.4555,-0.9658,196,brand_model,theil_sen,arabam=196,196,0,True,True,LOW,0,196 gercek egitim kaydi (ham: 196). fiyat araligi cok genis (max/min=7.0x); UI kataloginda secilebilir (kullanici gercekten bu araci secebilir). azaltici: zaten yeterli GUNCEL gercek ornek (arabam=196).,True,,2009-2026,"6,001-430,000","975,000-6,800,000"
BMW,i Serisi,254,203,10,2014.0,2026.0,6001.0,31000.0,216000.0,1065000.0,4595000.0,7250000.0,0.2159,-0.3667,203,brand_model,theil_sen,"arabam=206, kaggle=48",206,48,True,True,LOW,0,"203 gercek egitim kaydi (ham: 254). premium fiyat segmenti (medyan 4,595,000 >= p90 esigi 3,375,000); fiyat araligi cok genis (max/min=6.8x); UI kataloginda secilebilir (kullanici gercekten bu araci secebilir). azaltici: zaten yeterli GUNCEL gercek ornek (arabam=206).",True,,2014-2026,"6,001-216,000","1,065,000-7,250,000"
BYD,Seal U DM-i,204,204,2,2024.0,2025.0,6000.0,19000.0,90000.0,1890000.0,2342500.0,3075000.0,0.0815,-0.4399,204,brand_model,theil_sen,arabam=204,204,0,True,True,LOW,0,204 gercek egitim kaydi (ham: 204). model yili cesitliligi cok dusuk (2 farkli yil); UI kataloginda secilebilir (kullanici gercekten bu araci secebilir). azaltici: zaten yeterli GUNCEL gercek ornek (arabam=204).,True,,2024-2025,"6,000-90,000","1,890,000-3,075,000"
Porsche,Cayenne,205,205,23,2003.0,2025.0,0.0,243000.0,512000.0,790000.0,3150000.0,29850000.0,0.9873,-0.9567,205,brand_model,theil_sen,arabam=205,205,0,True,True,LOW,0,"205 gercek egitim kaydi (ham: 205). fiyat araligi cok genis (max/min=37.8x); UI kataloginda secilebilir (kullanici gercekten bu araci secebilir). azaltici: zaten yeterli GUNCEL gercek ornek (arabam=205). fiyat yasla guclu iliskili (corr=-0.9567) - genis fiyat araligi normal amortisman, veri tutarsizligi DEGIL; sentetik uretim DUZ interpolasyon yerine yil-fiyat egrisine gore yapilmali.",True,,2003-2025,"0-512,000","790,000-29,850,000"
Nissan,Note,212,212,11,2006.0,2016.0,28000.0,219000.0,440000.0,265999.0,499500.0,1450000.0,0.3022,-0.5426,212,brand_model,theil_sen,"arabam=113, kaggle=99",113,99,True,True,LOW,0,212 gercek egitim kaydi (ham: 212). fiyat araligi cok genis (max/min=5.5x); UI kataloginda secilebilir (kullanici gercekten bu araci secebilir). azaltici: zaten yeterli GUNCEL gercek ornek (arabam=113).,True,,2006-2016,"28,000-440,000","265,999-1,450,000"
Isuzu,D-Max,223,220,21,2005.0,2025.0,6001.0,208500.0,653000.0,310000.0,960000.0,2850000.0,0.4809,-0.8574,220,brand_model,theil_sen,arabam=223,223,0,True,True,LOW,0,220 gercek egitim kaydi (ham: 223). fiyat araligi cok genis (max/min=9.2x); UI kataloginda secilebilir (kullanici gercekten bu araci secebilir). azaltici: zaten yeterli GUNCEL gercek ornek (arabam=223).,True,,2005-2025,"6,001-653,000","310,000-2,850,000"
Volvo,V40,221,221,16,1997.0,2019.0,24192.0,163000.0,485000.0,185000.0,1150000.0,2000000.0,0.3024,-0.9154,221,brand_model,theil_sen,"arabam=127, kaggle=94",127,94,True,True,LOW,0,221 gercek egitim kaydi (ham: 221). fiyat araligi cok genis (max/min=10.8x); UI kataloginda secilebilir (kullanici gercekten bu araci secebilir). azaltici: zaten yeterli GUNCEL gercek ornek (arabam=127).,True,,1997-2019,"24,192-485,000","185,000-2,000,000"
Land Rover,Freelander,224,224,15,1998.0,2012.0,6500.0,280000.0,538000.0,250000.0,660000.0,1490000.0,0.3989,-0.8677,224,brand_model,theil_sen,arabam=224,224,0,True,True,LOW,0,224 gercek egitim kaydi (ham: 224). fiyat araligi cok genis (max/min=6.0x); UI kataloginda secilebilir (kullanici gercekten bu araci secebilir). azaltici: zaten yeterli GUNCEL gercek ornek (arabam=224).,True,,1998-2012,"6,500-538,000","250,000-1,490,000"
Renault,Trafic,228,224,21,2005.0,2025.0,0.0,229000.0,753000.0,200000.0,664750.0,1970000.0,0.5228,-0.8983,224,brand_model,theil_sen,arabam=228,228,0,True,True,LOW,0,224 gercek egitim kaydi (ham: 228). fiyat araligi cok genis (max/min=9.8x); UI kataloginda secilebilir (kullanici gercekten bu araci secebilir). azaltici: zaten yeterli GUNCEL gercek ornek (arabam=228).,True,,2005-2025,"0-753,000","200,000-1,970,000"
Kia,Sorento,244,225,12,2003.0,2018.0,10000.0,287000.0,560000.0,199000.0,600000.0,2750000.0,0.3516,-0.7097,225,brand_model,theil_sen,arabam=244,244,0,True,True,LOW,0,225 gercek egitim kaydi (ham: 244). fiyat araligi cok genis (max/min=13.8x); UI kataloginda secilebilir (kullanici gercekten bu araci secebilir). azaltici: zaten yeterli GUNCEL gercek ornek (arabam=244).,True,,2003-2018,"10,000-560,000","199,000-2,750,000"
Nissan,Navara,229,229,14,2006.0,2021.0,32549.0,195000.0,570000.0,350000.0,1070000.0,1978000.0,0.3843,-0.884,229,brand_model,theil_sen,arabam=229,229,0,True,True,LOW,0,229 gercek egitim kaydi (ham: 229). fiyat araligi cok genis (max/min=5.7x); UI kataloginda secilebilir (kullanici gercekten bu araci secebilir). azaltici: zaten yeterli GUNCEL gercek ornek (arabam=229).,True,,2006-2021,"32,549-570,000","350,000-1,978,000"
Chery,Tiggo 8 Pro,231,231,2,2023.0,2024.0,6001.0,41000.0,146000.0,1445000.0,1820000.0,2200000.0,0.068,-0.497,231,brand_model,theil_sen,arabam=231,231,0,True,True,LOW,0,231 gercek egitim kaydi (ham: 231). model yili cesitliligi cok dusuk (2 farkli yil); UI kataloginda secilebilir (kullanici gercekten bu araci secebilir). azaltici: zaten yeterli GUNCEL gercek ornek (arabam=231).,True,,2023-2024,"6,001-146,000","1,445,000-2,200,000"
Volvo,S90,231,231,9,2016.0,2024.0,6850.0,120000.0,780000.0,2050000.0,3569500.0,5750000.0,0.2294,-0.8875,231,brand_model,theil_sen,"arabam=152, kaggle=79",152,79,True,True,LOW,0,"231 gercek egitim kaydi (ham: 231). premium fiyat segmenti (medyan 3,569,500 >= p90 esigi 3,375,000); UI kataloginda secilebilir (kullanici gercekten bu araci secebilir). azaltici: zaten yeterli GUNCEL gercek ornek (arabam=152).",True,,2016-2024,"6,850-780,000","2,050,000-5,750,000"
Peugeot,106,235,235,9,1993.0,2002.0,10500.0,270000.0,475000.0,53000.0,219900.0,645000.0,0.3898,-0.4174,235,brand_model,theil_sen,"arabam=174, kaggle=61",174,61,True,True,LOW,0,"235 gercek egitim kaydi (ham: 235). fiyat araligi cok genis (max/min=12.2x); UI kataloginda secilebilir (kullanici gercekten bu araci secebilir). azaltici: dusuk fiyat etkisi (medyan 219,900 <= p25 esigi 320,000); zaten yeterli GUNCEL gercek ornek (arabam=174).",True,,1993-2002,"10,500-475,000","53,000-645,000"
Fiat,Brava,236,236,7,1996.0,2003.0,8500.0,268000.0,425000.0,65000.0,233500.0,425000.0,0.2224,-0.0401,236,brand_model,theil_sen,"arabam=209, kaggle=27",209,27,True,True,LOW,0,"236 gercek egitim kaydi (ham: 236). fiyat araligi cok genis (max/min=6.5x); UI kataloginda secilebilir (kullanici gercekten bu araci secebilir). azaltici: dusuk fiyat etkisi (medyan 233,500 <= p25 esigi 320,000); zaten yeterli GUNCEL gercek ornek (arabam=209).",True,,1996-2003,"8,500-425,000","65,000-425,000"
Opel,Meriva,236,236,12,2003.0,2015.0,86001.0,238000.0,399000.0,235000.0,410000.0,829900.0,0.2124,-0.6416,236,brand_model,theil_sen,"arabam=202, kaggle=34",202,34,True,True,LOW,0,236 gercek egitim kaydi (ham: 236). fiyat araligi cok genis (max/min=3.5x); UI kataloginda secilebilir (kullanici gercekten bu araci secebilir). azaltici: zaten yeterli GUNCEL gercek ornek (arabam=202).,True,,2003-2015,"86,001-399,000","235,000-829,900"
Toyota,Proace City,238,238,6,2021.0,2026.0,0.0,40000.0,211500.0,665000.0,1325000.0,2110000.0,0.2085,-0.6517,238,brand_model,theil_sen,arabam=238,238,0,True,True,LOW,0,238 gercek egitim kaydi (ham: 238). fiyat araligi cok genis (max/min=3.2x); UI kataloginda secilebilir (kullanici gercekten bu araci secebilir). azaltici: zaten yeterli GUNCEL gercek ornek (arabam=238).,True,,2021-2026,"0-211,500","665,000-2,110,000"
Suzuki,Vitara,246,240,23,1989.0,2025.0,6000.0,95700.0,650000.0,248000.0,1400000.0,2100000.0,0.3561,-0.9512,240,brand_model,theil_sen,arabam=246,246,0,True,True,LOW,0,240 gercek egitim kaydi (ham: 246). fiyat araligi cok genis (max/min=8.5x); UI kataloginda secilebilir (kullanici gercekten bu araci secebilir). azaltici: zaten yeterli GUNCEL gercek ornek (arabam=246).,True,,1989-2025,"6,000-650,000","248,000-2,100,000"
Volkswagen,Scirocco,242,242,8,2009.0,2016.0,32000.0,208500.0,330000.0,541000.0,872500.0,1850000.0,0.2541,-0.5749,242,brand_model,theil_sen,"arabam=219, kaggle=23",219,23,True,True,LOW,0,242 gercek egitim kaydi (ham: 242). fiyat araligi cok genis (max/min=3.4x); UI kataloginda secilebilir (kullanici gercekten bu araci secebilir). azaltici: zaten yeterli GUNCEL gercek ornek (arabam=219).,True,,2009-2016,"32,000-330,000","541,000-1,850,000"
Chery,Omoda 5,245,245,2,2023.0,2024.0,10000.0,39000.0,175000.0,1235000.0,1629000.0,1900000.0,0.0538,-0.152,245,brand_model,theil_sen,arabam=245,245,0,True,True,LOW,0,245 gercek egitim kaydi (ham: 245). model yili cesitliligi cok dusuk (2 farkli yil); UI kataloginda secilebilir (kullanici gercekten bu araci secebilir). azaltici: zaten yeterli GUNCEL gercek ornek (arabam=245).,True,,2023-2024,"10,000-175,000","1,235,000-1,900,000"
Mini,Countryman,250,247,14,2011.0,2024.0,10000.0,132000.0,275000.0,715000.0,1269000.0,3150000.0,0.3554,-0.9033,247,brand_model,theil_sen,arabam=250,250,0,True,True,LOW,0,247 gercek egitim kaydi (ham: 250). fiyat araligi cok genis (max/min=4.4x); UI kataloginda secilebilir (kullanici gercekten bu araci secebilir). azaltici: zaten yeterli GUNCEL gercek ornek (arabam=250).,True,,2011-2024,"10,000-275,000","715,000-3,150,000"
Alfa Romeo,Giulietta,248,248,11,2011.0,2024.0,18000.0,185500.0,349000.0,445000.0,772500.0,1950000.0,0.2605,-0.6086,248,brand_model,theil_sen,"arabam=136, kaggle=112",136,112,True,True,LOW,0,248 gercek egitim kaydi (ham: 248). fiyat araligi cok genis (max/min=4.4x); UI kataloginda secilebilir (kullanici gercekten bu araci secebilir). azaltici: zaten yeterli GUNCEL gercek ornek (arabam=136).,True,,2011-2024,"18,000-349,000","445,000-1,950,000"
Land Rover,Range Rover,260,249,29,1995.0,2023.0,10000.0,245000.0,470000.0,199999.0,3880000.0,22500000.0,0.9773,-0.9568,249,brand_model,theil_sen,arabam=260,260,0,True,True,LOW,0,"249 gercek egitim kaydi (ham: 260). premium fiyat segmenti (medyan 3,880,000 >= p90 esigi 3,375,000); fiyat araligi cok genis (max/min=112.5x); UI kataloginda secilebilir (kullanici gercekten bu araci secebilir). azaltici: zaten yeterli GUNCEL gercek ornek (arabam=260). fiyat yasla guclu iliskili (corr=-0.9568) - genis fiyat araligi normal amortisman, veri tutarsizligi DEGIL; sentetik uretim DUZ interpolasyon yerine yil-fiyat egrisine gore yapilmali.",True,,1995-2023,"10,000-470,000","199,999-22,500,000"
Volvo,XC90,286,257,18,2005.0,2025.0,12500.0,117000.0,435000.0,690000.0,4675000.0,7580000.0,0.3462,-0.9554,257,brand_model,theil_sen,arabam=286,286,0,True,True,LOW,0,"257 gercek egitim kaydi (ham: 286). premium fiyat segmenti (medyan 4,675,000 >= p90 esigi 3,375,000); fiyat araligi cok genis (max/min=11.0x); UI kataloginda secilebilir (kullanici gercekten bu araci secebilir). azaltici: zaten yeterli GUNCEL gercek ornek (arabam=286).",True,,2005-2025,"12,500-435,000","690,000-7,580,000"
BMW,X3,261,261,22,2004.0,2025.0,6001.0,134000.0,574000.0,665000.0,1965000.0,7150000.0,0.6163,-0.9706,261,brand_model,theil_sen,arabam=261,261,0,True,True,LOW,0,261 gercek egitim kaydi (ham: 261). fiyat araligi cok genis (max/min=10.8x); UI kataloginda secilebilir (kullanici gercekten bu araci secebilir). azaltici: zaten yeterli GUNCEL gercek ornek (arabam=261).,True,,2004-2025,"6,001-574,000","665,000-7,150,000"
Peugeot,306,262,262,11,1993.0,2004.0,87200.0,273000.0,440000.0,90000.0,250000.0,999999.0,0.3014,-0.4076,262,brand_model,theil_sen,"arabam=187, kaggle=75",187,75,True,True,LOW,0,"262 gercek egitim kaydi (ham: 262). fiyat araligi cok genis (max/min=11.1x); UI kataloginda secilebilir (kullanici gercekten bu araci secebilir). azaltici: dusuk fiyat etkisi (medyan 250,000 <= p25 esigi 320,000); zaten yeterli GUNCEL gercek ornek (arabam=187).",True,,1993-2004,"87,200-440,000","90,000-999,999"
Renault,Master,266,266,24,2001.0,2026.0,0.0,286500.0,824000.0,85000.0,507500.0,1800000.0,0.5574,-0.9024,266,brand_model,theil_sen,arabam=266,266,0,True,True,LOW,0,266 gercek egitim kaydi (ham: 266). fiyat araligi cok genis (max/min=21.2x); UI kataloginda secilebilir (kullanici gercekten bu araci secebilir). azaltici: zaten yeterli GUNCEL gercek ornek (arabam=266).,True,,2001-2026,"0-824,000","85,000-1,800,000"
Volkswagen,Passat Variant,270,266,27,1988.0,2025.0,6001.0,161000.0,470000.0,178500.0,1499999.5,2770000.0,0.4315,-0.9677,266,brand_model,theil_sen,"arabam=238, kaggle=32",238,32,True,True,LOW,0,266 gercek egitim kaydi (ham: 270). fiyat araligi cok genis (max/min=15.5x); UI kataloginda secilebilir (kullanici gercekten bu araci secebilir). azaltici: zaten yeterli GUNCEL gercek ornek (arabam=238).,True,,1988-2025,"6,001-470,000","178,500-2,770,000"
Nissan,Almera,268,268,12,1997.0,2011.0,31000.0,260000.0,415000.0,200000.0,345000.0,700000.0,0.1859,-0.4448,268,brand_model,theil_sen,"arabam=117, kaggle=151",117,151,True,True,LOW,0,268 gercek egitim kaydi (ham: 268). fiyat araligi cok genis (max/min=3.5x); UI kataloginda secilebilir (kullanici gercekten bu araci secebilir). azaltici: zaten yeterli GUNCEL gercek ornek (arabam=117).,True,,1997-2011,"31,000-415,000","200,000-700,000"
Honda,Accord,278,276,26,1986.0,2023.0,16000.0,298450.0,522000.0,99000.0,592000.0,2450000.0,0.7675,-0.9605,276,brand_model,theil_sen,"arabam=178, kaggle=100",178,100,True,True,LOW,0,276 gercek egitim kaydi (ham: 278). fiyat araligi cok genis (max/min=24.7x); UI kataloginda secilebilir (kullanici gercekten bu araci secebilir). azaltici: zaten yeterli GUNCEL gercek ornek (arabam=178).,True,,1986-2023,"16,000-522,000","99,000-2,450,000"
Mitsubishi,Lancer,278,277,13,1990.0,2015.0,66096.0,266000.0,765000.0,60000.0,455000.0,1025000.0,0.3911,-0.8938,277,brand_model,theil_sen,"arabam=144, kaggle=134",144,134,True,True,LOW,0,277 gercek egitim kaydi (ham: 278). fiyat araligi cok genis (max/min=17.1x); UI kataloginda secilebilir (kullanici gercekten bu araci secebilir). azaltici: zaten yeterli GUNCEL gercek ornek (arabam=144).,True,,1990-2015,"66,096-765,000","60,000-1,025,000"
Renault,Kangoo Express,277,277,27,1998.0,2024.0,53.0,311000.0,640000.0,70000.0,299000.0,900000.0,0.4671,-0.8129,277,brand_model,theil_sen,arabam=277,277,0,True,True,LOW,0,"277 gercek egitim kaydi (ham: 277). fiyat araligi cok genis (max/min=12.9x); UI kataloginda secilebilir (kullanici gercekten bu araci secebilir). azaltici: dusuk fiyat etkisi (medyan 299,000 <= p25 esigi 320,000); zaten yeterli GUNCEL gercek ornek (arabam=277).",True,,1998-2024,"53-640,000","70,000-900,000"
Renault,Taliant,278,278,4,2021.0,2024.0,7000.0,88000.0,215000.0,350000.0,902500.0,1250000.0,0.1454,-0.4292,278,brand_model,theil_sen,"arabam=246, kaggle=32",246,32,True,True,LOW,0,278 gercek egitim kaydi (ham: 278). fiyat araligi cok genis (max/min=3.6x); UI kataloginda secilebilir (kullanici gercekten bu araci secebilir). azaltici: zaten yeterli GUNCEL gercek ornek (arabam=246).,True,,2021-2024,"7,000-215,000","350,000-1,250,000"
Peugeot,206+,280,280,4,2009.0,2012.0,74000.0,205000.0,420000.0,110000.0,398000.0,600000.0,0.1801,-0.2455,280,brand_model,theil_sen,"arabam=209, kaggle=71",209,71,True,True,LOW,0,280 gercek egitim kaydi (ham: 280). fiyat araligi cok genis (max/min=5.5x); UI kataloginda secilebilir (kullanici gercekten bu araci secebilir). azaltici: zaten yeterli GUNCEL gercek ornek (arabam=209).,True,,2009-2012,"74,000-420,000","110,000-600,000"
BMW,X5,284,284,19,2000.0,2018.0,62900.0,290000.0,555000.0,350000.0,1525000.0,4995000.0,0.5235,-0.9323,284,brand_model,theil_sen,arabam=284,284,0,True,True,LOW,0,284 gercek egitim kaydi (ham: 284). fiyat araligi cok genis (max/min=14.3x); UI kataloginda secilebilir (kullanici gercekten bu araci secebilir). azaltici: zaten yeterli GUNCEL gercek ornek (arabam=284).,True,,2000-2018,"62,900-555,000","350,000-4,995,000"
Mercedes - Benz,200,285,284,19,1977.0,1996.0,79000.0,380500.0,750000.0,119000.0,382500.0,2061000.0,0.5185,-0.3663,284,brand_model,theil_sen,"arabam=209, kaggle=76",209,76,True,True,LOW,0,284 gercek egitim kaydi (ham: 285). fiyat araligi cok genis (max/min=17.3x); UI kataloginda secilebilir (kullanici gercekten bu araci secebilir). azaltici: zaten yeterli GUNCEL gercek ornek (arabam=209).,True,,1977-1996,"79,000-750,000","119,000-2,061,000"
Mercedes - Benz,B,284,284,18,2005.0,2023.0,22430.0,156000.0,465000.0,155000.0,1040000.0,3250000.0,0.3795,-0.8845,284,brand_model,theil_sen,"arabam=209, kaggle=75",209,75,True,True,LOW,0,284 gercek egitim kaydi (ham: 284). fiyat araligi cok genis (max/min=21.0x); UI kataloginda secilebilir (kullanici gercekten bu araci secebilir). azaltici: zaten yeterli GUNCEL gercek ornek (arabam=209).,True,,2005-2023,"22,430-465,000","155,000-3,250,000"
Nissan,X-Trail,321,285,22,2002.0,2024.0,27000.0,166000.0,516000.0,499000.0,1475000.0,2850000.0,0.3152,-0.9226,285,brand_model,theil_sen,arabam=321,321,0,True,True,LOW,0,285 gercek egitim kaydi (ham: 321). fiyat araligi cok genis (max/min=5.7x); UI kataloginda secilebilir (kullanici gercekten bu araci secebilir). azaltici: zaten yeterli GUNCEL gercek ornek (arabam=321).,True,,2002-2024,"27,000-516,000","499,000-2,850,000"
Skoda,Favorit,287,286,7,1989.0,1995.0,48000.0,230000.0,650000.0,10000.0,120000.0,265000.0,0.2449,-0.1677,286,brand_model,theil_sen,"arabam=150, kaggle=137",150,137,True,True,LOW,0,"286 gercek egitim kaydi (ham: 287). fiyat araligi cok genis (max/min=26.5x); UI kataloginda secilebilir (kullanici gercekten bu araci secebilir). azaltici: dusuk fiyat etkisi (medyan 120,000 <= p25 esigi 320,000); zaten yeterli GUNCEL gercek ornek (arabam=150).",True,,1989-1995,"48,000-650,000","10,000-265,000"
Fiat,Ducato,333,313,26,1999.0,2026.0,0.0,192000.0,730000.0,110000.0,780000.0,1465000.0,0.4332,-0.9418,313,brand_model,theil_sen,arabam=333,333,0,True,True,LOW,0,313 gercek egitim kaydi (ham: 333). fiyat araligi cok genis (max/min=13.3x); UI kataloginda secilebilir (kullanici gercekten bu araci secebilir). azaltici: zaten yeterli GUNCEL gercek ornek (arabam=333).,True,,1999-2026,"0-730,000","110,000-1,465,000"
Skoda,Felicia,320,317,8,1995.0,2002.0,70909.0,243000.0,543000.0,60000.0,195000.0,1170000.0,0.3604,-0.5852,317,brand_model,theil_sen,"arabam=197, kaggle=123",197,123,True,True,LOW,0,"317 gercek egitim kaydi (ham: 320). fiyat araligi cok genis (max/min=19.5x); UI kataloginda secilebilir (kullanici gercekten bu araci secebilir). azaltici: dusuk fiyat etkisi (medyan 195,000 <= p25 esigi 320,000); zaten yeterli GUNCEL gercek ornek (arabam=197).",True,,1995-2002,"70,909-543,000","60,000-1,170,000"
Renault,Scenic,324,323,17,1998.0,2015.0,61000.0,250000.0,461000.0,165000.0,420000.0,1220000.0,0.3731,-0.8485,323,brand_model,theil_sen,"arabam=284, kaggle=40",284,40,True,True,LOW,0,323 gercek egitim kaydi (ham: 324). fiyat araligi cok genis (max/min=7.4x); UI kataloginda secilebilir (kullanici gercekten bu araci secebilir). azaltici: zaten yeterli GUNCEL gercek ornek (arabam=284).,True,,1998-2015,"61,000-461,000","165,000-1,220,000"
Mercedes - Benz,S,382,350,32,1991.0,2023.0,15000.0,285000.0,782545.0,350000.0,2530000.0,14900000.0,0.8528,-0.8908,350,brand_model,theil_sen,"arabam=243, kaggle=139",243,139,True,True,LOW,0,"350 gercek egitim kaydi (ham: 382). fiyat araligi cok genis (max/min=42.6x); UI kataloginda secilebilir (kullanici gercekten bu araci secebilir). azaltici: zaten yeterli GUNCEL gercek ornek (arabam=243). fiyat yasla guclu iliskili (corr=-0.8908) - genis fiyat araligi normal amortisman, veri tutarsizligi DEGIL; sentetik uretim DUZ interpolasyon yerine yil-fiyat egrisine gore yapilmali.",True,,1991-2023,"15,000-782,545","350,000-14,900,000"
Fiat,500 Ailesi,360,352,17,2008.0,2024.0,6001.0,135000.0,353000.0,330000.0,850000.0,1485000.0,0.2509,-0.7442,352,brand_model,theil_sen,"arabam=316, kaggle=44",316,44,True,True,LOW,0,352 gercek egitim kaydi (ham: 360). fiyat araligi cok genis (max/min=4.5x); UI kataloginda secilebilir (kullanici gercekten bu araci secebilir). azaltici: zaten yeterli GUNCEL gercek ornek (arabam=316).,True,,2008-2024,"6,001-353,000","330,000-1,485,000"
Skoda,Rapid,356,356,7,2012.0,2018.0,34000.0,171500.0,490000.0,415000.0,865000.0,1300000.0,0.1841,-0.5017,356,brand_model,theil_sen,"arabam=244, kaggle=112",244,112,True,True,LOW,0,356 gercek egitim kaydi (ham: 356). fiyat araligi cok genis (max/min=3.1x); UI kataloginda secilebilir (kullanici gercekten bu araci secebilir). azaltici: zaten yeterli GUNCEL gercek ornek (arabam=244).,True,,2012-2018,"34,000-490,000","415,000-1,300,000"
Dacia,Lodgy,362,360,11,2012.0,2022.0,6001.0,211000.0,999999.0,269000.0,675000.0,1345000.0,0.2525,-0.6197,360,brand_model,theil_sen,"arabam=184, kaggle=178",184,178,True,True,LOW,0,360 gercek egitim kaydi (ham: 362). fiyat araligi cok genis (max/min=5.0x); UI kataloginda secilebilir (kullanici gercekten bu araci secebilir). azaltici: zaten yeterli GUNCEL gercek ornek (arabam=184).,True,,2012-2022,"6,001-999,999","269,000-1,345,000"
Suzuki,Swift,364,364,29,1990.0,2025.0,6001.0,155000.0,890000.0,65000.0,395000.0,1700000.0,0.7009,-0.9487,364,brand_model,theil_sen,"arabam=168, kaggle=196",168,196,True,True,LOW,0,364 gercek egitim kaydi (ham: 364). fiyat araligi cok genis (max/min=26.2x); UI kataloginda secilebilir (kullanici gercekten bu araci secebilir). azaltici: zaten yeterli GUNCEL gercek ornek (arabam=168).,True,,1990-2025,"6,001-890,000","65,000-1,700,000"
BMW,2 Serisi,384,384,12,2014.0,2025.0,6000.0,90250.0,325000.0,945000.0,1999499.5,4400000.0,0.2608,-0.8458,384,brand_model,theil_sen,"arabam=306, kaggle=78",306,78,True,True,LOW,0,384 gercek egitim kaydi (ham: 384). fiyat araligi cok genis (max/min=4.7x); UI kataloginda secilebilir (kullanici gercekten bu araci secebilir). azaltici: zaten yeterli GUNCEL gercek ornek (arabam=306).,True,,2014-2025,"6,000-325,000","945,000-4,400,000"
BMW,X1,386,386,16,2010.0,2025.0,6001.0,98940.0,357000.0,800000.0,2110000.0,5350000.0,0.4323,-0.963,386,brand_model,theil_sen,arabam=386,386,0,True,True,LOW,0,386 gercek egitim kaydi (ham: 386). fiyat araligi cok genis (max/min=6.7x); UI kataloginda secilebilir (kullanici gercekten bu araci secebilir). azaltici: zaten yeterli GUNCEL gercek ornek (arabam=386).,True,,2010-2025,"6,001-357,000","800,000-5,350,000"
Mazda,3,392,392,15,2004.0,2018.0,38000.0,214300.0,520000.0,180000.0,620000.0,1470000.0,0.3788,-0.8522,392,brand_model,theil_sen,"arabam=214, kaggle=178",214,178,True,True,LOW,0,392 gercek egitim kaydi (ham: 392). fiyat araligi cok genis (max/min=8.2x); UI kataloginda secilebilir (kullanici gercekten bu araci secebilir). azaltici: zaten yeterli GUNCEL gercek ornek (arabam=214).,True,,2004-2018,"38,000-520,000","180,000-1,470,000"
Toyota,Avensis,395,395,20,1998.0,2017.0,7200.0,270000.0,560000.0,140000.0,585000.0,1839750.0,0.3963,-0.8783,395,brand_model,theil_sen,"arabam=303, kaggle=92",303,92,True,True,LOW,0,395 gercek egitim kaydi (ham: 395). fiyat araligi cok genis (max/min=13.1x); UI kataloginda secilebilir (kullanici gercekten bu araci secebilir). azaltici: zaten yeterli GUNCEL gercek ornek (arabam=303).,True,,1998-2017,"7,200-560,000","140,000-1,839,750"
Peugeot,407,397,397,9,2004.0,2023.0,10000.0,303000.0,504000.0,190000.0,400000.0,1150000.0,0.2297,-0.3719,397,brand_model,theil_sen,"arabam=283, kaggle=114",283,114,True,True,LOW,0,397 gercek egitim kaydi (ham: 397). fiyat araligi cok genis (max/min=6.1x); UI kataloginda secilebilir (kullanici gercekten bu araci secebilir). azaltici: zaten yeterli GUNCEL gercek ornek (arabam=283).,True,,2004-2023,"10,000-504,000","190,000-1,150,000"
Hyundai,i10,399,399,17,2008.0,2025.0,6001.0,96600.0,381000.0,329000.0,770000.0,1400000.0,0.3071,-0.8356,399,brand_model,theil_sen,"arabam=324, kaggle=75",324,75,True,True,LOW,0,399 gercek egitim kaydi (ham: 399). fiyat araligi cok genis (max/min=4.3x); UI kataloginda secilebilir (kullanici gercekten bu araci secebilir). azaltici: zaten yeterli GUNCEL gercek ornek (arabam=324).,True,,2008-2025,"6,001-381,000","329,000-1,400,000"
Mazda,323,406,406,15,1987.0,2004.0,33300.0,317500.0,575600.0,60000.0,225000.0,534900.0,0.3034,-0.5886,406,brand_model,theil_sen,"arabam=208, kaggle=198",208,198,True,True,LOW,0,"406 gercek egitim kaydi (ham: 406). fiyat araligi cok genis (max/min=8.9x); UI kataloginda secilebilir (kullanici gercekten bu araci secebilir). azaltici: dusuk fiyat etkisi (medyan 225,000 <= p25 esigi 320,000); zaten yeterli GUNCEL gercek ornek (arabam=208).",True,,1987-2004,"33,300-575,600","60,000-534,900"
Dacia,Dokker,407,407,9,2013.0,2021.0,1.0,212000.0,922000.0,190000.0,535000.0,895000.0,0.2614,-0.5201,407,brand_model,theil_sen,arabam=407,407,0,True,True,LOW,0,407 gercek egitim kaydi (ham: 407). fiyat araligi cok genis (max/min=4.7x); UI kataloginda secilebilir (kullanici gercekten bu araci secebilir). azaltici: zaten yeterli GUNCEL gercek ornek (arabam=407).,True,,2013-2021,"1-922,000","190,000-895,000"
Nissan,Primera,412,412,11,1997.0,2008.0,24000.0,305000.0,530000.0,100000.0,310000.0,615000.0,0.2257,-0.5308,412,brand_model,theil_sen,"arabam=200, kaggle=212",200,212,True,True,LOW,0,"412 gercek egitim kaydi (ham: 412). fiyat araligi cok genis (max/min=6.2x); UI kataloginda secilebilir (kullanici gercekten bu araci secebilir). azaltici: dusuk fiyat etkisi (medyan 310,000 <= p25 esigi 320,000); zaten yeterli GUNCEL gercek ornek (arabam=200).",True,,1997-2008,"24,000-530,000","100,000-615,000"
Land Rover,Range Rover Sport,421,418,21,2005.0,2025.0,0.0,230000.0,560000.0,782000.0,2312500.0,20250000.0,0.9647,-0.943,418,brand_model,theil_sen,arabam=421,421,0,True,True,LOW,0,"418 gercek egitim kaydi (ham: 421). fiyat araligi cok genis (max/min=25.9x); UI kataloginda secilebilir (kullanici gercekten bu araci secebilir). azaltici: zaten yeterli GUNCEL gercek ornek (arabam=421). fiyat yasla guclu iliskili (corr=-0.943) - genis fiyat araligi normal amortisman, veri tutarsizligi DEGIL; sentetik uretim DUZ interpolasyon yerine yil-fiyat egrisine gore yapilmali.",True,,2005-2025,"0-560,000","782,000-20,250,000"
Ford,Transit Courier,419,419,13,2014.0,2026.0,0.0,66000.0,624500.0,309500.0,785000.0,1530000.0,0.3476,-0.8414,419,brand_model,theil_sen,arabam=419,419,0,True,True,LOW,0,419 gercek egitim kaydi (ham: 419). fiyat araligi cok genis (max/min=4.9x); UI kataloginda secilebilir (kullanici gercekten bu araci secebilir). azaltici: zaten yeterli GUNCEL gercek ornek (arabam=419).,True,,2014-2026,"0-624,500","309,500-1,530,000"
Volkswagen,Amarok,496,419,14,2011.0,2025.0,6300.0,187000.0,450000.0,650000.0,1400000.0,2990000.0,0.3929,-0.8973,419,brand_model,theil_sen,arabam=496,496,0,True,True,LOW,0,419 gercek egitim kaydi (ham: 496). fiyat araligi cok genis (max/min=4.6x); UI kataloginda secilebilir (kullanici gercekten bu araci secebilir). azaltici: zaten yeterli GUNCEL gercek ornek (arabam=496).,True,,2011-2025,"6,300-450,000","650,000-2,990,000"
Kia,Picanto,430,430,22,2004.0,2026.0,6000.0,76400.0,390000.0,195000.0,795000.0,1395000.0,0.4197,-0.9408,430,brand_model,theil_sen,"arabam=228, kaggle=202",228,202,True,True,LOW,0,430 gercek egitim kaydi (ham: 430). fiyat araligi cok genis (max/min=7.2x); UI kataloginda secilebilir (kullanici gercekten bu araci secebilir). azaltici: zaten yeterli GUNCEL gercek ornek (arabam=228).,True,,2004-2026,"6,000-390,000","195,000-1,395,000"
Toyota,Hilux,473,437,35,1985.0,2026.0,6000.0,121500.0,778000.0,175000.0,1675000.0,2595000.0,0.3963,-0.9015,437,brand_model,theil_sen,arabam=473,473,0,True,True,LOW,0,437 gercek egitim kaydi (ham: 473). fiyat araligi cok genis (max/min=14.8x); UI kataloginda secilebilir (kullanici gercekten bu araci secebilir). azaltici: zaten yeterli GUNCEL gercek ornek (arabam=473).,True,,1985-2026,"6,000-778,000","175,000-2,595,000"
Volkswagen,VW CC,438,437,8,2009.0,2016.0,26000.0,212000.0,512000.0,599000.0,1130000.0,1885000.0,0.1997,-0.6758,437,brand_model,theil_sen,"arabam=376, kaggle=62",376,62,True,True,LOW,0,437 gercek egitim kaydi (ham: 438). fiyat araligi cok genis (max/min=3.1x); UI kataloginda secilebilir (kullanici gercekten bu araci secebilir). azaltici: zaten yeterli GUNCEL gercek ornek (arabam=376).,True,,2009-2016,"26,000-512,000","599,000-1,885,000"
Fiat,Siena,439,439,4,1999.0,2002.0,18600.0,255000.0,600000.0,80000.0,230000.0,375000.0,0.1743,-0.0512,439,brand_model,theil_sen,"arabam=383, kaggle=56",383,56,True,True,LOW,0,"439 gercek egitim kaydi (ham: 439). fiyat araligi cok genis (max/min=4.7x); UI kataloginda secilebilir (kullanici gercekten bu araci secebilir). azaltici: dusuk fiyat etkisi (medyan 230,000 <= p25 esigi 320,000); zaten yeterli GUNCEL gercek ornek (arabam=383).",True,,1999-2002,"18,600-600,000","80,000-375,000"
Citroen,Nemo,445,445,9,2008.0,2016.0,0.0,239650.0,502000.0,215000.0,420000.0,795000.0,0.2169,-0.4764,445,brand_model,theil_sen,arabam=445,445,0,True,True,LOW,0,445 gercek egitim kaydi (ham: 445). fiyat araligi cok genis (max/min=3.7x); UI kataloginda secilebilir (kullanici gercekten bu araci secebilir). azaltici: zaten yeterli GUNCEL gercek ornek (arabam=445).,True,,2008-2016,"0-502,000","215,000-795,000"
Renault,Captur,455,448,14,2013.0,2026.0,6000.0,108500.0,950000.0,550000.0,1149950.0,1975000.0,0.2736,-0.8862,448,brand_model,theil_sen,arabam=455,455,0,True,True,LOW,0,448 gercek egitim kaydi (ham: 455). fiyat araligi cok genis (max/min=3.6x); UI kataloginda secilebilir (kullanici gercekten bu araci secebilir). azaltici: zaten yeterli GUNCEL gercek ornek (arabam=455).,True,,2013-2026,"6,000-950,000","550,000-1,975,000"
Peugeot,Bipper,453,453,9,2008.0,2016.0,129.0,250000.0,750000.0,210000.0,400000.0,750000.0,0.2204,-0.4772,453,brand_model,theil_sen,arabam=453,453,0,True,True,LOW,0,453 gercek egitim kaydi (ham: 453). fiyat araligi cok genis (max/min=3.6x); UI kataloginda secilebilir (kullanici gercekten bu araci secebilir). azaltici: zaten yeterli GUNCEL gercek ornek (arabam=453).,True,,2008-2016,"129-750,000","210,000-750,000"
Ford,Ranger,611,456,26,2000.0,2025.0,15000.0,160000.0,620000.0,225000.0,1387500.0,2327000.0,0.4364,-0.9233,456,brand_model,theil_sen,arabam=611,611,0,True,True,LOW,0,456 gercek egitim kaydi (ham: 611). fiyat araligi cok genis (max/min=10.3x); UI kataloginda secilebilir (kullanici gercekten bu araci secebilir). azaltici: zaten yeterli GUNCEL gercek ornek (arabam=611).,True,,2000-2025,"15,000-620,000","225,000-2,327,000"
Lada,Vega,465,459,10,1999.0,2008.0,25000.0,217000.0,444000.0,17000.0,165000.0,288000.0,0.2405,-0.4552,459,brand_model,theil_sen,"arabam=223, kaggle=242",223,242,True,True,LOW,0,"459 gercek egitim kaydi (ham: 465). fiyat araligi cok genis (max/min=16.9x); UI kataloginda secilebilir (kullanici gercekten bu araci secebilir). azaltici: dusuk fiyat etkisi (medyan 165,000 <= p25 esigi 320,000); zaten yeterli GUNCEL gercek ornek (arabam=223).",True,,1999-2008,"25,000-444,000","17,000-288,000"
Volkswagen,Caravelle,490,479,23,2000.0,2025.0,186.0,238000.0,880000.0,350000.0,1075000.0,2980000.0,0.4994,-0.8812,479,brand_model,theil_sen,arabam=490,490,0,True,True,LOW,0,479 gercek egitim kaydi (ham: 490). fiyat araligi cok genis (max/min=8.5x); UI kataloginda secilebilir (kullanici gercekten bu araci secebilir). azaltici: zaten yeterli GUNCEL gercek ornek (arabam=490).,True,,2000-2025,"186-880,000","350,000-2,980,000"
Seat,Toledo,485,485,18,1993.0,2020.0,14000.0,250000.0,540000.0,60000.0,490000.0,1299900.0,0.3809,-0.8896,485,brand_model,theil_sen,"arabam=261, kaggle=224",261,224,True,True,LOW,0,485 gercek egitim kaydi (ham: 485). fiyat araligi cok genis (max/min=21.7x); UI kataloginda secilebilir (kullanici gercekten bu araci secebilir). azaltici: zaten yeterli GUNCEL gercek ornek (arabam=261).,True,,1993-2020,"14,000-540,000","60,000-1,299,900"
Ford,Transit Custom,496,496,15,2012.0,2026.0,0.0,173250.0,812000.0,319000.0,867000.0,2250000.0,0.3723,-0.8092,496,brand_model,theil_sen,arabam=496,496,0,True,True,LOW,0,496 gercek egitim kaydi (ham: 496). fiyat araligi cok genis (max/min=7.1x); UI kataloginda secilebilir (kullanici gercekten bu araci secebilir). azaltici: zaten yeterli GUNCEL gercek ornek (arabam=496).,True,,2012-2026,"0-812,000","319,000-2,250,000"
Mini,Cooper,501,500,25,2001.0,2025.0,6001.0,140000.0,410000.0,300000.0,1095000.0,3030000.0,0.4593,-0.9291,500,brand_model,theil_sen,"arabam=323, kaggle=178",323,178,True,True,LOW,0,500 gercek egitim kaydi (ham: 501). fiyat araligi cok genis (max/min=10.1x); UI kataloginda secilebilir (kullanici gercekten bu araci secebilir). azaltici: zaten yeterli GUNCEL gercek ornek (arabam=323).,True,,2001-2025,"6,001-410,000","300,000-3,030,000"
Honda,CR-V,520,501,26,1997.0,2022.0,33900.0,193000.0,490000.0,370000.0,1425000.0,2450000.0,0.3361,-0.9166,501,brand_model,theil_sen,arabam=520,520,0,True,True,LOW,0,501 gercek egitim kaydi (ham: 520). fiyat araligi cok genis (max/min=6.6x); UI kataloginda secilebilir (kullanici gercekten bu araci secebilir). azaltici: zaten yeterli GUNCEL gercek ornek (arabam=520).,True,,1997-2022,"33,900-490,000","370,000-2,450,000"
Mitsubishi,L 200,512,502,26,1987.0,2021.0,6850.0,245000.0,658000.0,180000.0,922500.0,2030000.0,0.4015,-0.8449,502,brand_model,theil_sen,arabam=512,512,0,True,True,LOW,0,502 gercek egitim kaydi (ham: 512). fiyat araligi cok genis (max/min=11.3x); UI kataloginda secilebilir (kullanici gercekten bu araci secebilir). azaltici: zaten yeterli GUNCEL gercek ornek (arabam=512).,True,,1987-2021,"6,850-658,000","180,000-2,030,000"
Fiat,Marea,513,513,11,1997.0,2007.0,7400.0,268000.0,500000.0,75000.0,250000.0,545000.0,0.2675,-0.4857,513,brand_model,theil_sen,"arabam=452, kaggle=61",452,61,True,True,LOW,0,"513 gercek egitim kaydi (ham: 513). fiyat araligi cok genis (max/min=7.3x); UI kataloginda secilebilir (kullanici gercekten bu araci secebilir). azaltici: dusuk fiyat etkisi (medyan 250,000 <= p25 esigi 320,000); zaten yeterli GUNCEL gercek ornek (arabam=452).",True,,1997-2007,"7,400-500,000","75,000-545,000"
Lada,Samara,521,518,13,1989.0,2004.0,6000.0,200000.0,999999.0,40000.0,125000.0,250000.0,0.2677,-0.5205,518,brand_model,theil_sen,"arabam=239, kaggle=282",239,282,True,True,LOW,0,"518 gercek egitim kaydi (ham: 521). fiyat araligi cok genis (max/min=6.2x); UI kataloginda secilebilir (kullanici gercekten bu araci secebilir). azaltici: dusuk fiyat etkisi (medyan 125,000 <= p25 esigi 320,000); zaten yeterli GUNCEL gercek ornek (arabam=239).",True,,1989-2004,"6,000-999,999","40,000-250,000"
BMW,4 Serisi,523,519,12,2013.0,2025.0,6001.0,144000.0,367000.0,1127000.0,1980000.0,7000000.0,0.5051,-0.8249,519,brand_model,theil_sen,"arabam=388, kaggle=135",388,135,True,True,LOW,0,519 gercek egitim kaydi (ham: 523). fiyat araligi cok genis (max/min=6.2x); UI kataloginda secilebilir (kullanici gercekten bu araci secebilir). azaltici: zaten yeterli GUNCEL gercek ornek (arabam=388).,True,,2013-2025,"6,001-367,000","1,127,000-7,000,000"
Kia,Cerato,529,529,14,2004.0,2024.0,11000.0,224000.0,500000.0,250000.0,530000.0,1750000.0,0.4873,-0.918,529,brand_model,theil_sen,"arabam=302, kaggle=227",302,227,True,True,LOW,0,529 gercek egitim kaydi (ham: 529). fiyat araligi cok genis (max/min=7.0x); UI kataloginda secilebilir (kullanici gercekten bu araci secebilir). azaltici: zaten yeterli GUNCEL gercek ornek (arabam=302).,True,,2004-2024,"11,000-500,000","250,000-1,750,000"
Seat,Cordoba,548,548,12,1998.0,2009.0,47500.0,279000.0,501770.0,119900.0,300000.0,530000.0,0.2274,-0.6137,548,brand_model,theil_sen,"arabam=260, kaggle=288",260,288,True,True,LOW,0,"548 gercek egitim kaydi (ham: 548). fiyat araligi cok genis (max/min=4.4x); UI kataloginda secilebilir (kullanici gercekten bu araci secebilir). azaltici: dusuk fiyat etkisi (medyan 300,000 <= p25 esigi 320,000); zaten yeterli GUNCEL gercek ornek (arabam=260).",True,,1998-2009,"47,500-501,770","119,900-530,000"
Tofaş,Kartal,565,554,18,1985.0,2002.0,6000.0,163000.0,1000000.0,30000.0,171750.0,424000.0,0.3396,-0.6653,554,brand_model,theil_sen,"arabam=268, kaggle=297",268,297,True,True,LOW,0,"554 gercek egitim kaydi (ham: 565). fiyat araligi cok genis (max/min=14.1x); UI kataloginda secilebilir (kullanici gercekten bu araci secebilir). azaltici: dusuk fiyat etkisi (medyan 171,750 <= p25 esigi 320,000); zaten yeterli GUNCEL gercek ornek (arabam=268).",True,,1985-2002,"6,000-1,000,000","30,000-424,000"
Honda,City,565,564,10,2006.0,2024.0,6001.0,96000.0,546000.0,280000.0,1029000.0,1700000.0,0.4219,-0.9413,564,brand_model,theil_sen,"arabam=390, kaggle=175",390,175,True,True,LOW,0,564 gercek egitim kaydi (ham: 565). fiyat araligi cok genis (max/min=6.1x); UI kataloginda secilebilir (kullanici gercekten bu araci secebilir). azaltici: zaten yeterli GUNCEL gercek ornek (arabam=390).,True,,2006-2024,"6,001-546,000","280,000-1,700,000"
Renault,Laguna,571,569,18,1995.0,2012.0,25000.0,300000.0,572000.0,80000.0,335000.0,986000.0,0.3473,-0.7466,569,brand_model,theil_sen,"arabam=518, kaggle=53",518,53,True,True,LOW,0,569 gercek egitim kaydi (ham: 571). fiyat araligi cok genis (max/min=12.3x); UI kataloginda secilebilir (kullanici gercekten bu araci secebilir). azaltici: zaten yeterli GUNCEL gercek ornek (arabam=518).,True,,1995-2012,"25,000-572,000","80,000-986,000"
Ford,Transit Connect,570,570,17,2001.0,2019.0,95.0,285500.0,613000.0,169000.0,381500.0,1050000.0,0.3299,-0.4848,570,brand_model,theil_sen,arabam=570,570,0,True,True,LOW,0,570 gercek egitim kaydi (ham: 570). fiyat araligi cok genis (max/min=6.2x); UI kataloginda secilebilir (kullanici gercekten bu araci secebilir). azaltici: zaten yeterli GUNCEL gercek ornek (arabam=570).,True,,2001-2019,"95-613,000","169,000-1,050,000"
Volvo,S40,572,572,17,1996.0,2012.0,46400.0,291000.0,562000.0,100000.0,498500.0,950000.0,0.3406,-0.8408,572,brand_model,theil_sen,"arabam=300, kaggle=272",300,272,True,True,LOW,0,572 gercek egitim kaydi (ham: 572). fiyat araligi cok genis (max/min=9.5x); UI kataloginda secilebilir (kullanici gercekten bu araci secebilir). azaltici: zaten yeterli GUNCEL gercek ornek (arabam=300).,True,,1996-2012,"46,400-562,000","100,000-950,000"
Citroen,C5,579,579,15,2001.0,2015.0,52000.0,279000.0,678135.0,120000.0,550000.0,950000.0,0.2728,-0.7683,579,brand_model,theil_sen,"arabam=374, kaggle=205",374,205,True,True,LOW,0,579 gercek egitim kaydi (ham: 579). fiyat araligi cok genis (max/min=7.9x); UI kataloginda secilebilir (kullanici gercekten bu araci secebilir). azaltici: zaten yeterli GUNCEL gercek ornek (arabam=374).,True,,2001-2015,"52,000-678,135","120,000-950,000"
Honda,Jazz,589,589,19,2002.0,2025.0,6001.0,199600.0,417000.0,250000.0,615000.0,2150000.0,0.4813,-0.8748,589,brand_model,theil_sen,"arabam=408, kaggle=181",408,181,True,True,LOW,0,589 gercek egitim kaydi (ham: 589). fiyat araligi cok genis (max/min=8.6x); UI kataloginda secilebilir (kullanici gercekten bu araci secebilir). azaltici: zaten yeterli GUNCEL gercek ornek (arabam=408).,True,,2002-2025,"6,001-417,000","250,000-2,150,000"
Kia,Ceed,599,599,17,2008.0,2025.0,6001.0,192000.0,535000.0,155000.0,799000.0,1975000.0,0.3386,-0.7565,599,brand_model,theil_sen,"arabam=340, kaggle=259",340,259,True,True,LOW,0,599 gercek egitim kaydi (ham: 599). fiyat araligi cok genis (max/min=12.7x); UI kataloginda secilebilir (kullanici gercekten bu araci secebilir). azaltici: zaten yeterli GUNCEL gercek ornek (arabam=340).,True,,2008-2025,"6,001-535,000","155,000-1,975,000"
Ford,Kuga,628,607,17,2009.0,2025.0,6001.0,121000.0,407000.0,620000.0,1474900.0,2300000.0,0.2626,-0.9071,607,brand_model,theil_sen,arabam=628,628,0,True,True,LOW,0,607 gercek egitim kaydi (ham: 628). fiyat araligi cok genis (max/min=3.7x); UI kataloginda secilebilir (kullanici gercekten bu araci secebilir). azaltici: zaten yeterli GUNCEL gercek ornek (arabam=628).,True,,2009-2025,"6,001-407,000","620,000-2,300,000"
Audi,A5,615,611,19,2008.0,2026.0,6001.0,175000.0,590000.0,50000.0,2100000.0,6300000.0,0.5315,-0.7911,611,brand_model,theil_sen,"arabam=398, kaggle=217",398,217,True,True,LOW,0,611 gercek egitim kaydi (ham: 615). fiyat araligi cok genis (max/min=126.0x); UI kataloginda secilebilir (kullanici gercekten bu araci secebilir). azaltici: zaten yeterli GUNCEL gercek ornek (arabam=398).,True,,2008-2026,"6,001-590,000","50,000-6,300,000"
Ford,C-Max,623,623,16,2004.0,2022.0,6000.0,227000.0,510000.0,290000.0,650000.0,1510000.0,0.3473,-0.8733,623,brand_model,theil_sen,"arabam=513, kaggle=110",513,110,True,True,LOW,0,623 gercek egitim kaydi (ham: 623). fiyat araligi cok genis (max/min=5.2x); UI kataloginda secilebilir (kullanici gercekten bu araci secebilir). azaltici: zaten yeterli GUNCEL gercek ornek (arabam=513).,True,,2004-2022,"6,000-510,000","290,000-1,510,000"
Renault,Kangoo,650,650,23,1998.0,2026.0,0.0,286333.0,638000.0,70000.0,270000.0,1475000.0,0.6607,-0.8164,650,brand_model,theil_sen,arabam=650,650,0,True,True,LOW,0,"650 gercek egitim kaydi (ham: 650). fiyat araligi cok genis (max/min=21.1x); UI kataloginda secilebilir (kullanici gercekten bu araci secebilir). azaltici: dusuk fiyat etkisi (medyan 270,000 <= p25 esigi 320,000); zaten yeterli GUNCEL gercek ornek (arabam=650).",True,,1998-2026,"0-638,000","70,000-1,475,000"
Nissan,Juke,655,655,15,2011.0,2026.0,8.0,120000.0,498000.0,445000.0,945000.0,1995000.0,0.3004,-0.8964,655,brand_model,theil_sen,arabam=655,655,0,True,True,LOW,0,655 gercek egitim kaydi (ham: 655). fiyat araligi cok genis (max/min=4.5x); UI kataloginda secilebilir (kullanici gercekten bu araci secebilir). azaltici: zaten yeterli GUNCEL gercek ornek (arabam=655).,True,,2011-2026,"8-498,000","445,000-1,995,000"
Volkswagen,Bora,707,707,7,1999.0,2005.0,27400.0,296000.0,523000.0,200000.0,399999.0,850000.0,0.2087,-0.4562,707,brand_model,theil_sen,"arabam=634, kaggle=73",634,73,True,True,LOW,0,707 gercek egitim kaydi (ham: 707). fiyat araligi cok genis (max/min=4.2x); UI kataloginda secilebilir (kullanici gercekten bu araci secebilir). azaltici: zaten yeterli GUNCEL gercek ornek (arabam=634).,True,,1999-2005,"27,400-523,000","200,000-850,000"
Ford,Escort,711,709,11,1990.0,2004.0,6000.0,208750.0,1000000.0,50000.0,175000.0,888888.0,0.3072,-0.3789,709,brand_model,theil_sen,"arabam=607, kaggle=104",607,104,True,True,LOW,0,"709 gercek egitim kaydi (ham: 711). fiyat araligi cok genis (max/min=17.8x); UI kataloginda secilebilir (kullanici gercekten bu araci secebilir). azaltici: dusuk fiyat etkisi (medyan 175,000 <= p25 esigi 320,000); zaten yeterli GUNCEL gercek ornek (arabam=607).",True,,1990-2004,"6,000-1,000,000","50,000-888,888"
Renault,R 12,720,714,27,1974.0,2000.0,6000.0,145000.0,1000000.0,37500.0,180000.0,955000.0,0.3888,-0.5921,714,brand_model,theil_sen,"arabam=647, kaggle=73",647,73,True,True,LOW,0,"714 gercek egitim kaydi (ham: 720). fiyat araligi cok genis (max/min=25.5x); UI kataloginda secilebilir (kullanici gercekten bu araci secebilir). azaltici: dusuk fiyat etkisi (medyan 180,000 <= p25 esigi 320,000); zaten yeterli GUNCEL gercek ornek (arabam=647).",True,,1974-2000,"6,000-1,000,000","37,500-955,000"
Peugeot,508,735,731,14,2011.0,2024.0,6100.0,165300.0,540000.0,430000.0,1179000.0,2359000.0,0.422,-0.9404,731,brand_model,theil_sen,"arabam=528, kaggle=207",528,207,True,True,LOW,0,731 gercek egitim kaydi (ham: 735). fiyat araligi cok genis (max/min=5.5x); UI kataloginda secilebilir (kullanici gercekten bu araci secebilir). azaltici: zaten yeterli GUNCEL gercek ornek (arabam=528).,True,,2011-2024,"6,100-540,000","430,000-2,359,000"
Citroen,C-Elysee,747,747,13,2012.0,2024.0,9000.0,159000.0,400000.0,325000.0,595000.0,945000.0,0.2168,-0.7935,747,brand_model,theil_sen,kaggle=747,0,747,True,True,LOW,0,747 gercek egitim kaydi (ham: 747). UI kataloginda secilebilir (kullanici gercekten bu araci secebilir).,True,,2012-2024,"9,000-400,000","325,000-945,000"
Volvo,S60,749,749,25,2000.0,2024.0,6000.0,210000.0,530000.0,370000.0,1025000.0,4545000.0,0.5292,-0.8762,749,brand_model,theil_sen,"arabam=402, kaggle=347",402,347,True,True,LOW,0,749 gercek egitim kaydi (ham: 749). fiyat araligi cok genis (max/min=12.3x); UI kataloginda secilebilir (kullanici gercekten bu araci secebilir). azaltici: zaten yeterli GUNCEL gercek ornek (arabam=402).,True,,2000-2024,"6,000-530,000","370,000-4,545,000"
Hyundai,Elantra,750,750,28,1992.0,2024.0,8500.0,179500.0,999999.0,100000.0,920000.0,1900000.0,0.44,-0.9507,750,brand_model,theil_sen,"arabam=617, kaggle=133",617,133,True,True,LOW,0,750 gercek egitim kaydi (ham: 750). fiyat araligi cok genis (max/min=19.0x); UI kataloginda secilebilir (kullanici gercekten bu araci secebilir). azaltici: zaten yeterli GUNCEL gercek ornek (arabam=617).,True,,1992-2024,"8,500-999,999","100,000-1,900,000"
Mercedes - Benz,CLA,762,762,14,2013.0,2026.0,6001.0,134000.0,445000.0,955000.0,1750000.0,8250000.0,0.4606,-0.8895,762,brand_model,theil_sen,"arabam=582, kaggle=180",582,180,True,True,LOW,0,762 gercek egitim kaydi (ham: 762). fiyat araligi cok genis (max/min=8.6x); UI kataloginda secilebilir (kullanici gercekten bu araci secebilir). azaltici: zaten yeterli GUNCEL gercek ornek (arabam=582).,True,,2013-2026,"6,001-445,000","955,000-8,250,000"
Ford,Mondeo,779,779,25,1994.0,2020.0,33000.0,280000.0,600000.0,70000.0,550000.0,1850000.0,0.5487,-0.9368,779,brand_model,theil_sen,"arabam=654, kaggle=125",654,125,True,True,LOW,0,779 gercek egitim kaydi (ham: 779). fiyat araligi cok genis (max/min=26.4x); UI kataloginda secilebilir (kullanici gercekten bu araci secebilir). azaltici: zaten yeterli GUNCEL gercek ornek (arabam=654).,True,,1994-2020,"33,000-600,000","70,000-1,850,000"
Fiat,Uno,786,785,11,1990.0,2001.0,9780.0,258000.0,495212.0,65750.0,170000.0,530000.0,0.199,-0.4468,785,brand_model,theil_sen,"arabam=691, kaggle=95",691,95,True,True,LOW,0,"785 gercek egitim kaydi (ham: 786). fiyat araligi cok genis (max/min=8.1x); UI kataloginda secilebilir (kullanici gercekten bu araci secebilir). azaltici: dusuk fiyat etkisi (medyan 170,000 <= p25 esigi 320,000); zaten yeterli GUNCEL gercek ornek (arabam=691).",True,,1990-2001,"9,780-495,212","65,750-530,000"
Hyundai,i30,791,791,12,2008.0,2025.0,6000.0,184000.0,544400.0,330000.0,880000.0,2000000.0,0.3017,-0.7579,791,brand_model,theil_sen,"arabam=654, kaggle=137",654,137,True,True,LOW,0,791 gercek egitim kaydi (ham: 791). fiyat araligi cok genis (max/min=6.1x); UI kataloginda secilebilir (kullanici gercekten bu araci secebilir). azaltici: zaten yeterli GUNCEL gercek ornek (arabam=654).,True,,2008-2025,"6,000-544,400","330,000-2,000,000"
Toyota,Yaris,815,815,26,2000.0,2025.0,6001.0,154000.0,466000.0,235000.0,627500.0,2400000.0,0.4227,-0.8544,815,brand_model,theil_sen,"arabam=626, kaggle=189",626,189,True,True,LOW,0,815 gercek egitim kaydi (ham: 815). fiyat araligi cok genis (max/min=10.2x); UI kataloginda secilebilir (kullanici gercekten bu araci secebilir). azaltici: zaten yeterli GUNCEL gercek ornek (arabam=626).,True,,2000-2025,"6,001-466,000","235,000-2,400,000"
Fiat,Tempra,845,842,11,1990.0,2000.0,6000.0,200000.0,999999.0,45000.0,178500.0,550000.0,0.2659,-0.3713,842,brand_model,theil_sen,"arabam=768, kaggle=77",768,77,True,True,LOW,0,"842 gercek egitim kaydi (ham: 845). fiyat araligi cok genis (max/min=12.2x); UI kataloginda secilebilir (kullanici gercekten bu araci secebilir). azaltici: dusuk fiyat etkisi (medyan 178,500 <= p25 esigi 320,000); zaten yeterli GUNCEL gercek ornek (arabam=768).",True,,1990-2000,"6,000-999,999","45,000-550,000"
Fiat,Tipo,847,842,13,1988.0,2000.0,6000.0,220000.0,999999.0,70000.0,195000.0,1111111.0,0.2833,-0.3104,842,brand_model,theil_sen,"arabam=739, kaggle=108",739,108,True,True,LOW,0,"842 gercek egitim kaydi (ham: 847). fiyat araligi cok genis (max/min=15.9x); UI kataloginda secilebilir (kullanici gercekten bu araci secebilir). azaltici: dusuk fiyat etkisi (medyan 195,000 <= p25 esigi 320,000); zaten yeterli GUNCEL gercek ornek (arabam=739).",True,,1988-2000,"6,000-999,999","70,000-1,111,111"
Peugeot,208,864,864,13,2012.0,2024.0,6001.0,111000.0,365000.0,355000.0,756250.0,1700000.0,0.3109,-0.8344,864,brand_model,theil_sen,"arabam=652, kaggle=212",652,212,True,True,LOW,0,864 gercek egitim kaydi (ham: 864). fiyat araligi cok genis (max/min=4.8x); UI kataloginda secilebilir (kullanici gercekten bu araci secebilir). azaltici: zaten yeterli GUNCEL gercek ornek (arabam=652).,True,,2012-2024,"6,001-365,000","355,000-1,700,000"
Renault,Kangoo Multix,891,890,21,2004.0,2026.0,0.0,246000.0,635000.0,179000.0,461000.0,1750000.0,0.5949,-0.9205,890,brand_model,theil_sen,arabam=891,891,0,True,True,LOW,0,890 gercek egitim kaydi (ham: 891). fiyat araligi cok genis (max/min=9.8x); UI kataloginda secilebilir (kullanici gercekten bu araci secebilir). azaltici: zaten yeterli GUNCEL gercek ornek (arabam=891).,True,,2004-2026,"0-635,000","179,000-1,750,000"
Mercedes - Benz,A,948,948,27,1998.0,2026.0,6001.0,137600.0,398000.0,245000.0,1475000.0,6285000.0,0.4395,-0.9455,948,brand_model,theil_sen,"arabam=725, kaggle=223",725,223,True,True,LOW,0,948 gercek egitim kaydi (ham: 948). fiyat araligi cok genis (max/min=25.7x); UI kataloginda secilebilir (kullanici gercekten bu araci secebilir). azaltici: zaten yeterli GUNCEL gercek ornek (arabam=725).,True,,1998-2026,"6,001-398,000","245,000-6,285,000"
Opel,Combo,960,956,26,1995.0,2026.0,0.0,65000.0,641000.0,45000.0,1042500.0,1850000.0,0.4956,-0.9519,956,brand_model,theil_sen,arabam=960,960,0,True,True,LOW,0,956 gercek egitim kaydi (ham: 960). fiyat araligi cok genis (max/min=41.1x); UI kataloginda secilebilir (kullanici gercekten bu araci secebilir). azaltici: zaten yeterli GUNCEL gercek ornek (arabam=960).,True,,1995-2026,"0-641,000","45,000-1,850,000"
Mercedes - Benz,Vito,1011,1008,29,1998.0,2026.0,0.0,169750.0,890000.0,155000.0,1825000.0,10000000.0,0.8449,-0.9088,1008,brand_model,theil_sen,arabam=1011,1011,0,True,True,LOW,0,1008 gercek egitim kaydi (ham: 1011). fiyat araligi cok genis (max/min=64.5x); UI kataloginda secilebilir (kullanici gercekten bu araci secebilir). azaltici: zaten yeterli GUNCEL gercek ornek (arabam=1011).,True,,1998-2026,"0-890,000","155,000-10,000,000"
Skoda,Fabia,1010,1009,25,2001.0,2025.0,6001.0,218000.0,950000.0,55000.0,400000.0,1925000.0,0.6302,-0.9177,1009,brand_model,theil_sen,"arabam=631, kaggle=379",631,379,True,True,LOW,0,1009 gercek egitim kaydi (ham: 1010). fiyat araligi cok genis (max/min=35.0x); UI kataloginda secilebilir (kullanici gercekten bu araci secebilir). azaltici: zaten yeterli GUNCEL gercek ornek (arabam=631).,True,,2001-2025,"6,001-950,000","55,000-1,925,000"
Peugeot,207,1011,1011,7,2006.0,2012.0,9800.0,230000.0,580000.0,235000.0,475000.0,868750.0,0.2076,-0.3765,1011,brand_model,theil_sen,"arabam=773, kaggle=238",773,238,True,True,LOW,0,1011 gercek egitim kaydi (ham: 1011). fiyat araligi cok genis (max/min=3.7x); UI kataloginda secilebilir (kullanici gercekten bu araci secebilir). azaltici: zaten yeterli GUNCEL gercek ornek (arabam=773).,True,,2006-2012,"9,800-580,000","235,000-868,750"
Dacia,Logan,1083,1081,17,2004.0,2020.0,30008.0,259000.0,1000000.0,139000.0,350000.0,970000.0,0.3586,-0.6511,1081,brand_model,theil_sen,"arabam=570, kaggle=513",570,513,True,True,LOW,0,1081 gercek egitim kaydi (ham: 1083). fiyat araligi cok genis (max/min=7.0x); UI kataloginda secilebilir (kullanici gercekten bu araci secebilir). azaltici: zaten yeterli GUNCEL gercek ornek (arabam=570).,True,,2004-2020,"30,008-1,000,000","139,000-970,000"
Kia,Rio,1112,1112,22,2002.0,2023.0,9600.0,191000.0,544000.0,140000.0,579500.0,1385000.0,0.419,-0.9041,1112,brand_model,theil_sen,"arabam=590, kaggle=522",590,522,True,True,LOW,0,1112 gercek egitim kaydi (ham: 1112). fiyat araligi cok genis (max/min=9.9x); UI kataloginda secilebilir (kullanici gercekten bu araci secebilir). azaltici: zaten yeterli GUNCEL gercek ornek (arabam=590).,True,,2002-2023,"9,600-544,000","140,000-1,385,000"
Peugeot,308,1117,1116,17,2008.0,2024.0,6800.0,165000.0,531000.0,275000.0,737000.0,2000000.0,0.4487,-0.9197,1116,brand_model,theil_sen,"arabam=822, kaggle=295",822,295,True,True,LOW,0,1116 gercek egitim kaydi (ham: 1117). fiyat araligi cok genis (max/min=7.3x); UI kataloginda secilebilir (kullanici gercekten bu araci secebilir). azaltici: zaten yeterli GUNCEL gercek ornek (arabam=822).,True,,2008-2024,"6,800-531,000","275,000-2,000,000"
Toyota,Auris,1143,1142,12,2007.0,2018.0,13000.0,183000.0,510000.0,310000.0,770000.0,1495000.0,0.2608,-0.6995,1142,brand_model,theil_sen,"arabam=866, kaggle=277",866,277,True,True,LOW,0,1142 gercek egitim kaydi (ham: 1143). fiyat araligi cok genis (max/min=4.8x); UI kataloginda secilebilir (kullanici gercekten bu araci secebilir). azaltici: zaten yeterli GUNCEL gercek ornek (arabam=866).,True,,2007-2018,"13,000-510,000","310,000-1,495,000"
Hyundai,Tucson,1327,1204,18,2005.0,2026.0,6000.0,98000.0,564000.0,365000.0,1820000.0,2475000.0,0.2313,-0.9211,1204,brand_model,theil_sen,arabam=1327,1327,0,True,True,LOW,0,1204 gercek egitim kaydi (ham: 1327). fiyat araligi cok genis (max/min=6.8x); UI kataloginda secilebilir (kullanici gercekten bu araci secebilir). azaltici: zaten yeterli GUNCEL gercek ornek (arabam=1327).,True,,2005-2026,"6,000-564,000","365,000-2,475,000"
Renault,R 19,1217,1215,12,1990.0,2002.0,6000.0,288000.0,1000000.0,45000.0,215000.0,515000.0,0.2534,-0.5176,1215,brand_model,theil_sen,"arabam=1131, kaggle=86",1131,86,True,True,LOW,0,"1215 gercek egitim kaydi (ham: 1217). fiyat araligi cok genis (max/min=11.4x); UI kataloginda secilebilir (kullanici gercekten bu araci secebilir). azaltici: dusuk fiyat etkisi (medyan 215,000 <= p25 esigi 320,000); zaten yeterli GUNCEL gercek ornek (arabam=1131).",True,,1990-2002,"6,000-1,000,000","45,000-515,000"
Ford,Transit,1245,1241,35,1992.0,2026.0,0.0,265000.0,888588.0,12345.0,545000.0,2340000.0,0.6102,-0.9081,1241,brand_model,theil_sen,arabam=1245,1245,0,True,True,LOW,0,1241 gercek egitim kaydi (ham: 1245). fiyat araligi cok genis (max/min=189.6x); UI kataloginda secilebilir (kullanici gercekten bu araci secebilir). azaltici: zaten yeterli GUNCEL gercek ornek (arabam=1245).,True,,1992-2026,"0-888,588","12,345-2,340,000"
Chevrolet,Aveo,1245,1245,9,2006.0,2014.0,12000.0,179000.0,737000.0,200000.0,420000.0,795000.0,0.2349,-0.6232,1245,brand_model,theil_sen,"arabam=626, kaggle=619",626,619,True,True,LOW,0,1245 gercek egitim kaydi (ham: 1245). fiyat araligi cok genis (max/min=4.0x); UI kataloginda secilebilir (kullanici gercekten bu araci secebilir). azaltici: zaten yeterli GUNCEL gercek ornek (arabam=626).,True,,2006-2014,"12,000-737,000","200,000-795,000"
Kia,Sportage,1263,1245,26,1996.0,2026.0,6000.0,133000.0,470000.0,270000.0,1299000.0,2750000.0,0.3651,-0.9411,1245,brand_model,theil_sen,arabam=1263,1263,0,True,True,LOW,0,1245 gercek egitim kaydi (ham: 1263). fiyat araligi cok genis (max/min=10.2x); UI kataloginda secilebilir (kullanici gercekten bu araci secebilir). azaltici: zaten yeterli GUNCEL gercek ornek (arabam=1263).,True,,1996-2026,"6,000-470,000","270,000-2,750,000"
Nissan,Micra,1249,1248,27,1995.0,2022.0,8000.0,125000.0,620000.0,135000.0,689250.0,1350000.0,0.3419,-0.8571,1248,brand_model,theil_sen,"arabam=768, kaggle=481",768,481,True,True,LOW,0,1248 gercek egitim kaydi (ham: 1249). fiyat araligi cok genis (max/min=10.0x); UI kataloginda secilebilir (kullanici gercekten bu araci secebilir). azaltici: zaten yeterli GUNCEL gercek ornek (arabam=768).,True,,1995-2022,"8,000-620,000","135,000-1,350,000"
Peugeot,2008,1249,1249,14,2013.0,2026.0,6000.0,58000.0,440000.0,590000.0,1599000.0,2290000.0,0.2203,-0.9073,1249,brand_model,theil_sen,arabam=1249,1249,0,True,True,LOW,0,1249 gercek egitim kaydi (ham: 1249). fiyat araligi cok genis (max/min=3.9x); UI kataloginda secilebilir (kullanici gercekten bu araci secebilir). azaltici: zaten yeterli GUNCEL gercek ornek (arabam=1249).,True,,2013-2026,"6,000-440,000","590,000-2,290,000"
Citroen,C-Elysée,1257,1256,13,2012.0,2024.0,14000.0,174200.0,650000.0,320000.0,670000.0,1095000.0,0.2155,-0.7241,1256,brand_model,theil_sen,arabam=1257,1257,0,True,True,LOW,0,1256 gercek egitim kaydi (ham: 1257). fiyat araligi cok genis (max/min=3.4x); UI kataloginda secilebilir (kullanici gercekten bu araci secebilir). azaltici: zaten yeterli GUNCEL gercek ornek (arabam=1257).,True,,2012-2024,"14,000-650,000","320,000-1,095,000"
Peugeot,307,1260,1259,8,2001.0,2008.0,43900.0,276000.0,656000.0,165000.0,345000.0,999999.0,0.2032,-0.2462,1259,brand_model,theil_sen,"arabam=933, kaggle=327",933,327,True,True,LOW,0,1259 gercek egitim kaydi (ham: 1260). fiyat araligi cok genis (max/min=6.1x); UI kataloginda secilebilir (kullanici gercekten bu araci secebilir). azaltici: zaten yeterli GUNCEL gercek ornek (arabam=933).,True,,2001-2008,"43,900-656,000","165,000-999,999"
Hyundai,Accent Blue,1268,1265,8,2011.0,2018.0,20952.0,196000.0,999999.0,305000.0,750000.0,1340000.0,0.2171,-0.3134,1265,brand_model,theil_sen,"arabam=1035, kaggle=233",1035,233,True,True,LOW,0,1265 gercek egitim kaydi (ham: 1268). fiyat araligi cok genis (max/min=4.4x); UI kataloginda secilebilir (kullanici gercekten bu araci secebilir). azaltici: zaten yeterli GUNCEL gercek ornek (arabam=1035).,True,,2011-2018,"20,952-999,999","305,000-1,340,000"
Opel,Insignia,1327,1320,14,2009.0,2022.0,18800.0,195000.0,675000.0,449000.0,945000.0,1850000.0,0.3066,-0.8559,1320,brand_model,theil_sen,"arabam=1123, kaggle=204",1123,204,True,True,LOW,0,1320 gercek egitim kaydi (ham: 1327). fiyat araligi cok genis (max/min=4.1x); UI kataloginda secilebilir (kullanici gercekten bu araci secebilir). azaltici: zaten yeterli GUNCEL gercek ornek (arabam=1123).,True,,2009-2022,"18,800-675,000","449,000-1,850,000"
Fiat,Albea,1409,1407,12,2002.0,2015.0,6000.0,279000.0,999999.0,108000.0,300000.0,850000.0,0.2622,-0.1783,1407,brand_model,theil_sen,"arabam=1207, kaggle=202",1207,202,True,True,LOW,0,"1407 gercek egitim kaydi (ham: 1409). fiyat araligi cok genis (max/min=7.9x); UI kataloginda secilebilir (kullanici gercekten bu araci secebilir). azaltici: dusuk fiyat etkisi (medyan 300,000 <= p25 esigi 320,000); zaten yeterli GUNCEL gercek ornek (arabam=1207).",True,,2002-2015,"6,000-999,999","108,000-850,000"
Audi,A6,1425,1418,29,1996.0,2025.0,6001.0,239000.0,950000.0,230000.0,1922500.0,8490000.0,0.7313,-0.9672,1418,brand_model,theil_sen,"arabam=965, kaggle=460",965,460,True,True,LOW,0,1418 gercek egitim kaydi (ham: 1425). fiyat araligi cok genis (max/min=36.9x); UI kataloginda secilebilir (kullanici gercekten bu araci secebilir). azaltici: zaten yeterli GUNCEL gercek ornek (arabam=965).,True,,1996-2025,"6,001-950,000","230,000-8,490,000"
Chevrolet,Cruze,1422,1421,6,2009.0,2017.0,14000.0,196200.0,540000.0,200000.0,550000.0,1015000.0,0.1609,-0.3855,1421,brand_model,theil_sen,"arabam=763, kaggle=659",763,659,True,True,LOW,0,1421 gercek egitim kaydi (ham: 1422). fiyat araligi cok genis (max/min=5.1x); UI kataloginda secilebilir (kullanici gercekten bu araci secebilir). azaltici: zaten yeterli GUNCEL gercek ornek (arabam=763).,True,,2009-2017,"14,000-540,000","200,000-1,015,000"
Ford,Tourneo Connect,1445,1444,24,2003.0,2026.0,0.0,235000.0,775000.0,170000.0,499450.0,1875000.0,0.5376,-0.8881,1444,brand_model,theil_sen,arabam=1445,1445,0,True,True,LOW,0,1444 gercek egitim kaydi (ham: 1445). fiyat araligi cok genis (max/min=11.0x); UI kataloginda secilebilir (kullanici gercekten bu araci secebilir). azaltici: zaten yeterli GUNCEL gercek ornek (arabam=1445).,True,,2003-2026,"0-775,000","170,000-1,875,000"
BMW,1 Serisi,1452,1452,21,2005.0,2025.0,6001.0,160600.0,766000.0,400000.0,1099949.5,3425000.0,0.3857,-0.9143,1452,brand_model,theil_sen,"arabam=1115, kaggle=337",1115,337,True,True,LOW,0,1452 gercek egitim kaydi (ham: 1452). fiyat araligi cok genis (max/min=8.6x); UI kataloginda secilebilir (kullanici gercekten bu araci secebilir). azaltici: zaten yeterli GUNCEL gercek ornek (arabam=1115).,True,,2005-2025,"6,001-766,000","400,000-3,425,000"
Volkswagen,Tiguan,1573,1459,19,2008.0,2026.0,6001.0,128000.0,600000.0,589750.0,1550000.0,2995000.0,0.3384,-0.9171,1459,brand_model,theil_sen,arabam=1573,1573,0,True,True,LOW,0,1459 gercek egitim kaydi (ham: 1573). fiyat araligi cok genis (max/min=5.1x); UI kataloginda secilebilir (kullanici gercekten bu araci secebilir). azaltici: zaten yeterli GUNCEL gercek ornek (arabam=1573).,True,,2008-2026,"6,001-600,000","589,750-2,995,000"
Hyundai,Getz,1466,1466,9,2003.0,2011.0,26000.0,225500.0,586500.0,130000.0,415000.0,850000.0,0.2482,-0.3824,1466,brand_model,theil_sen,"arabam=1132, kaggle=334",1132,334,True,True,LOW,0,1466 gercek egitim kaydi (ham: 1466). fiyat araligi cok genis (max/min=6.5x); UI kataloginda secilebilir (kullanici gercekten bu araci secebilir). azaltici: zaten yeterli GUNCEL gercek ornek (arabam=1132).,True,,2003-2011,"26,000-586,500","130,000-850,000"
Peugeot,3008,1594,1487,18,2009.0,2026.0,6001.0,97000.0,435000.0,519000.0,1760000.0,2370000.0,0.2498,-0.9127,1487,brand_model,theil_sen,arabam=1594,1594,0,True,True,LOW,0,1487 gercek egitim kaydi (ham: 1594). fiyat araligi cok genis (max/min=4.6x); UI kataloginda secilebilir (kullanici gercekten bu araci secebilir). azaltici: zaten yeterli GUNCEL gercek ornek (arabam=1594).,True,,2009-2026,"6,001-435,000","519,000-2,370,000"
Renault,R 9,1508,1503,17,1984.0,2000.0,6000.0,285000.0,1000000.0,39000.0,175000.0,795000.0,0.3124,-0.56,1503,brand_model,theil_sen,"arabam=1378, kaggle=130",1378,130,True,True,LOW,0,"1503 gercek egitim kaydi (ham: 1508). fiyat araligi cok genis (max/min=20.4x); UI kataloginda secilebilir (kullanici gercekten bu araci secebilir). azaltici: dusuk fiyat etkisi (medyan 175,000 <= p25 esigi 320,000); zaten yeterli GUNCEL gercek ornek (arabam=1378).",True,,1984-2000,"6,000-1,000,000","39,000-795,000"
Fiat,Punto,1516,1516,17,2000.0,2018.0,30000.0,219225.0,549000.0,150000.0,453000.0,850000.0,0.2493,-0.656,1516,brand_model,theil_sen,"arabam=1322, kaggle=194",1322,194,True,True,LOW,0,1516 gercek egitim kaydi (ham: 1516). fiyat araligi cok genis (max/min=5.7x); UI kataloginda secilebilir (kullanici gercekten bu araci secebilir). azaltici: zaten yeterli GUNCEL gercek ornek (arabam=1322).,True,,2000-2018,"30,000-549,000","150,000-850,000"
Peugeot,Partner,1522,1521,28,1998.0,2025.0,1.0,247000.0,641000.0,75000.0,415000.0,1300000.0,0.521,-0.8919,1521,brand_model,theil_sen,arabam=1522,1522,0,True,True,LOW,0,1521 gercek egitim kaydi (ham: 1522). fiyat araligi cok genis (max/min=17.3x); UI kataloginda secilebilir (kullanici gercekten bu araci secebilir). azaltici: zaten yeterli GUNCEL gercek ornek (arabam=1522).,True,,1998-2025,"1-641,000","75,000-1,300,000"
Seat,Ibiza,1596,1595,31,1991.0,2025.0,6000.0,153000.0,900000.0,60000.0,685450.0,1730000.0,0.4294,-0.9156,1595,brand_model,theil_sen,"arabam=902, kaggle=694",902,694,True,True,LOW,0,1595 gercek egitim kaydi (ham: 1596). fiyat araligi cok genis (max/min=28.8x); UI kataloginda secilebilir (kullanici gercekten bu araci secebilir). azaltici: zaten yeterli GUNCEL gercek ornek (arabam=902).,True,,1991-2025,"6,000-900,000","60,000-1,730,000"
Citroen,C4,1625,1624,20,2005.0,2026.0,6000.0,215250.0,466000.0,130000.0,540000.0,1999999.0,0.5894,-0.929,1624,brand_model,theil_sen,"arabam=1080, kaggle=545",1080,545,True,True,LOW,0,1624 gercek egitim kaydi (ham: 1625). fiyat araligi cok genis (max/min=15.4x); UI kataloginda secilebilir (kullanici gercekten bu araci secebilir). azaltici: zaten yeterli GUNCEL gercek ornek (arabam=1080).,True,,2005-2026,"6,000-466,000","130,000-1,999,999"
Peugeot,206,1699,1696,14,1999.0,2012.0,13000.0,250000.0,513000.0,139000.0,300000.0,620000.0,0.2108,-0.2652,1696,brand_model,theil_sen,"arabam=1242, kaggle=457",1242,457,True,True,LOW,0,"1696 gercek egitim kaydi (ham: 1699). fiyat araligi cok genis (max/min=4.5x); UI kataloginda secilebilir (kullanici gercekten bu araci secebilir). azaltici: dusuk fiyat etkisi (medyan 300,000 <= p25 esigi 320,000); zaten yeterli GUNCEL gercek ornek (arabam=1242).",True,,1999-2012,"13,000-513,000","139,000-620,000"
Dacia,Duster,1746,1698,15,2010.0,2024.0,7950.0,145000.0,556000.0,410000.0,1085000.0,1550000.0,0.2172,-0.7256,1698,brand_model,theil_sen,arabam=1746,1746,0,True,True,LOW,0,1698 gercek egitim kaydi (ham: 1746). fiyat araligi cok genis (max/min=3.8x); UI kataloginda secilebilir (kullanici gercekten bu araci secebilir). azaltici: zaten yeterli GUNCEL gercek ornek (arabam=1746).,True,,2010-2024,"7,950-556,000","410,000-1,550,000"
Peugeot,301,1700,1699,9,2012.0,2020.0,9150.0,192500.0,627000.0,305000.0,615000.0,1000000.0,0.1921,-0.5104,1699,brand_model,theil_sen,"arabam=1264, kaggle=436",1264,436,True,True,LOW,0,1699 gercek egitim kaydi (ham: 1700). fiyat araligi cok genis (max/min=3.3x); UI kataloginda secilebilir (kullanici gercekten bu araci secebilir). azaltici: zaten yeterli GUNCEL gercek ornek (arabam=1264).,True,,2012-2020,"9,150-627,000","305,000-1,000,000"
Hyundai,Accent Era,1734,1730,8,2006.0,2013.0,25100.0,245000.0,999999.0,209000.0,484750.0,890000.0,0.231,-0.2535,1730,brand_model,theil_sen,"arabam=1416, kaggle=318",1416,318,True,True,LOW,0,1730 gercek egitim kaydi (ham: 1734). fiyat araligi cok genis (max/min=4.3x); UI kataloginda secilebilir (kullanici gercekten bu araci secebilir). azaltici: zaten yeterli GUNCEL gercek ornek (arabam=1416).,True,,2006-2013,"25,100-999,999","209,000-890,000"
Citroen,C3,1746,1745,23,2002.0,2024.0,6001.0,140000.0,555555.0,130000.0,635000.0,1600000.0,0.486,-0.934,1745,brand_model,theil_sen,"arabam=1131, kaggle=615",1131,615,True,True,LOW,0,1745 gercek egitim kaydi (ham: 1746). fiyat araligi cok genis (max/min=12.3x); UI kataloginda secilebilir (kullanici gercekten bu araci secebilir). azaltici: zaten yeterli GUNCEL gercek ornek (arabam=1131).,True,,2002-2024,"6,001-555,555","130,000-1,600,000"
Fiat,Palio,1798,1797,15,1998.0,2012.0,6000.0,254000.0,520000.0,80000.0,265000.0,650000.0,0.2392,-0.419,1797,brand_model,theil_sen,"arabam=1556, kaggle=242",1556,242,True,True,LOW,0,"1797 gercek egitim kaydi (ham: 1798). fiyat araligi cok genis (max/min=8.1x); UI kataloginda secilebilir (kullanici gercekten bu araci secebilir). azaltici: dusuk fiyat etkisi (medyan 265,000 <= p25 esigi 320,000); zaten yeterli GUNCEL gercek ornek (arabam=1556).",True,,1998-2012,"6,000-520,000","80,000-650,000"
Volkswagen,Transporter,1801,1801,31,1996.0,2026.0,0.0,248000.0,999999.0,95000.0,865000.0,2850000.0,0.5243,-0.9403,1801,brand_model,theil_sen,arabam=1801,1801,0,True,True,LOW,0,1801 gercek egitim kaydi (ham: 1801). fiyat araligi cok genis (max/min=30.0x); UI kataloginda secilebilir (kullanici gercekten bu araci secebilir). azaltici: zaten yeterli GUNCEL gercek ornek (arabam=1801).,True,,1996-2026,"0-999,999","95,000-2,850,000"
Tofaş,Doğan,1865,1842,20,1984.0,2003.0,6000.0,170000.0,1000000.0,10000.0,180000.0,420000.0,0.3255,-0.5718,1842,brand_model,theil_sen,"arabam=933, kaggle=932",933,932,True,True,LOW,0,"1842 gercek egitim kaydi (ham: 1865). fiyat araligi cok genis (max/min=42.0x); UI kataloginda secilebilir (kullanici gercekten bu araci secebilir). azaltici: dusuk fiyat etkisi (medyan 180,000 <= p25 esigi 320,000); zaten yeterli GUNCEL gercek ornek (arabam=933).",True,,1984-2003,"6,000-1,000,000","10,000-420,000"
Citroen,Berlingo,1891,1890,28,1998.0,2026.0,0.0,129000.0,760000.0,22000.0,830000.0,1835000.0,0.5098,-0.9493,1890,brand_model,theil_sen,arabam=1891,1891,0,True,True,LOW,0,1890 gercek egitim kaydi (ham: 1891). fiyat araligi cok genis (max/min=83.4x); UI kataloginda secilebilir (kullanici gercekten bu araci secebilir). azaltici: zaten yeterli GUNCEL gercek ornek (arabam=1891).,True,,1998-2026,"0-760,000","22,000-1,835,000"
Audi,A4,1933,1932,30,1995.0,2024.0,6001.0,227000.0,644400.0,165000.0,1280000.0,4950000.0,0.5732,-0.9499,1932,brand_model,theil_sen,"arabam=1318, kaggle=615",1318,615,True,True,LOW,0,1932 gercek egitim kaydi (ham: 1933). fiyat araligi cok genis (max/min=30.0x); UI kataloginda secilebilir (kullanici gercekten bu araci secebilir). azaltici: zaten yeterli GUNCEL gercek ornek (arabam=1318).,True,,1995-2024,"6,001-644,400","165,000-4,950,000"
Opel,Vectra,2039,2037,20,1989.0,2008.0,6001.0,315000.0,580000.0,65000.0,285000.0,1089000.0,0.3666,-0.7941,2037,brand_model,theil_sen,"arabam=1749, kaggle=290",1749,290,True,True,LOW,0,"2037 gercek egitim kaydi (ham: 2039). fiyat araligi cok genis (max/min=16.8x); UI kataloginda secilebilir (kullanici gercekten bu araci secebilir). azaltici: dusuk fiyat etkisi (medyan 285,000 <= p25 esigi 320,000); zaten yeterli GUNCEL gercek ornek (arabam=1749).",True,,1989-2008,"6,001-580,000","65,000-1,089,000"
Hyundai,Accent,2058,2053,16,1994.0,2010.0,6000.0,275000.0,788018.0,85000.0,270000.0,610000.0,0.2692,-0.586,2053,brand_model,theil_sen,"arabam=1620, kaggle=438",1620,438,True,True,LOW,0,"2053 gercek egitim kaydi (ham: 2058). fiyat araligi cok genis (max/min=7.2x); UI kataloginda secilebilir (kullanici gercekten bu araci secebilir). azaltici: dusuk fiyat etkisi (medyan 270,000 <= p25 esigi 320,000); zaten yeterli GUNCEL gercek ornek (arabam=1620).",True,,1994-2010,"6,000-788,018","85,000-610,000"
Skoda,SuperB,2122,2076,23,2003.0,2025.0,6001.0,165000.0,598800.0,325000.0,1550000.0,3400000.0,0.3793,-0.9038,2076,brand_model,theil_sen,"arabam=1439, kaggle=683",1439,683,True,True,LOW,0,2076 gercek egitim kaydi (ham: 2122). fiyat araligi cok genis (max/min=10.5x); UI kataloginda secilebilir (kullanici gercekten bu araci secebilir). azaltici: zaten yeterli GUNCEL gercek ornek (arabam=1439).,True,,2003-2025,"6,001-598,800","325,000-3,400,000"
Volkswagen,Caddy,2109,2108,29,1998.0,2026.0,0.0,188000.0,595000.0,39000.0,845000.0,2400000.0,0.4968,-0.9143,2108,brand_model,theil_sen,arabam=2109,2109,0,True,True,LOW,0,2108 gercek egitim kaydi (ham: 2109). fiyat araligi cok genis (max/min=61.5x); UI kataloginda secilebilir (kullanici gercekten bu araci secebilir). azaltici: zaten yeterli GUNCEL gercek ornek (arabam=2109).,True,,1998-2026,"0-595,000","39,000-2,400,000"
Dacia,Sandero,2168,2164,19,2008.0,2026.0,6000.0,140000.0,999999.0,230000.0,705000.0,1525000.0,0.3126,-0.7737,2164,brand_model,theil_sen,"arabam=1243, kaggle=925",1243,925,True,True,LOW,0,2164 gercek egitim kaydi (ham: 2168). fiyat araligi cok genis (max/min=6.6x); UI kataloginda secilebilir (kullanici gercekten bu araci secebilir). azaltici: zaten yeterli GUNCEL gercek ornek (arabam=1243).,True,,2008-2026,"6,000-999,999","230,000-1,525,000"
Tofaş,Şahin,2365,2338,22,1979.0,2002.0,6000.0,155777.5,1000000.0,30000.0,159874.5,410000.0,0.326,-0.4729,2338,brand_model,theil_sen,"arabam=1170, kaggle=1195",1170,1195,True,True,LOW,0,"2338 gercek egitim kaydi (ham: 2365). fiyat araligi cok genis (max/min=13.7x); UI kataloginda secilebilir (kullanici gercekten bu araci secebilir). azaltici: dusuk fiyat etkisi (medyan 159,874 <= p25 esigi 320,000); zaten yeterli GUNCEL gercek ornek (arabam=1170).",True,,1979-2002,"6,000-1,000,000","30,000-410,000"
Skoda,Octavia,2541,2540,28,1999.0,2026.0,0.0,182000.0,720000.0,180000.0,1101500.0,2985000.0,0.3947,-0.9259,2540,brand_model,theil_sen,"arabam=1685, kaggle=856",1685,856,True,True,LOW,0,2540 gercek egitim kaydi (ham: 2541). fiyat araligi cok genis (max/min=16.6x); UI kataloginda secilebilir (kullanici gercekten bu araci secebilir). azaltici: zaten yeterli GUNCEL gercek ornek (arabam=1685).,True,,1999-2026,"0-720,000","180,000-2,985,000"
Nissan,Qashqai,2629,2613,20,2007.0,2026.0,6000.0,131000.0,530000.0,10050.0,1365000.0,2850000.0,0.3441,-0.8938,2613,brand_model,theil_sen,arabam=2629,2629,0,True,True,LOW,0,2613 gercek egitim kaydi (ham: 2629). fiyat araligi cok genis (max/min=283.6x); UI kataloginda secilebilir (kullanici gercekten bu araci secebilir). azaltici: zaten yeterli GUNCEL gercek ornek (arabam=2629).,True,,2007-2026,"6,000-530,000","10,050-2,850,000"
Mercedes - Benz,E,2798,2795,54,1972.0,2026.0,100.0,223000.0,790000.0,99000.0,1949900.0,12000000.0,0.7603,-0.9419,2795,brand_model,theil_sen,"arabam=2056, kaggle=742",2056,742,True,True,LOW,0,2795 gercek egitim kaydi (ham: 2798). fiyat araligi cok genis (max/min=121.2x); UI kataloginda secilebilir (kullanici gercekten bu araci secebilir). azaltici: zaten yeterli GUNCEL gercek ornek (arabam=2056).,True,,1972-2026,"100-790,000","99,000-12,000,000"
Renault,Fluence,2823,2823,7,2010.0,2016.0,24800.0,234000.0,680000.0,299000.0,680000.0,1650000.0,0.2049,-0.557,2823,brand_model,theil_sen,"arabam=2583, kaggle=240",2583,240,True,True,LOW,0,2823 gercek egitim kaydi (ham: 2823). fiyat araligi cok genis (max/min=5.5x); UI kataloginda secilebilir (kullanici gercekten bu araci secebilir). azaltici: zaten yeterli GUNCEL gercek ornek (arabam=2583).,True,,2010-2016,"24,800-680,000","299,000-1,650,000"
Renault,Symbol,2826,2826,18,2003.0,2020.0,9000.0,217000.0,982000.0,115000.0,480000.0,1350000.0,0.2727,-0.6771,2826,brand_model,theil_sen,"arabam=2516, kaggle=310",2516,310,True,True,LOW,0,2826 gercek egitim kaydi (ham: 2826). fiyat araligi cok genis (max/min=11.7x); UI kataloginda secilebilir (kullanici gercekten bu araci secebilir). azaltici: zaten yeterli GUNCEL gercek ornek (arabam=2516).,True,,2003-2020,"9,000-982,000","115,000-1,350,000"
Seat,Leon,3129,3119,26,2000.0,2025.0,8000.0,173000.0,510000.0,235000.0,1025000.0,2150000.0,0.3452,-0.8744,3119,brand_model,theil_sen,"arabam=1875, kaggle=1254",1875,1254,True,True,LOW,0,3119 gercek egitim kaydi (ham: 3129). fiyat araligi cok genis (max/min=9.1x); UI kataloginda secilebilir (kullanici gercekten bu araci secebilir). azaltici: zaten yeterli GUNCEL gercek ornek (arabam=1875).,True,,2000-2025,"8,000-510,000","235,000-2,150,000"
Volkswagen,Jetta,3145,3144,19,1982.0,2017.0,23500.0,218000.0,625000.0,82900.0,860000.0,1750000.0,0.2827,-0.7982,3144,brand_model,theil_sen,"arabam=2805, kaggle=340",2805,340,True,True,LOW,0,3144 gercek egitim kaydi (ham: 3145). fiyat araligi cok genis (max/min=21.1x); UI kataloginda secilebilir (kullanici gercekten bu araci secebilir). azaltici: zaten yeterli GUNCEL gercek ornek (arabam=2805).,True,,1982-2017,"23,500-625,000","82,900-1,750,000"
BMW,5 Serisi,3356,3342,41,1977.0,2026.0,6001.0,219071.5,700000.0,150000.0,1690000.0,7200000.0,0.6279,-0.9423,3342,brand_model,theil_sen,"arabam=2516, kaggle=840",2516,840,True,True,LOW,0,3342 gercek egitim kaydi (ham: 3356). fiyat araligi cok genis (max/min=48.0x); UI kataloginda secilebilir (kullanici gercekten bu araci secebilir). azaltici: zaten yeterli GUNCEL gercek ornek (arabam=2516).,True,,1977-2026,"6,001-700,000","150,000-7,200,000"
Audi,A3,3391,3391,30,1997.0,2026.0,6001.0,170000.0,475000.0,110000.0,1270000.0,3765000.0,0.4315,-0.9394,3391,brand_model,theil_sen,"arabam=2270, kaggle=1121",2270,1121,True,True,LOW,0,3391 gercek egitim kaydi (ham: 3391). fiyat araligi cok genis (max/min=34.2x); UI kataloginda secilebilir (kullanici gercekten bu araci secebilir). azaltici: zaten yeterli GUNCEL gercek ornek (arabam=2270).,True,,1997-2026,"6,001-475,000","110,000-3,765,000"
Mercedes - Benz,C,3458,3458,34,1993.0,2026.0,6001.0,177922.5,802000.0,280000.0,1749874.5,12575000.0,0.5524,-0.9256,3458,brand_model,theil_sen,"arabam=2544, kaggle=914",2544,914,True,True,LOW,0,3458 gercek egitim kaydi (ham: 3458). fiyat araligi cok genis (max/min=44.9x); UI kataloginda secilebilir (kullanici gercekten bu araci secebilir). azaltici: zaten yeterli GUNCEL gercek ornek (arabam=2544).,True,,1993-2026,"6,001-802,000","280,000-12,575,000"
Hyundai,i20,3812,3810,18,2009.0,2026.0,0.0,110000.0,490000.0,295000.0,928375.0,1719000.0,0.3133,-0.8259,3810,brand_model,theil_sen,"arabam=2980, kaggle=832",2980,832,True,True,LOW,0,3810 gercek egitim kaydi (ham: 3812). fiyat araligi cok genis (max/min=5.8x); UI kataloginda secilebilir (kullanici gercekten bu araci secebilir). azaltici: zaten yeterli GUNCEL gercek ornek (arabam=2980).,True,,2009-2026,"0-490,000","295,000-1,719,000"
Fiat,Linea,3862,3861,12,2007.0,2019.0,17400.0,229000.0,1000000.0,219000.0,475000.0,820000.0,0.2177,-0.4628,3861,brand_model,theil_sen,"arabam=3407, kaggle=455",3407,455,True,True,LOW,0,3861 gercek egitim kaydi (ham: 3862). fiyat araligi cok genis (max/min=3.7x); UI kataloginda secilebilir (kullanici gercekten bu araci secebilir). azaltici: zaten yeterli GUNCEL gercek ornek (arabam=3407).,True,,2007-2019,"17,400-1,000,000","219,000-820,000"
Ford,Fiesta,3973,3970,27,1990.0,2023.0,8000.0,215000.0,545000.0,125000.0,508000.0,1700000.0,0.368,-0.8401,3970,brand_model,theil_sen,"arabam=3252, kaggle=721",3252,721,True,True,LOW,0,3970 gercek egitim kaydi (ham: 3973). fiyat araligi cok genis (max/min=13.6x); UI kataloginda secilebilir (kullanici gercekten bu araci secebilir). azaltici: zaten yeterli GUNCEL gercek ornek (arabam=3252).,True,,1990-2023,"8,000-545,000","125,000-1,700,000"
Ford,Tourneo Courier,4060,4060,13,2014.0,2026.0,0.0,115000.0,800000.0,329000.0,900000.0,1949000.0,0.2374,-0.7037,4060,brand_model,theil_sen,arabam=4060,4060,0,True,True,LOW,0,4060 gercek egitim kaydi (ham: 4060). fiyat araligi cok genis (max/min=5.9x); UI kataloginda secilebilir (kullanici gercekten bu araci secebilir). azaltici: zaten yeterli GUNCEL gercek ornek (arabam=4060).,True,,2014-2026,"0-800,000","329,000-1,949,000"
Fiat,Fiorino,4263,4255,17,2008.0,2024.0,0.0,155450.0,840000.0,168000.0,615000.0,1250000.0,0.3017,-0.785,4255,brand_model,theil_sen,arabam=4263,4263,0,True,True,LOW,0,4255 gercek egitim kaydi (ham: 4263). fiyat araligi cok genis (max/min=7.4x); UI kataloginda secilebilir (kullanici gercekten bu araci secebilir). azaltici: zaten yeterli GUNCEL gercek ornek (arabam=4263).,True,,2008-2024,"0-840,000","168,000-1,250,000"
BMW,3 Serisi,4744,4742,47,1980.0,2026.0,4.0,208000.0,570000.0,59876.0,1280000.0,6000000.0,0.6433,-0.8907,4742,brand_model,theil_sen,"arabam=3684, kaggle=1060",3684,1060,True,True,LOW,0,4742 gercek egitim kaydi (ham: 4744). fiyat araligi cok genis (max/min=100.2x); UI kataloginda secilebilir (kullanici gercekten bu araci secebilir). azaltici: zaten yeterli GUNCEL gercek ornek (arabam=3684).,True,,1980-2026,"4-570,000","59,876-6,000,000"
Volkswagen,Golf,5150,5133,43,1983.0,2026.0,6001.0,189000.0,600760.0,115000.0,1000000.0,2950000.0,0.4351,-0.9221,5133,brand_model,theil_sen,"arabam=4537, kaggle=613",4537,613,True,True,LOW,0,5133 gercek egitim kaydi (ham: 5150). fiyat araligi cok genis (max/min=25.7x); UI kataloginda secilebilir (kullanici gercekten bu araci secebilir). azaltici: zaten yeterli GUNCEL gercek ornek (arabam=4537).,True,,1983-2026,"6,001-600,760","115,000-2,950,000"
Fiat,Doblo,5721,5652,26,2001.0,2026.0,0.0,215000.0,800000.0,62500.0,530000.0,1485000.0,0.4869,-0.8689,5652,brand_model,theil_sen,arabam=5721,5721,0,True,True,LOW,0,5652 gercek egitim kaydi (ham: 5721). fiyat araligi cok genis (max/min=23.8x); UI kataloginda secilebilir (kullanici gercekten bu araci secebilir). azaltici: zaten yeterli GUNCEL gercek ornek (arabam=5721).,True,,2001-2026,"0-800,000","62,500-1,485,000"
Opel,Corsa,5684,5682,36,1990.0,2026.0,6001.0,179500.0,901000.0,69000.0,540000.0,1750000.0,0.5377,-0.9308,5682,brand_model,theil_sen,"arabam=4886, kaggle=798",4886,798,True,True,LOW,0,5682 gercek egitim kaydi (ham: 5684). fiyat araligi cok genis (max/min=25.4x); UI kataloginda secilebilir (kullanici gercekten bu araci secebilir). azaltici: zaten yeterli GUNCEL gercek ornek (arabam=4886).,True,,1990-2026,"6,001-901,000","69,000-1,750,000"
Volkswagen,Polo,5788,5787,33,1992.0,2025.0,6000.0,188000.0,570000.0,100000.0,707000.0,1830000.0,0.4972,-0.937,5787,brand_model,theil_sen,"arabam=5105, kaggle=683",5105,683,True,True,LOW,0,5787 gercek egitim kaydi (ham: 5788). fiyat araligi cok genis (max/min=18.3x); UI kataloginda secilebilir (kullanici gercekten bu araci secebilir). azaltici: zaten yeterli GUNCEL gercek ornek (arabam=5105).,True,,1992-2025,"6,000-570,000","100,000-1,830,000"
Volkswagen,Passat,6750,6728,32,1992.0,2025.0,6001.0,200000.0,650000.0,111111.0,1325000.0,2950000.0,0.4239,-0.9333,6728,brand_model,theil_sen,"arabam=5845, kaggle=905",5845,905,True,True,LOW,0,6728 gercek egitim kaydi (ham: 6750). fiyat araligi cok genis (max/min=26.6x); UI kataloginda secilebilir (kullanici gercekten bu araci secebilir). azaltici: zaten yeterli GUNCEL gercek ornek (arabam=5845).,True,,1992-2025,"6,001-650,000","111,111-2,950,000"
Honda,Civic,7615,7579,37,1989.0,2025.0,6000.0,182500.0,845000.0,14700.0,1000000.0,2450000.0,0.4764,-0.949,7579,brand_model,theil_sen,"arabam=5539, kaggle=2076",5539,2076,True,True,LOW,0,7579 gercek egitim kaydi (ham: 7615). fiyat araligi cok genis (max/min=166.7x); UI kataloginda secilebilir (kullanici gercekten bu araci secebilir). azaltici: zaten yeterli GUNCEL gercek ornek (arabam=5539).,True,,1989-2025,"6,000-845,000","14,700-2,450,000"
Ford,Focus,8452,8441,27,1999.0,2025.0,6000.0,208000.0,850000.0,172999.0,790000.0,2330000.0,0.4516,-0.9208,8441,brand_model,theil_sen,"arabam=7018, kaggle=1434",7018,1434,True,True,LOW,0,8441 gercek egitim kaydi (ham: 8452). fiyat araligi cok genis (max/min=13.5x); UI kataloginda secilebilir (kullanici gercekten bu araci secebilir). azaltici: zaten yeterli GUNCEL gercek ornek (arabam=7018).,True,,1999-2025,"6,000-850,000","172,999-2,330,000"
Toyota,Corolla,8621,8618,38,1988.0,2026.0,0.0,172000.0,890000.0,120000.0,925000.0,2505000.0,0.4928,-0.9533,8618,brand_model,theil_sen,"arabam=6628, kaggle=1993",6628,1993,True,True,LOW,0,8618 gercek egitim kaydi (ham: 8621). fiyat araligi cok genis (max/min=20.9x); UI kataloginda secilebilir (kullanici gercekten bu araci secebilir). azaltici: zaten yeterli GUNCEL gercek ornek (arabam=6628).,True,,1988-2026,"0-890,000","120,000-2,505,000"
Fiat,Egea,8851,8791,12,2015.0,2026.0,6000.0,105781.0,990000.0,222222.0,855000.0,1485000.0,0.2045,-0.6327,8791,brand_model,theil_sen,"arabam=7728, kaggle=1123",7728,1123,True,True,LOW,0,8791 gercek egitim kaydi (ham: 8851). fiyat araligi cok genis (max/min=6.7x); UI kataloginda secilebilir (kullanici gercekten bu araci secebilir). azaltici: zaten yeterli GUNCEL gercek ornek (arabam=7728).,True,,2015-2026,"6,000-990,000","222,222-1,485,000"
Opel,Astra,9200,9175,34,1992.0,2025.0,6001.0,205000.0,930000.0,72000.0,635000.0,1850000.0,0.4232,-0.909,9175,brand_model,theil_sen,"arabam=7880, kaggle=1320",7880,1320,True,True,LOW,0,9175 gercek egitim kaydi (ham: 9200). fiyat araligi cok genis (max/min=25.7x); UI kataloginda secilebilir (kullanici gercekten bu araci secebilir). azaltici: zaten yeterli GUNCEL gercek ornek (arabam=7880).,True,,1992-2025,"6,001-930,000","72,000-1,850,000"
Renault,Megane,9472,9368,30,1996.0,2026.0,8.0,185000.0,850000.0,90000.0,950000.0,1975000.0,0.503,-0.9542,9368,brand_model,theil_sen,"arabam=8616, kaggle=856",8616,856,True,True,LOW,0,9368 gercek egitim kaydi (ham: 9472). fiyat araligi cok genis (max/min=21.9x); UI kataloginda secilebilir (kullanici gercekten bu araci secebilir). azaltici: zaten yeterli GUNCEL gercek ornek (arabam=8616).,True,,1996-2026,"8-850,000","90,000-1,975,000"
Renault,Clio,10424,10420,32,1991.0,2026.0,6000.0,161000.0,795000.0,80000.0,730000.0,1905000.0,0.475,-0.9395,10420,brand_model,theil_sen,"arabam=9478, kaggle=946",9478,946,True,True,LOW,0,10420 gercek egitim kaydi (ham: 10424). fiyat araligi cok genis (max/min=23.8x); UI kataloginda secilebilir (kullanici gercekten bu araci secebilir). azaltici: zaten yeterli GUNCEL gercek ornek (arabam=9478).,True,,1991-2026,"6,000-795,000","80,000-1,905,000"
MG,ZS EV,20,20,4,2020.0,2023.0,6850.0,66000.0,108000.0,1150000.0,1280000.0,1749000.0,0.133,-0.7892,20,brand_model,theil_sen,arabam=20,20,0,True,False,NONE,0,20 gercek kayit var; sentetik veri gerekli degil..,True,,2020-2023,"6,850-108,000","1,150,000-1,749,000"
Lada,Kalina,25,21,3,2007.0,2009.0,78120.0,183000.0,304000.0,125000.0,245000.0,285000.0,0.1515,-0.0655,21,brand_model,median,"arabam=11, kaggle=14",11,14,True,False,NONE,0,21 gercek kayit var; sentetik veri gerekli degil..,True,,2007-2009,"78,120-304,000","125,000-285,000"
Peugeot,206 Van,21,21,5,2004.0,2008.0,213000.0,343000.0,465000.0,110000.0,225000.0,315000.0,0.2122,0.0177,21,brand_model,theil_sen,arabam=21,21,0,True,False,NONE,0,21 gercek kayit var; sentetik veri gerekli degil..,True,,2004-2008,"213,000-465,000","110,000-315,000"
Volvo,V50,21,21,6,2005.0,2011.0,172000.0,281000.0,420000.0,400000.0,675000.0,920000.0,0.1949,-0.3573,21,brand_model,theil_sen,"arabam=11, kaggle=10",11,10,True,False,NONE,0,21 gercek kayit var; sentetik veri gerekli degil..,True,,2005-2011,"172,000-420,000","400,000-920,000"
Alfa Romeo,MiTo,22,22,6,2009.0,2014.0,93000.0,184500.0,298000.0,400000.0,617500.0,890000.0,0.1953,-0.544,22,brand_model,theil_sen,"arabam=12, kaggle=10",12,10,True,False,NONE,0,22 gercek kayit var; sentetik veri gerekli degil..,True,,2009-2014,"93,000-298,000","400,000-890,000"
Kia,EV6,25,22,3,2022.0,2025.0,6100.0,22875.0,77000.0,1995000.0,2262500.0,2730000.0,0.0666,0.4455,22,brand_model,theil_sen,arabam=25,25,0,True,False,NONE,0,22 gercek kayit var; sentetik veri gerekli degil..,True,,2022-2025,"6,100-77,000","1,995,000-2,730,000"
Suzuki,Splash,22,22,4,2010.0,2013.0,57000.0,128780.0,267000.0,315000.0,528500.0,824900.0,0.2511,-0.5623,22,brand_model,theil_sen,"arabam=10, kaggle=12",10,12,True,False,NONE,0,22 gercek kayit var; sentetik veri gerekli degil..,True,,2010-2013,"57,000-267,000","315,000-824,900"
Alfa Romeo,Junior Ibrida,23,23,3,2024.0,2026.0,6001.0,14019.0,48000.0,1785000.0,1889000.0,2190000.0,0.063,-0.1931,23,brand_model,theil_sen,arabam=23,23,0,True,False,NONE,0,23 gercek kayit var; sentetik veri gerekli degil..,True,,2024-2026,"6,001-48,000","1,785,000-2,190,000"
Jaguar,F-Pace,23,23,6,2016.0,2023.0,35168.0,136000.0,241000.0,1700000.0,2550000.0,5050000.0,0.2923,-0.7887,23,brand_model,theil_sen,arabam=23,23,0,True,False,NONE,0,23 gercek kayit var; sentetik veri gerekli degil..,True,,2016-2023,"35,168-241,000","1,700,000-5,050,000"
Jeep,Avenger Hybrid,23,23,3,2024.0,2026.0,6001.0,11000.0,33573.0,1695000.0,1910000.0,2965000.0,0.1337,-0.7317,23,brand_model,theil_sen,arabam=23,23,0,True,False,NONE,0,23 gercek kayit var; sentetik veri gerekli degil..,True,,2024-2026,"6,001-33,573","1,695,000-2,965,000"
Mazda,B2500,23,23,9,1997.0,2007.0,190000.0,330000.0,467000.0,230000.0,368000.0,670000.0,0.2797,-0.5402,23,brand_model,theil_sen,arabam=23,23,0,True,False,NONE,0,23 gercek kayit var; sentetik veri gerekli degil..,True,,1997-2007,"190,000-467,000","230,000-670,000"
Volvo,C30,23,23,6,2007.0,2012.0,124000.0,242000.0,405000.0,380000.0,555000.0,950000.0,0.2767,-0.681,23,brand_model,theil_sen,"arabam=10, kaggle=13",10,13,True,False,NONE,0,23 gercek kayit var; sentetik veri gerekli degil..,True,,2007-2012,"124,000-405,000","380,000-950,000"
DS Automobiles,DS3,24,24,5,2010.0,2015.0,84000.0,150000.0,233000.0,419000.0,657500.0,1200000.0,0.2249,-0.3645,24,brand_model,theil_sen,"arabam=17, kaggle=7",17,7,True,False,NONE,0,24 gercek kayit var; sentetik veri gerekli degil..,True,,2010-2015,"84,000-233,000","419,000-1,200,000"
DS Automobiles,DS5,24,24,5,2012.0,2017.0,71000.0,259000.0,925000.0,650000.0,895000.0,1350000.0,0.1787,-0.6533,24,brand_model,theil_sen,"arabam=17, kaggle=7",17,7,True,False,NONE,0,24 gercek kayit var; sentetik veri gerekli degil..,True,,2012-2017,"71,000-925,000","650,000-1,350,000"
Dodge,Nitro,24,24,4,2007.0,2010.0,156000.0,231500.0,469000.0,640000.0,914000.0,1199999.0,0.1579,0.0109,24,brand_model,theil_sen,arabam=24,24,0,True,False,NONE,0,24 gercek kayit var; sentetik veri gerekli degil..,True,,2007-2010,"156,000-469,000","640,000-1,199,999"
Kia,Soul,24,24,6,2011.0,2017.0,35750.0,136450.0,340000.0,675000.0,1095950.0,1370000.0,0.1514,-0.7422,24,brand_model,theil_sen,arabam=24,24,0,True,False,NONE,0,24 gercek kayit var; sentetik veri gerekli degil..,True,,2011-2017,"35,750-340,000","675,000-1,370,000"
Hyundai,i20 N,26,25,3,2022.0,2024.0,13000.0,37000.0,96500.0,1400000.0,1915000.0,2150000.0,0.0963,-0.4851,25,brand_model,theil_sen,"arabam=21, kaggle=5",21,5,True,False,NONE,0,25 gercek kayit var; sentetik veri gerekli degil..,True,,2022-2024,"13,000-96,500","1,400,000-2,150,000"
Geely,FC,27,26,3,2010.0,2012.0,52000.0,181500.0,304000.0,200000.0,272000.0,440000.0,0.2056,-0.4404,26,brand_model,theil_sen,"arabam=18, kaggle=9",18,9,True,False,NONE,0,26 gercek kayit var; sentetik veri gerekli degil..,True,,2010-2012,"52,000-304,000","200,000-440,000"
Mazda,CX-3,26,26,4,2015.0,2018.0,43500.0,119000.0,221000.0,1070000.0,1265000.0,1448000.0,0.0726,-0.5007,26,brand_model,theil_sen,arabam=26,26,0,True,False,NONE,0,26 gercek kayit var; sentetik veri gerekli degil..,True,,2015-2018,"43,500-221,000","1,070,000-1,448,000"
Opel,Corsa Van,26,26,6,2003.0,2008.0,194750.0,321000.0,580000.0,184999.0,249999.5,335000.0,0.1594,-0.179,26,brand_model,theil_sen,arabam=26,26,0,True,False,NONE,0,26 gercek kayit var; sentetik veri gerekli degil..,True,,2003-2008,"194,750-580,000","184,999-335,000"
BMW,X2,27,27,6,2018.0,2024.0,14000.0,73000.0,209000.0,1545000.0,2230000.0,4150000.0,0.2857,-0.893,27,brand_model,theil_sen,arabam=27,27,0,True,False,NONE,0,27 gercek kayit var; sentetik veri gerekli degil..,True,,2018-2024,"14,000-209,000","1,545,000-4,150,000"
Daihatsu,Cuore,27,27,7,1992.0,2007.0,6000.0,172000.0,374000.0,135000.0,275000.0,379000.0,0.2594,-0.6172,27,brand_model,theil_sen,"arabam=14, kaggle=13",14,13,True,False,NONE,0,27 gercek kayit var; sentetik veri gerekli degil..,True,,1992-2007,"6,000-374,000","135,000-379,000"
Rover,414,27,27,3,1996.0,1999.0,88000.0,257000.0,400000.0,120000.0,210000.0,315000.0,0.2759,-0.2745,27,brand_model,theil_sen,"arabam=13, kaggle=14",13,14,True,False,NONE,0,27 gercek kayit var; sentetik veri gerekli degil..,True,,1996-1999,"88,000-400,000","120,000-315,000"
Saab,9-3,28,27,12,1998.0,2009.0,172500.0,265000.0,462000.0,325000.0,565000.0,900000.0,0.2751,-0.3749,27,brand_model,theil_sen,"arabam=16, kaggle=12",16,12,True,False,NONE,0,27 gercek kayit var; sentetik veri gerekli degil..,True,,1998-2009,"172,500-462,000","325,000-900,000"
Mercedes - Benz,GL,28,28,9,2007.0,2015.0,130000.0,278500.0,490000.0,1590000.0,2899450.0,4500000.0,0.3106,-0.8716,28,brand_model,theil_sen,arabam=28,28,0,True,False,NONE,0,28 gercek kayit var; sentetik veri gerekli degil..,True,,2007-2015,"130,000-490,000","1,590,000-4,500,000"
Toyota,Yaris Cross,28,28,4,2022.0,2025.0,6030.0,42000.0,95000.0,1619000.0,1857500.0,2230000.0,0.0842,-0.708,28,brand_model,theil_sen,arabam=28,28,0,True,False,NONE,0,28 gercek kayit var; sentetik veri gerekli degil..,True,,2022-2025,"6,030-95,000","1,619,000-2,230,000"
Volkswagen,Tiguan All Space,30,28,7,2017.0,2023.0,13180.0,79500.0,193000.0,1575000.0,2195000.0,2890000.0,0.1706,-0.8778,28,brand_model,theil_sen,arabam=30,30,0,True,False,NONE,0,28 gercek kayit var; sentetik veri gerekli degil..,True,,2017-2023,"13,180-193,000","1,575,000-2,890,000"
Fiat,Freemont,29,29,3,2012.0,2014.0,145496.0,215000.0,356000.0,750000.0,1000000.0,1200000.0,0.1454,-0.5238,29,brand_model,theil_sen,arabam=29,29,0,True,False,NONE,0,29 gercek kayit var; sentetik veri gerekli degil..,True,,2012-2014,"145,496-356,000","750,000-1,200,000"
Opel,Mokka-e,30,29,3,2022.0,2024.0,10000.0,34000.0,82000.0,889000.0,1410000.0,1525000.0,0.083,0.1736,29,brand_model,theil_sen,arabam=30,30,0,True,False,NONE,0,29 gercek kayit var; sentetik veri gerekli degil..,True,,2022-2024,"10,000-82,000","889,000-1,525,000"
Alfa Romeo,146,31,31,6,1996.0,2001.0,131000.0,272000.0,450000.0,90000.0,180000.0,267000.0,0.2672,-0.1922,31,brand_model,theil_sen,"arabam=15, kaggle=16",15,16,True,False,NONE,0,31 gercek kayit var; sentetik veri gerekli degil..,True,,1996-2001,"131,000-450,000","90,000-267,000"
Tata,Vista,32,31,3,2011.0,2014.0,100000.0,195000.0,291600.0,175000.0,275000.0,335000.0,0.1338,-0.2256,31,brand_model,theil_sen,"arabam=17, kaggle=15",17,15,True,False,NONE,0,31 gercek kayit var; sentetik veri gerekli degil..,True,,2011-2014,"100,000-291,600","175,000-335,000"
Lancia,Ypsilon,32,32,5,2007.0,2014.0,16000.0,160500.0,323000.0,250000.0,462500.0,655000.0,0.1961,-0.6492,32,brand_model,theil_sen,"arabam=14, kaggle=18",14,18,True,False,NONE,0,32 gercek kayit var; sentetik veri gerekli degil..,True,,2007-2014,"16,000-323,000","250,000-655,000"
Ssangyong,Actyon Sports,32,32,4,2008.0,2011.0,6000.0,220450.0,360000.0,280000.0,487500.0,750000.0,0.1882,-0.3498,32,brand_model,theil_sen,arabam=32,32,0,True,False,NONE,0,32 gercek kayit var; sentetik veri gerekli degil..,True,,2008-2011,"6,000-360,000","280,000-750,000"
DS Automobiles,DS9,33,33,3,2021.0,2023.0,6050.0,62000.0,141506.0,1785000.0,2240000.0,3139950.0,0.1594,-0.7714,33,brand_model,theil_sen,"arabam=21, kaggle=12",21,12,True,False,NONE,0,33 gercek kayit var; sentetik veri gerekli degil..,True,,2021-2023,"6,050-141,506","1,785,000-3,139,950"
Peugeot,e-3008,44,33,4,2018.0,2026.0,6001.0,21700.0,155185.0,1625000.0,2075000.0,2350000.0,0.0673,-0.6522,33,brand_model,theil_sen,arabam=44,44,0,True,False,NONE,0,33 gercek kayit var; sentetik veri gerekli degil..,True,,2018-2026,"6,001-155,185","1,625,000-2,350,000"
Citroen,C3 Picasso,34,34,5,2009.0,2013.0,81000.0,177000.0,325000.0,380000.0,562500.0,799000.0,0.2031,-0.5378,34,brand_model,theil_sen,"arabam=24, kaggle=10",24,10,True,False,NONE,0,34 gercek kayit var; sentetik veri gerekli degil..,True,,2009-2013,"81,000-325,000","380,000-799,000"
Fiat,Idea,34,34,5,2005.0,2011.0,109800.0,246000.0,420000.0,240000.0,350000.0,500000.0,0.1749,-0.4854,34,brand_model,theil_sen,"arabam=26, kaggle=8",26,8,True,False,NONE,0,34 gercek kayit var; sentetik veri gerekli degil..,True,,2005-2011,"109,800-420,000","240,000-500,000"
Jaguar,XE,35,35,5,2015.0,2020.0,89000.0,197500.0,323500.0,1195000.0,1525000.0,3530000.0,0.2575,-0.825,35,brand_model,theil_sen,"arabam=18, kaggle=17",18,17,True,False,NONE,0,35 gercek kayit var; sentetik veri gerekli degil..,True,,2015-2020,"89,000-323,500","1,195,000-3,530,000"
Geely,Echo,37,37,3,2009.0,2011.0,99400.0,165000.0,254000.0,159999.0,240000.0,320000.0,0.1638,-0.1736,37,brand_model,theil_sen,"arabam=18, kaggle=19",18,19,True,False,NONE,0,37 gercek kayit var; sentetik veri gerekli degil..,True,,2009-2011,"99,400-254,000","159,999-320,000"
Opel,Antara,37,37,5,2007.0,2011.0,75000.0,232000.0,400000.0,570000.0,710000.0,980000.0,0.1492,-0.5148,37,brand_model,theil_sen,arabam=37,37,0,True,False,NONE,0,37 gercek kayit var; sentetik veri gerekli degil..,True,,2007-2011,"75,000-400,000","570,000-980,000"
Hyundai,Staria,39,38,4,2022.0,2025.0,6001.0,63250.0,186000.0,1395000.0,1883975.0,2450000.0,0.1534,-0.6195,38,brand_model,theil_sen,arabam=39,39,0,True,False,NONE,0,38 gercek kayit var; sentetik veri gerekli degil..,True,,2022-2025,"6,001-186,000","1,395,000-2,450,000"
Kia,EV3,43,40,3,2024.0,2026.0,0.0,25500.0,84000.0,1870000.0,2160000.0,2750000.0,0.1182,-0.5085,40,brand_model,theil_sen,arabam=43,43,0,True,False,NONE,0,40 gercek kayit var; sentetik veri gerekli degil..,True,,2024-2026,"0-84,000","1,870,000-2,750,000"
Rover,416,40,40,4,1996.0,1999.0,150000.0,281000.0,400500.0,105000.0,210249.5,290000.0,0.2191,0.1832,40,brand_model,theil_sen,"arabam=14, kaggle=26",14,26,True,False,NONE,0,40 gercek kayit var; sentetik veri gerekli degil..,True,,1996-1999,"150,000-400,500","105,000-290,000"
Ford,Fiesta Van,41,41,5,2005.0,2009.0,416.0,330000.0,570000.0,165000.0,235000.0,340000.0,0.1751,-0.4013,41,brand_model,theil_sen,arabam=41,41,0,True,False,NONE,0,41 gercek kayit var; sentetik veri gerekli degil..,True,,2005-2009,"416-570,000","165,000-340,000"
Kia,Venga,41,41,3,2010.0,2012.0,102000.0,227700.0,380000.0,280000.0,495000.0,825000.0,0.207,0.0836,41,brand_model,theil_sen,"arabam=12, kaggle=29",12,29,True,False,NONE,0,41 gercek kayit var; sentetik veri gerekli degil..,True,,2010-2012,"102,000-380,000","280,000-825,000"
Suzuki,S-Cross,42,41,5,2013.0,2025.0,7580.0,35000.0,234000.0,929000.0,1774000.0,1975000.0,0.105,-0.8613,41,brand_model,theil_sen,arabam=42,42,0,True,False,NONE,0,41 gercek kayit var; sentetik veri gerekli degil..,True,,2013-2025,"7,580-234,000","929,000-1,975,000"
Volkswagen,Touran,42,42,9,2003.0,2011.0,160000.0,268500.0,470000.0,439000.0,585000.0,1025000.0,0.1915,-0.6009,42,brand_model,theil_sen,"arabam=35, kaggle=7",35,7,True,False,NONE,0,42 gercek kayit var; sentetik veri gerekli degil..,True,,2003-2011,"160,000-470,000","439,000-1,025,000"
Hyundai,i20 Active,43,43,6,2016.0,2023.0,18000.0,108000.0,243000.0,775000.0,1045000.0,1500000.0,0.1353,-0.5681,43,brand_model,theil_sen,"arabam=38, kaggle=5",38,5,True,False,NONE,0,43 gercek kayit var; sentetik veri gerekli degil..,True,,2016-2023,"18,000-243,000","775,000-1,500,000"
Nissan,Qashqai+2,44,44,4,2010.0,2013.0,89000.0,215000.0,368000.0,645000.0,920000.0,1499000.0,0.1453,0.0004,44,brand_model,theil_sen,arabam=44,44,0,True,False,NONE,0,44 gercek kayit var; sentetik veri gerekli degil..,True,,2010-2013,"89,000-368,000","645,000-1,499,000"
Ssangyong,Kyron,44,44,4,2008.0,2011.0,75000.0,259500.0,468000.0,405000.0,642500.0,945000.0,0.1853,-0.296,44,brand_model,theil_sen,arabam=44,44,0,True,False,NONE,0,44 gercek kayit var; sentetik veri gerekli degil..,True,,2008-2011,"75,000-468,000","405,000-945,000"
Volkswagen,MultiVan,46,44,5,2003.0,2007.0,400.0,347250.0,478000.0,280000.0,522500.0,725000.0,0.2118,-0.1127,44,brand_model,theil_sen,arabam=46,46,0,True,False,NONE,0,44 gercek kayit var; sentetik veri gerekli degil..,True,,2003-2007,"400-478,000","280,000-725,000"
Opel,Zafira Life,62,45,5,2021.0,2025.0,0.0,44000.0,227437.0,1030000.0,1550000.0,1850000.0,0.1264,-0.7309,45,brand_model,theil_sen,arabam=62,62,0,True,False,NONE,0,45 gercek kayit var; sentetik veri gerekli degil..,True,,2021-2025,"0-227,437","1,030,000-1,850,000"
Volvo,EX40,45,45,3,2024.0,2026.0,6001.0,15000.0,52000.0,2189000.0,2880000.0,3525000.0,0.1332,0.1534,45,brand_model,theil_sen,arabam=45,45,0,True,False,NONE,0,45 gercek kayit var; sentetik veri gerekli degil..,True,,2024-2026,"6,001-52,000","2,189,000-3,525,000"
Citroen,e-C4,47,47,5,2022.0,2026.0,6001.0,24500.0,105000.0,1150000.0,1449000.0,1899000.0,0.1372,-0.8671,47,brand_model,theil_sen,"arabam=34, kaggle=13",34,13,True,False,NONE,0,47 gercek kayit var; sentetik veri gerekli degil..,True,,2022-2026,"6,001-105,000","1,150,000-1,899,000"
Mercedes - Benz,GLK,47,47,7,2009.0,2015.0,47000.0,234000.0,475000.0,1225000.0,1820000.0,2750000.0,0.2007,-0.5553,47,brand_model,theil_sen,arabam=47,47,0,True,False,NONE,0,47 gercek kayit var; sentetik veri gerekli degil..,True,,2009-2015,"47,000-475,000","1,225,000-2,750,000"
Mini,One,47,47,10,2002.0,2013.0,37000.0,204000.0,315000.0,347500.0,620000.0,999750.0,0.272,-0.7798,47,brand_model,theil_sen,"arabam=30, kaggle=17",30,17,True,False,NONE,0,47 gercek kayit var; sentetik veri gerekli degil..,True,,2002-2013,"37,000-315,000","347,500-999,750"
Peugeot,e-2008,48,47,6,2018.0,2026.0,6000.0,26500.0,88000.0,1285000.0,1650000.0,1965000.0,0.0825,-0.6817,47,brand_model,theil_sen,arabam=48,48,0,True,False,NONE,0,47 gercek kayit var; sentetik veri gerekli degil..,True,,2018-2026,"6,000-88,000","1,285,000-1,965,000"
Alfa Romeo,159,48,48,5,2006.0,2010.0,148000.0,277500.0,375000.0,399999.0,622500.0,900000.0,0.1821,-0.5741,48,brand_model,theil_sen,"arabam=21, kaggle=27",21,27,True,False,NONE,0,48 gercek kayit var; sentetik veri gerekli degil..,True,,2006-2010,"148,000-375,000","399,999-900,000"
Daihatsu,Sirion,48,48,7,2003.0,2009.0,56000.0,222500.0,385000.0,229500.0,318925.0,650000.0,0.2861,-0.3861,48,brand_model,theil_sen,"arabam=29, kaggle=19",29,19,True,False,NONE,0,48 gercek kayit var; sentetik veri gerekli degil..,True,,2003-2009,"56,000-385,000","229,500-650,000"
Geely,Familia,48,48,3,2009.0,2011.0,38800.0,184100.0,385000.0,135000.0,248500.0,395000.0,0.1901,-0.313,48,brand_model,theil_sen,"arabam=18, kaggle=30",18,30,True,False,NONE,0,48 gercek kayit var; sentetik veri gerekli degil..,True,,2009-2011,"38,800-385,000","135,000-395,000"
Kia,XCeed,48,48,7,2019.0,2026.0,6001.0,30250.0,184000.0,1355000.0,1857499.5,2200000.0,0.1147,-0.6921,48,brand_model,theil_sen,arabam=48,48,0,True,False,NONE,0,48 gercek kayit var; sentetik veri gerekli degil..,True,,2019-2026,"6,001-184,000","1,355,000-2,200,000"
Ssangyong,Korando Sports,49,49,6,2012.0,2017.0,25000.0,219000.0,400000.0,435000.0,660000.0,1255000.0,0.2573,-0.5401,49,brand_model,theil_sen,arabam=49,49,0,True,False,NONE,0,49 gercek kayit var; sentetik veri gerekli degil..,True,,2012-2017,"25,000-400,000","435,000-1,255,000"
Volkswagen,ID.4,49,49,4,2022.0,2025.0,6001.0,18000.0,81000.0,1770000.0,1969000.0,2550000.0,0.0771,0.1575,49,brand_model,theil_sen,arabam=49,49,0,True,False,NONE,0,49 gercek kayit var; sentetik veri gerekli degil..,True,,2022-2025,"6,001-81,000","1,770,000-2,550,000"
Chery,Kimo,51,51,4,2009.0,2012.0,60250.0,137000.0,285500.0,153000.0,310000.0,450000.0,0.1793,-0.4152,51,brand_model,theil_sen,"arabam=30, kaggle=21",30,21,True,False,NONE,0,51 gercek kayit var; sentetik veri gerekli degil..,True,,2009-2012,"60,250-285,500","153,000-450,000"
Renault,Grand Scenic,51,51,7,2007.0,2013.0,117000.0,246350.0,450000.0,400000.0,660000.0,1090000.0,0.2255,-0.6625,51,brand_model,theil_sen,"arabam=47, kaggle=4",47,4,True,False,NONE,0,51 gercek kayit var; sentetik veri gerekli degil..,True,,2007-2013,"117,000-450,000","400,000-1,090,000"
Hyundai,Ioniq 6,53,52,4,2017.0,2025.0,6000.0,26618.0,122000.0,1120000.0,1977000.0,2250000.0,0.1029,-0.6937,52,brand_model,theil_sen,arabam=53,53,0,True,False,NONE,0,52 gercek kayit var; sentetik veri gerekli degil..,True,,2017-2025,"6,000-122,000","1,120,000-2,250,000"
Proton,415,52,52,3,1998.0,2000.0,78000.0,250000.0,495000.0,110000.0,182250.0,275000.0,0.2344,-0.1026,52,brand_model,theil_sen,"arabam=26, kaggle=26",26,26,True,False,NONE,0,52 gercek kayit var; sentetik veri gerekli degil..,True,,1998-2000,"78,000-495,000","110,000-275,000"
Lancia,Delta,53,53,5,2009.0,2013.0,119999.0,216000.0,320000.0,310000.0,580750.0,780000.0,0.1665,-0.4133,53,brand_model,theil_sen,"arabam=22, kaggle=31",22,31,True,False,NONE,0,53 gercek kayit var; sentetik veri gerekli degil..,True,,2009-2013,"119,999-320,000","310,000-780,000"
Alfa Romeo,Tonale,56,55,4,2022.0,2025.0,6005.0,50411.0,140000.0,1630000.0,1975000.0,2790000.0,0.1101,-0.6078,55,brand_model,theil_sen,arabam=56,56,0,True,False,NONE,0,55 gercek kayit var; sentetik veri gerekli degil..,True,,2022-2025,"6,005-140,000","1,630,000-2,790,000"
Mini,Countryman E,55,55,3,2024.0,2026.0,6001.0,20000.0,54000.0,2175000.0,2365950.0,2950000.0,0.0662,-0.6506,55,brand_model,theil_sen,arabam=55,55,0,True,False,NONE,0,55 gercek kayit var; sentetik veri gerekli degil..,True,,2024-2026,"6,001-54,000","2,175,000-2,950,000"
Mitsubishi,ASX,55,55,7,2011.0,2017.0,71000.0,192000.0,382000.0,600000.0,840000.0,1350000.0,0.2056,-0.7167,55,brand_model,theil_sen,arabam=55,55,0,True,False,NONE,0,55 gercek kayit var; sentetik veri gerekli degil..,True,,2011-2017,"71,000-382,000","600,000-1,350,000"
Volkswagen,Arteon,55,55,3,2017.0,2019.0,65000.0,173000.0,297000.0,1375000.0,1975000.0,2499999.0,0.1338,-0.2981,55,brand_model,theil_sen,"arabam=44, kaggle=11",44,11,True,False,NONE,0,55 gercek kayit var; sentetik veri gerekli degil..,True,,2017-2019,"65,000-297,000","1,375,000-2,499,999"
Chevrolet,Rezzo,58,58,5,2004.0,2008.0,113000.0,239500.0,505000.0,180000.0,310000.0,450000.0,0.1593,-0.1535,58,brand_model,theil_sen,"arabam=30, kaggle=28",30,28,True,False,NONE,0,58 gercek kayit var; sentetik veri gerekli degil..,True,,2004-2008,"113,000-505,000","180,000-450,000"
Citroen,C2,59,59,6,2004.0,2009.0,101000.0,248000.0,600000.0,199000.0,315000.0,450000.0,0.1958,-0.2564,59,brand_model,theil_sen,"arabam=42, kaggle=17",42,17,True,False,NONE,0,59 gercek kayit var; sentetik veri gerekli degil..,True,,2004-2009,"101,000-600,000","199,000-450,000"
BYD,Atto 3 EV,60,60,3,2023.0,2025.0,6000.0,20717.5,73000.0,1625000.0,1927500.0,2550000.0,0.0846,-0.6623,60,brand_model,theil_sen,arabam=60,60,0,True,False,NONE,0,60 gercek kayit var; sentetik veri gerekli degil..,True,,2023-2025,"6,000-73,000","1,625,000-2,550,000"
Opel,Corsa-e,60,60,4,2022.0,2025.0,6001.0,29750.0,85000.0,1040000.0,1294975.0,1665000.0,0.1029,-0.4268,60,brand_model,theil_sen,"arabam=49, kaggle=11",49,11,True,False,NONE,0,60 gercek kayit var; sentetik veri gerekli degil..,True,,2022-2025,"6,001-85,000","1,040,000-1,665,000"
Citroen,C1,64,64,9,2007.0,2015.0,22170.0,154000.0,497000.0,279000.0,477000.0,830000.0,0.2874,-0.7845,64,brand_model,theil_sen,"arabam=47, kaggle=17",47,17,True,False,NONE,0,64 gercek kayit var; sentetik veri gerekli degil..,True,,2007-2015,"22,170-497,000","279,000-830,000"
Mercedes - Benz,EQB,64,64,5,2022.0,2026.0,6001.0,21000.0,75000.0,2625000.0,3207500.0,4250000.0,0.1167,-0.6829,64,brand_model,theil_sen,arabam=64,64,0,True,False,NONE,0,64 gercek kayit var; sentetik veri gerekli degil..,True,,2022-2026,"6,001-75,000","2,625,000-4,250,000"
Ford,B-Max,66,66,5,2012.0,2016.0,39000.0,156750.0,262000.0,425000.0,722500.0,1055000.0,0.1781,-0.4812,66,brand_model,theil_sen,"arabam=55, kaggle=11",55,11,True,False,NONE,0,66 gercek kayit var; sentetik veri gerekli degil..,True,,2012-2016,"39,000-262,000","425,000-1,055,000"
Renault,Modus,68,68,4,2005.0,2009.0,52000.0,215500.0,437000.0,250000.0,399875.0,680000.0,0.2136,-0.4391,68,brand_model,theil_sen,"arabam=62, kaggle=6",62,6,True,False,NONE,0,68 gercek kayit var; sentetik veri gerekli degil..,True,,2005-2009,"52,000-437,000","250,000-680,000"
Volvo,V40 Cross Country,68,68,6,2013.0,2018.0,55000.0,178750.0,388000.0,730000.0,1117500.0,1600000.0,0.1926,-0.6733,68,brand_model,theil_sen,"arabam=41, kaggle=27",41,27,True,False,NONE,0,68 gercek kayit var; sentetik veri gerekli degil..,True,,2013-2018,"55,000-388,000","730,000-1,600,000"
Audi,Q3 Sportback,69,69,5,2021.0,2025.0,6001.0,58000.0,153000.0,2300000.0,3110000.0,4975000.0,0.1803,-0.8035,69,brand_model,theil_sen,arabam=69,69,0,True,False,NONE,0,69 gercek kayit var; sentetik veri gerekli degil..,True,,2021-2025,"6,001-153,000","2,300,000-4,975,000"
Fiat,500 X,72,70,6,2015.0,2023.0,33000.0,112250.0,259000.0,719000.0,1052500.0,1465000.0,0.1754,-0.7097,70,brand_model,theil_sen,arabam=72,72,0,True,False,NONE,0,70 gercek kayit var; sentetik veri gerekli degil..,True,,2015-2023,"33,000-259,000","719,000-1,465,000"
Mercedes - Benz,X,70,70,3,2017.0,2019.0,6001.0,110500.0,270000.0,1455000.0,2009500.0,3495000.0,0.1709,-0.3428,70,brand_model,theil_sen,arabam=70,70,0,True,False,NONE,0,70 gercek kayit var; sentetik veri gerekli degil..,True,,2017-2019,"6,001-270,000","1,455,000-3,495,000"
Renault,ZOE,70,70,5,2019.0,2023.0,22000.0,77500.0,235000.0,650000.0,1077500.0,1390000.0,0.1355,-0.7038,70,brand_model,theil_sen,arabam=70,70,0,True,False,NONE,0,70 gercek kayit var; sentetik veri gerekli degil..,True,,2019-2023,"22,000-235,000","650,000-1,390,000"
Fiat,Palio Van,72,72,6,2004.0,2009.0,41818.0,333222.5,631000.0,120000.0,179500.0,279000.0,0.1968,-0.1247,72,brand_model,theil_sen,arabam=72,72,0,True,False,NONE,0,72 gercek kayit var; sentetik veri gerekli degil..,True,,2004-2009,"41,818-631,000","120,000-279,000"
Skoda,Roomster,72,72,8,2007.0,2014.0,77000.0,230000.0,670000.0,300000.0,430000.0,850000.0,0.2215,-0.4158,72,brand_model,theil_sen,"arabam=39, kaggle=33",39,33,True,False,NONE,0,72 gercek kayit var; sentetik veri gerekli degil..,True,,2007-2014,"77,000-670,000","300,000-850,000"
BMW,iX1,75,75,4,2023.0,2026.0,6001.0,29000.0,82000.0,2450000.0,2900000.0,3750000.0,0.0959,-0.3127,75,brand_model,theil_sen,arabam=75,75,0,True,False,NONE,0,75 gercek kayit var; sentetik veri gerekli degil..,True,,2023-2026,"6,001-82,000","2,450,000-3,750,000"
Peugeot,107,75,75,7,2007.0,2013.0,50000.0,151000.0,290000.0,290000.0,477000.0,775000.0,0.2394,-0.7104,75,brand_model,theil_sen,"arabam=53, kaggle=22",53,22,True,False,NONE,0,75 gercek kayit var; sentetik veri gerekli degil..,True,,2007-2013,"50,000-290,000","290,000-775,000"
Chery,Tiggo,79,79,4,2008.0,2011.0,108000.0,221000.0,396500.0,250000.0,430000.0,680000.0,0.1773,-0.4081,79,brand_model,theil_sen,arabam=79,79,0,True,False,NONE,0,79 gercek kayit var; sentetik veri gerekli degil..,True,,2008-2011,"108,000-396,500","250,000-680,000"
Opel,Mokka X,79,79,4,2016.0,2019.0,29000.0,113000.0,261000.0,869000.0,1200000.0,1450000.0,0.0886,-0.1227,79,brand_model,theil_sen,arabam=79,79,0,True,False,NONE,0,79 gercek kayit var; sentetik veri gerekli degil..,True,,2016-2019,"29,000-261,000","869,000-1,450,000"
Audi,A1,85,85,8,2011.0,2018.0,77000.0,169000.0,314467.0,615000.0,885000.0,1295000.0,0.1711,-0.6506,85,brand_model,theil_sen,"arabam=65, kaggle=20",65,20,True,False,NONE,0,85 gercek kayit var; sentetik veri gerekli degil..,True,,2011-2018,"77,000-314,467","615,000-1,295,000"
Renault,Megane E-Tech,90,85,3,2023.0,2025.0,6001.0,45000.0,109000.0,1375000.0,1669500.0,1975000.0,0.074,-0.4624,85,brand_model,theil_sen,"arabam=84, kaggle=6",84,6,True,False,NONE,0,85 gercek kayit var; sentetik veri gerekli degil..,True,,2023-2025,"6,001-109,000","1,375,000-1,975,000"
DS Automobiles,DS 7 Crossback,94,90,8,2018.0,2025.0,12000.0,67000.0,199000.0,1498750.0,2337500.0,3300000.0,0.166,-0.7627,90,brand_model,theil_sen,arabam=94,94,0,True,False,NONE,0,90 gercek kayit var; sentetik veri gerekli degil..,True,,2018-2025,"12,000-199,000","1,498,750-3,300,000"
Renault,Express Van,91,91,5,2021.0,2025.0,290.0,58000.0,202000.0,425000.0,710000.0,1020000.0,0.1424,-0.573,91,brand_model,theil_sen,arabam=91,91,0,True,False,NONE,0,91 gercek kayit var; sentetik veri gerekli degil..,True,,2021-2025,"290-202,000","425,000-1,020,000"
Dacia,Jogger,95,93,4,2022.0,2025.0,6000.0,45000.0,320000.0,675000.0,1115000.0,1545000.0,0.1763,-0.7383,93,brand_model,theil_sen,"arabam=68, kaggle=27",68,27,True,False,NONE,0,93 gercek kayit var; sentetik veri gerekli degil..,True,,2022-2025,"6,000-320,000","675,000-1,545,000"
Opel,Crossland X,93,93,4,2017.0,2020.0,21000.0,82000.0,208000.0,699000.0,1195000.0,1500000.0,0.1226,-0.4025,93,brand_model,theil_sen,arabam=93,93,0,True,False,NONE,0,93 gercek kayit var; sentetik veri gerekli degil..,True,,2017-2020,"21,000-208,000","699,000-1,500,000"
Citroen,e-C4 X,95,94,4,2022.0,2025.0,6001.0,23500.0,118000.0,1200000.0,1507500.0,1890000.0,0.1092,-0.6149,94,brand_model,theil_sen,"arabam=79, kaggle=16",79,16,True,False,NONE,0,94 gercek kayit var; sentetik veri gerekli degil..,True,,2022-2025,"6,001-118,000","1,200,000-1,890,000"
Geely,Emgrand,100,99,5,2010.0,2014.0,75000.0,176000.0,330000.0,255000.0,375000.0,510000.0,0.1539,-0.1864,99,brand_model,theil_sen,"arabam=38, kaggle=62",38,62,True,False,NONE,0,99 gercek kayit var; sentetik veri gerekli degil..,True,,2010-2014,"75,000-330,000","255,000-510,000"
Ssangyong,Torres,102,102,4,2023.0,2026.0,6001.0,26750.0,90000.0,1665000.0,2122500.0,2600000.0,0.0822,-0.673,102,brand_model,theil_sen,arabam=102,102,0,True,False,NONE,0,102 gercek kayit var; sentetik veri gerekli degil..,True,,2023-2026,"6,001-90,000","1,665,000-2,600,000"
MG,ZS,103,103,4,2021.0,2024.0,6001.0,34151.0,99000.0,1050000.0,1379000.0,1580000.0,0.0724,-0.442,103,brand_model,theil_sen,arabam=103,103,0,True,False,NONE,0,103 gercek kayit var; sentetik veri gerekli degil..,True,,2021-2024,"6,001-99,000","1,050,000-1,580,000"
Hyundai,Matrix,106,105,6,2006.0,2011.0,10020.0,235000.0,403239.0,215000.0,410000.0,640000.0,0.2161,0.054,105,brand_model,theil_sen,"arabam=79, kaggle=27",79,27,True,False,NONE,0,105 gercek kayit var; sentetik veri gerekli degil..,True,,2006-2011,"10,020-403,239","215,000-640,000"
Opel,Grandland,229,110,4,2021.0,2024.0,9800.0,49080.5,148000.0,1295000.0,1717000.0,1850000.0,0.065,-0.3323,110,brand_model,theil_sen,arabam=229,229,0,True,False,NONE,0,110 gercek kayit var; sentetik veri gerekli degil..,True,,2021-2024,"9,800-148,000","1,295,000-1,850,000"
Citroen,AMİ,111,111,6,2021.0,2026.0,0.0,7800.0,36557.0,306500.0,405000.0,600000.0,0.1405,-0.6539,111,brand_model,theil_sen,"arabam=86, kaggle=25",86,25,True,False,NONE,0,111 gercek kayit var; sentetik veri gerekli degil..,True,,2021-2026,"0-36,557","306,500-600,000"
Chevrolet,Spark,112,112,9,2005.0,2026.0,0.0,152950.0,292000.0,199000.0,350000.0,550000.0,0.242,-0.658,112,brand_model,theil_sen,"arabam=64, kaggle=48",64,48,True,False,NONE,0,112 gercek kayit var; sentetik veri gerekli degil..,True,,2005-2026,"0-292,000","199,000-550,000"
Renault,Talisman,116,113,6,2016.0,2022.0,51500.0,194000.0,380000.0,850000.0,1265000.0,1867500.0,0.1714,-0.5919,113,brand_model,theil_sen,"arabam=101, kaggle=15",101,15,True,False,NONE,0,113 gercek kayit var; sentetik veri gerekli degil..,True,,2016-2022,"51,500-380,000","850,000-1,867,500"
Ford,EcoSport,115,115,5,2018.0,2022.0,6001.0,74000.0,245000.0,870000.0,1150001.0,1370000.0,0.0754,-0.1553,115,brand_model,theil_sen,arabam=115,115,0,True,False,NONE,0,115 gercek kayit var; sentetik veri gerekli degil..,True,,2018-2022,"6,001-245,000","870,000-1,370,000"
Renault,Duster,141,115,3,2024.0,2026.0,6000.0,22500.0,80180.0,1290000.0,1785000.0,1975000.0,0.0975,-0.1716,115,brand_model,theil_sen,arabam=141,141,0,True,False,NONE,0,115 gercek kayit var; sentetik veri gerekli degil..,True,,2024-2026,"6,000-80,180","1,290,000-1,975,000"
Skoda,Yeti,115,115,7,2010.0,2016.0,66500.0,180000.0,367000.0,550000.0,890000.0,1400000.0,0.1782,-0.501,115,brand_model,theil_sen,arabam=115,115,0,True,False,NONE,0,115 gercek kayit var; sentetik veri gerekli degil..,True,,2010-2016,"66,500-367,000","550,000-1,400,000"
Volvo,XC40,118,118,7,2018.0,2024.0,10000.0,79950.0,300000.0,1725000.0,2495000.0,3300000.0,0.1253,-0.5773,118,brand_model,theil_sen,arabam=118,118,0,True,False,NONE,0,118 gercek kayit var; sentetik veri gerekli degil..,True,,2018-2024,"10,000-300,000","1,725,000-3,300,000"
Cupra,Leon,122,122,3,2023.0,2025.0,6000.0,32500.0,107000.0,1725000.0,2067500.0,2675000.0,0.0944,-0.4753,122,brand_model,theil_sen,"arabam=81, kaggle=41",81,41,True,False,NONE,0,122 gercek kayit var; sentetik veri gerekli degil..,True,,2023-2025,"6,000-107,000","1,725,000-2,675,000"
Citroen,C4 Cactus,123,123,7,2014.0,2020.0,29050.0,147000.0,313000.0,585000.0,950000.0,1260000.0,0.1399,-0.4569,123,brand_model,theil_sen,arabam=123,123,0,True,False,NONE,0,123 gercek kayit var; sentetik veri gerekli degil..,True,,2014-2020,"29,050-313,000","585,000-1,260,000"
Renault,Express Combi,134,134,5,2021.0,2025.0,6000.0,66839.0,241000.0,635000.0,892500.0,1517500.0,0.1334,-0.5994,134,brand_model,theil_sen,arabam=134,134,0,True,False,NONE,0,134 gercek kayit var; sentetik veri gerekli degil..,True,,2021-2025,"6,000-241,000","635,000-1,517,500"
Toyota,Corolla Cross,192,135,4,2022.0,2025.0,6000.0,48000.0,180000.0,1650000.0,2225000.0,2595000.0,0.087,-0.3338,135,brand_model,theil_sen,arabam=192,192,0,True,False,NONE,0,135 gercek kayit var; sentetik veri gerekli degil..,True,,2022-2025,"6,000-180,000","1,650,000-2,595,000"
Jaecoo,J7,137,136,3,2024.0,2026.0,0.0,18500.0,130000.0,1799999.0,2127000.0,2550000.0,0.0753,-0.4822,136,brand_model,theil_sen,arabam=137,137,0,True,False,NONE,0,136 gercek kayit var; sentetik veri gerekli degil..,True,,2024-2026,"0-130,000","1,799,999-2,550,000"
Ssangyong,Musso Grand,144,144,8,2019.0,2026.0,6000.0,37500.0,213000.0,930000.0,1580000.0,2550000.0,0.1922,-0.7662,144,brand_model,theil_sen,arabam=144,144,0,True,False,NONE,0,144 gercek kayit var; sentetik veri gerekli degil..,True,,2019-2026,"6,000-213,000","930,000-2,550,000"
MG,HS,155,152,4,2022.0,2025.0,6001.0,43950.0,139000.0,1375000.0,1662500.0,2250000.0,0.0935,-0.5294,152,brand_model,theil_sen,arabam=155,155,0,True,False,NONE,0,152 gercek kayit var; sentetik veri gerekli degil..,True,,2022-2025,"6,001-139,000","1,375,000-2,250,000"
Hyundai,i20 Troy,170,170,4,2010.0,2013.0,56000.0,192400.0,475000.0,320000.0,527500.0,930000.0,0.2338,0.0525,170,brand_model,theil_sen,"arabam=135, kaggle=35",135,35,True,False,NONE,0,170 gercek kayit var; sentetik veri gerekli degil..,True,,2010-2013,"56,000-475,000","320,000-930,000"
Hyundai,Kona,188,188,8,2018.0,2025.0,6001.0,75886.5,291667.0,925000.0,1412500.0,2200000.0,0.1564,-0.6468,188,brand_model,theil_sen,arabam=188,188,0,True,False,NONE,0,188 gercek kayit var; sentetik veri gerekli degil..,True,,2018-2025,"6,001-291,667","925,000-2,200,000"
Opel,Grandland X,196,196,5,2017.0,2021.0,19000.0,103750.0,300000.0,1050000.0,1447000.0,1820000.0,0.1047,-0.2701,196,brand_model,theil_sen,arabam=196,196,0,True,False,NONE,0,196 gercek kayit var; sentetik veri gerekli degil..,True,,2017-2021,"19,000-300,000","1,050,000-1,820,000"
Seat,Ateca,235,197,9,2016.0,2024.0,11750.0,91000.0,288000.0,1120000.0,1785000.0,2150000.0,0.1121,-0.7516,197,brand_model,theil_sen,arabam=235,235,0,True,False,NONE,0,197 gercek kayit var; sentetik veri gerekli degil..,True,,2016-2024,"11,750-288,000","1,120,000-2,150,000"
Volkswagen,T-Cross,216,216,5,2022.0,2026.0,6000.0,31000.0,178000.0,950000.0,1610000.0,2050000.0,0.1154,-0.7147,216,brand_model,theil_sen,arabam=216,216,0,True,False,NONE,0,216 gercek kayit var; sentetik veri gerekli degil..,True,,2022-2026,"6,000-178,000","950,000-2,050,000"
Audi,Q2,226,226,11,2016.0,2026.0,6000.0,76000.0,260000.0,1300000.0,1950000.0,2999000.0,0.1651,-0.9183,226,brand_model,theil_sen,arabam=226,226,0,True,False,NONE,0,226 gercek kayit var; sentetik veri gerekli degil..,True,,2016-2026,"6,000-260,000","1,300,000-2,999,000"
Skoda,Karoq,230,229,9,2018.0,2026.0,6001.0,81000.0,265000.0,1245000.0,1990000.0,3200000.0,0.2021,-0.8705,229,brand_model,theil_sen,arabam=230,230,0,True,False,NONE,0,229 gercek kayit var; sentetik veri gerekli degil..,True,,2018-2026,"6,001-265,000","1,245,000-3,200,000"
Skoda,Kodiaq,267,230,9,2017.0,2025.0,8000.0,90000.0,321000.0,1235000.0,2347500.0,3400000.0,0.2264,-0.8953,230,brand_model,theil_sen,arabam=267,267,0,True,False,NONE,0,230 gercek kayit var; sentetik veri gerekli degil..,True,,2017-2025,"8,000-321,000","1,235,000-3,400,000"
Seat,Arona,240,240,10,2017.0,2026.0,0.0,50000.0,208000.0,897000.0,1420000.0,1840000.0,0.1087,-0.6515,240,brand_model,theil_sen,arabam=240,240,0,True,False,NONE,0,240 gercek kayit var; sentetik veri gerekli degil..,True,,2017-2026,"0-208,000","897,000-1,840,000"
Opel,Combo Life,255,254,8,2019.0,2026.0,0.0,47000.0,212500.0,629000.0,1220000.0,1800000.0,0.1609,-0.5453,254,brand_model,theil_sen,arabam=255,255,0,True,False,NONE,0,254 gercek kayit var; sentetik veri gerekli degil..,True,,2019-2026,"0-212,500","629,000-1,800,000"
Ford,Puma,271,270,7,2020.0,2026.0,6000.0,33250.0,190000.0,860000.0,1479950.0,2200000.0,0.1491,-0.667,270,brand_model,theil_sen,arabam=271,271,0,True,False,NONE,0,270 gercek kayit var; sentetik veri gerekli degil..,True,,2020-2026,"6,000-190,000","860,000-2,200,000"
Kia,Stonic,284,284,8,2018.0,2025.0,6001.0,49000.0,500500.0,825000.0,1350000.0,1850000.0,0.117,-0.5991,284,brand_model,theil_sen,arabam=284,284,0,True,False,NONE,0,284 gercek kayit var; sentetik veri gerekli degil..,True,,2018-2025,"6,001-500,500","825,000-1,850,000"
Skoda,Kamiq,287,287,7,2020.0,2026.0,6001.0,41000.0,195000.0,1190000.0,1660000.0,2350000.0,0.1198,-0.5641,287,brand_model,theil_sen,arabam=287,287,0,True,False,NONE,0,287 gercek kayit var; sentetik veri gerekli degil..,True,,2020-2026,"6,001-195,000","1,190,000-2,350,000"
Toyota,C-HR,299,295,11,2016.0,2026.0,0.0,79000.0,450000.0,1097500.0,1605000.0,2550000.0,0.214,-0.8873,295,brand_model,theil_sen,arabam=299,299,0,True,False,NONE,0,295 gercek kayit var; sentetik veri gerekli degil..,True,,2016-2026,"0-450,000","1,097,500-2,550,000"
Ford,Fusion,298,298,9,2003.0,2011.0,72000.0,236000.0,410000.0,270500.0,425000.0,695000.0,0.1799,-0.314,298,brand_model,theil_sen,"arabam=238, kaggle=60",238,60,True,False,NONE,0,298 gercek kayit var; sentetik veri gerekli degil..,True,,2003-2011,"72,000-410,000","270,500-695,000"
Jeep,Renegade,301,301,11,2014.0,2024.0,7000.0,108000.0,336000.0,800000.0,1350000.0,2190000.0,0.1665,-0.7286,301,brand_model,theil_sen,arabam=301,301,0,True,False,NONE,0,301 gercek kayit var; sentetik veri gerekli degil..,True,,2014-2024,"7,000-336,000","800,000-2,190,000"
Hyundai,ix35,302,302,6,2010.0,2015.0,21562.0,162500.0,410000.0,665000.0,1057500.0,1500000.0,0.1645,-0.576,302,brand_model,theil_sen,arabam=302,302,0,True,False,NONE,0,302 gercek kayit var; sentetik veri gerekli degil..,True,,2010-2015,"21,562-410,000","665,000-1,500,000"
Chery,Tiggo 7 Pro,314,314,3,2023.0,2025.0,6001.0,37000.0,177000.0,1125000.0,1679975.0,2050000.0,0.0589,-0.2575,314,brand_model,theil_sen,arabam=314,314,0,True,False,NONE,0,314 gercek kayit var; sentetik veri gerekli degil..,True,,2023-2025,"6,001-177,000","1,125,000-2,050,000"
Renault,Kadjar,333,333,8,2015.0,2022.0,6972.0,149000.0,350000.0,699999.0,1320000.0,1860000.0,0.1546,-0.497,333,brand_model,theil_sen,arabam=333,333,0,True,False,NONE,0,333 gercek kayit var; sentetik veri gerekli degil..,True,,2015-2022,"6,972-350,000","699,999-1,860,000"
Tesla,Model Y,341,340,5,2022.0,2026.0,6000.0,24000.0,144100.0,1700000.0,2324875.0,3995000.0,0.1881,-0.2982,340,brand_model,theil_sen,"arabam=166, kaggle=175",166,175,True,False,NONE,0,340 gercek kayit var; sentetik veri gerekli degil..,True,,2022-2026,"6,000-144,100","1,700,000-3,995,000"
Citroen,C3 Aircross,345,345,10,2017.0,2026.0,99.0,48900.0,365000.0,699937.0,1335000.0,1875000.0,0.1427,-0.753,345,brand_model,theil_sen,arabam=345,345,0,True,False,NONE,0,345 gercek kayit var; sentetik veri gerekli degil..,True,,2017-2026,"99-365,000","699,937-1,875,000"
Opel,Crossland,371,370,5,2020.0,2024.0,6000.0,49400.0,185000.0,907000.0,1270000.0,1700000.0,0.0921,-0.3755,370,brand_model,theil_sen,arabam=371,371,0,True,False,NONE,0,370 gercek kayit var; sentetik veri gerekli degil..,True,,2020-2024,"6,000-185,000","907,000-1,700,000"
Cupra,Formentor,389,386,6,2021.0,2026.0,6000.0,30000.0,140000.0,1799000.0,2402500.0,3420000.0,0.1026,-0.5276,386,brand_model,theil_sen,arabam=389,389,0,True,False,NONE,0,386 gercek kayit var; sentetik veri gerekli degil..,True,,2021-2026,"6,000-140,000","1,799,000-3,420,000"
Peugeot,408,406,393,4,2023.0,2026.0,6001.0,30000.0,132000.0,1430000.0,1869500.0,2359000.0,0.0922,-0.3634,393,brand_model,theil_sen,arabam=406,406,0,True,False,NONE,0,393 gercek kayit var; sentetik veri gerekli degil..,True,,2023-2026,"6,001-132,000","1,430,000-2,359,000"
Citroen,C5 Aircross,507,405,7,2019.0,2025.0,6900.0,78500.0,215000.0,1155000.0,1780000.0,2150000.0,0.114,-0.7754,405,brand_model,theil_sen,arabam=507,507,0,True,False,NONE,0,405 gercek kayit var; sentetik veri gerekli degil..,True,,2019-2025,"6,900-215,000","1,155,000-2,150,000"
Dacia,Sandero Stepway,418,416,6,2020.0,2025.0,6000.0,25750.0,197000.0,850000.0,1282500.0,1547000.0,0.1091,-0.734,416,brand_model,theil_sen,arabam=418,418,0,True,False,NONE,0,416 gercek kayit var; sentetik veri gerekli degil..,True,,2020-2025,"6,000-197,000","850,000-1,547,000"
Skoda,Scala,448,448,7,2020.0,2026.0,6001.0,104850.0,1000000.0,825000.0,1239750.0,2250000.0,0.1798,-0.5227,448,brand_model,theil_sen,"arabam=319, kaggle=129",319,129,True,False,NONE,0,448 gercek kayit var; sentetik veri gerekli degil..,True,,2020-2026,"6,001-1,000,000","825,000-2,250,000"
Volkswagen,Taigo,473,473,5,2022.0,2026.0,6000.0,24500.0,218000.0,1289000.0,1675000.0,2250000.0,0.0886,-0.4937,473,brand_model,theil_sen,arabam=473,473,0,True,False,NONE,0,473 gercek kayit var; sentetik veri gerekli degil..,True,,2022-2026,"6,000-218,000","1,289,000-2,250,000"
Citroen,C4 X,491,491,5,2022.0,2026.0,6000.0,29820.0,140000.0,899750.0,1495000.0,2050000.0,0.1061,-0.5873,491,brand_model,theil_sen,"arabam=360, kaggle=131",360,131,True,False,NONE,0,491 gercek kayit var; sentetik veri gerekli degil..,True,,2022-2026,"6,000-140,000","899,750-2,050,000"
Chevrolet,Lacetti,496,496,8,2004.0,2011.0,16500.0,225000.0,610000.0,210000.0,353000.0,615000.0,0.1893,-0.4007,496,brand_model,theil_sen,"arabam=230, kaggle=266",230,266,True,False,NONE,0,496 gercek kayit var; sentetik veri gerekli degil..,True,,2004-2011,"16,500-610,000","210,000-615,000"
Chevrolet,Kalos,501,501,3,2004.0,2006.0,32580.0,217000.0,500000.0,189000.0,300000.0,540000.0,0.1769,-0.1012,501,brand_model,theil_sen,"arabam=242, kaggle=259",242,259,True,False,NONE,0,501 gercek kayit var; sentetik veri gerekli degil..,True,,2004-2006,"32,580-500,000","189,000-540,000"
TOGG,T10X,518,515,4,2023.0,2026.0,6000.0,34267.0,170000.0,1350000.0,2050000.0,2850000.0,0.1221,-0.5778,515,brand_model,theil_sen,arabam=518,518,0,True,False,NONE,0,515 gercek kayit var; sentetik veri gerekli degil..,True,,2023-2026,"6,000-170,000","1,350,000-2,850,000"
Hyundai,Bayon,540,540,6,2021.0,2026.0,6000.0,36000.0,216000.0,849000.0,1435000.0,1785000.0,0.0976,-0.5198,540,brand_model,theil_sen,arabam=540,540,0,True,False,NONE,0,540 gercek kayit var; sentetik veri gerekli degil..,True,,2021-2026,"6,000-216,000","849,000-1,785,000"
Chevrolet,Captiva,545,545,7,2007.0,2013.0,58000.0,234000.0,409000.0,485000.0,765900.0,1275000.0,0.1983,-0.6326,545,brand_model,theil_sen,arabam=545,545,0,True,False,NONE,0,545 gercek kayit var; sentetik veri gerekli degil..,True,,2007-2013,"58,000-409,000","485,000-1,275,000"
Opel,Mokka,620,612,12,2012.0,2026.0,6001.0,63000.0,345000.0,650000.0,1440000.0,1850000.0,0.2082,-0.909,612,brand_model,theil_sen,arabam=620,620,0,True,False,NONE,0,612 gercek kayit var; sentetik veri gerekli degil..,True,,2012-2026,"6,001-345,000","650,000-1,850,000"
Volkswagen,T-Roc,695,694,8,2019.0,2026.0,6000.0,52000.0,228000.0,1359000.0,1895000.0,2950000.0,0.1354,-0.6403,694,brand_model,theil_sen,arabam=695,695,0,True,False,NONE,0,694 gercek kayit var; sentetik veri gerekli degil..,True,,2019-2026,"6,000-228,000","1,359,000-2,950,000"
Peugeot,Rifter,882,881,8,2019.0,2026.0,0.0,41700.0,298000.0,728999.0,1397000.0,1989000.0,0.1601,-0.809,881,brand_model,theil_sen,arabam=882,882,0,True,False,NONE,0,881 gercek kayit var; sentetik veri gerekli degil..,True,,2019-2026,"0-298,000","728,999-1,989,000"
Fiat,Egea Cross,1425,1289,5,2021.0,2025.0,6000.0,51000.0,277500.0,725000.0,1100000.0,1485000.0,0.1351,-0.4801,1289,brand_model,theil_sen,arabam=1425,1425,0,True,False,NONE,0,1289 gercek kayit var; sentetik veri gerekli degil..,True,,2021-2025,"6,000-277,500","725,000-1,485,000"
